-- --------------------------------------------------------
-- Host:                         127.0.0.1
-- Server version:               10.4.11-MariaDB - mariadb.org binary distribution
-- Server OS:                    Win64
-- HeidiSQL Version:             11.0.0.5919
-- --------------------------------------------------------

/*!40101 SET @OLD_CHARACTER_SET_CLIENT=@@CHARACTER_SET_CLIENT */;
/*!40101 SET NAMES utf8 */;
/*!50503 SET NAMES utf8mb4 */;
/*!40014 SET @OLD_FOREIGN_KEY_CHECKS=@@FOREIGN_KEY_CHECKS, FOREIGN_KEY_CHECKS=0 */;
/*!40101 SET @OLD_SQL_MODE=@@SQL_MODE, SQL_MODE='NO_AUTO_VALUE_ON_ZERO' */;


-- Dumping database structure for project
CREATE DATABASE IF NOT EXISTS `project` /*!40100 DEFAULT CHARACTER SET utf8mb4 */;
USE `project`;

-- Dumping structure for table project.addon_account
CREATE TABLE IF NOT EXISTS `addon_account` (
  `name` varchar(60) COLLATE utf8mb4_bin NOT NULL,
  `label` varchar(100) COLLATE utf8mb4_bin NOT NULL,
  `shared` int(11) NOT NULL,
  PRIMARY KEY (`name`)
) ENGINE=InnoDB DEFAULT CHARSET=utf8mb4 COLLATE=utf8mb4_bin;

-- Dumping data for table project.addon_account: ~1 rows (approximately)
/*!40000 ALTER TABLE `addon_account` DISABLE KEYS */;
INSERT INTO `addon_account` (`name`, `label`, `shared`) VALUES
	('society_cardealer', 'Concessionnaire', 1),
	('vault_black_money', 'Money Vault', 0);
/*!40000 ALTER TABLE `addon_account` ENABLE KEYS */;

-- Dumping structure for table project.addon_account_data
CREATE TABLE IF NOT EXISTS `addon_account_data` (
  `id` int(11) NOT NULL AUTO_INCREMENT,
  `account_name` varchar(100) COLLATE utf8mb4_bin DEFAULT NULL,
  `money` int(11) NOT NULL,
  `owner` varchar(100) COLLATE utf8mb4_bin DEFAULT NULL,
  PRIMARY KEY (`id`),
  UNIQUE KEY `index_addon_account_data_account_name_owner` (`account_name`,`owner`),
  KEY `index_addon_account_data_account_name` (`account_name`)
) ENGINE=InnoDB AUTO_INCREMENT=12 DEFAULT CHARSET=utf8mb4 COLLATE=utf8mb4_bin;

-- Dumping data for table project.addon_account_data: ~9 rows (approximately)
/*!40000 ALTER TABLE `addon_account_data` DISABLE KEYS */;
INSERT INTO `addon_account_data` (`id`, `account_name`, `money`, `owner`) VALUES
	(1, 'vault_black_money', 0, 'steam:1100001158ffdf5'),
	(2, 'vault_black_money', 0, 'steam:110000108968cbd'),
	(3, 'vault_black_money', 0, 'steam:1100001001b785f'),
	(4, 'vault_black_money', 0, 'steam:1100001189e4968'),
	(5, 'vault_black_money', 0, 'steam:11000010762a07e'),
	(6, 'vault_black_money', 0, 'steam:110000134b2c954'),
	(7, 'vault_black_money', 0, 'steam:110000131e1dcdb'),
	(8, 'vault_black_money', 0, 'steam:11000014149b4eb'),
	(9, 'vault_black_money', 0, 'steam:11000014371d5b4'),
	(10, 'society_cardealer', 0, NULL),
	(11, 'vault_black_money', 0, 'steam:110000134976b2b');
/*!40000 ALTER TABLE `addon_account_data` ENABLE KEYS */;

-- Dumping structure for table project.addon_inventory
CREATE TABLE IF NOT EXISTS `addon_inventory` (
  `name` varchar(60) COLLATE utf8mb4_bin NOT NULL,
  `label` varchar(100) COLLATE utf8mb4_bin NOT NULL,
  `shared` int(11) NOT NULL,
  PRIMARY KEY (`name`)
) ENGINE=InnoDB DEFAULT CHARSET=utf8mb4 COLLATE=utf8mb4_bin;

-- Dumping data for table project.addon_inventory: ~1 rows (approximately)
/*!40000 ALTER TABLE `addon_inventory` DISABLE KEYS */;
INSERT INTO `addon_inventory` (`name`, `label`, `shared`) VALUES
	('society_cardealer', 'Concesionnaire', 1),
	('vault', 'Vault', 0);
/*!40000 ALTER TABLE `addon_inventory` ENABLE KEYS */;

-- Dumping structure for table project.addon_inventory_items
CREATE TABLE IF NOT EXISTS `addon_inventory_items` (
  `id` int(11) NOT NULL AUTO_INCREMENT,
  `inventory_name` varchar(100) COLLATE utf8mb4_bin NOT NULL,
  `name` varchar(100) COLLATE utf8mb4_bin NOT NULL,
  `count` int(11) NOT NULL,
  `owner` varchar(60) COLLATE utf8mb4_bin DEFAULT NULL,
  PRIMARY KEY (`id`),
  KEY `index_addon_inventory_items_inventory_name_name` (`inventory_name`,`name`),
  KEY `index_addon_inventory_items_inventory_name_name_owner` (`inventory_name`,`name`,`owner`),
  KEY `index_addon_inventory_inventory_name` (`inventory_name`)
) ENGINE=InnoDB AUTO_INCREMENT=5 DEFAULT CHARSET=utf8mb4 COLLATE=utf8mb4_bin;

-- Dumping data for table project.addon_inventory_items: ~4 rows (approximately)
/*!40000 ALTER TABLE `addon_inventory_items` DISABLE KEYS */;
INSERT INTO `addon_inventory_items` (`id`, `inventory_name`, `name`, `count`, `owner`) VALUES
	(1, 'vault', 'zr380', 1, 'steam:110000108968cbd'),
	(2, 'vault', 'impaler4', 1, 'steam:110000108968cbd'),
	(3, 'vault', 'cerberus3', 1, 'steam:110000108968cbd'),
	(4, 'vault', 'monster5', 0, 'steam:110000108968cbd');
/*!40000 ALTER TABLE `addon_inventory_items` ENABLE KEYS */;

-- Dumping structure for table project.cardealer_vehicles
CREATE TABLE IF NOT EXISTS `cardealer_vehicles` (
  `id` int(11) NOT NULL AUTO_INCREMENT,
  `vehicle` varchar(255) NOT NULL,
  `price` int(11) NOT NULL,
  PRIMARY KEY (`id`)
) ENGINE=InnoDB DEFAULT CHARSET=utf8mb4;

-- Dumping data for table project.cardealer_vehicles: ~0 rows (approximately)
/*!40000 ALTER TABLE `cardealer_vehicles` DISABLE KEYS */;
/*!40000 ALTER TABLE `cardealer_vehicles` ENABLE KEYS */;

-- Dumping structure for table project.characters
CREATE TABLE IF NOT EXISTS `characters` (
  `id` int(11) NOT NULL AUTO_INCREMENT,
  `identifier` varchar(255) NOT NULL,
  `firstname` varchar(255) NOT NULL,
  `lastname` varchar(255) NOT NULL,
  `dateofbirth` varchar(255) NOT NULL,
  `sex` varchar(1) NOT NULL DEFAULT 'M',
  `height` varchar(128) NOT NULL,
  PRIMARY KEY (`id`)
) ENGINE=InnoDB AUTO_INCREMENT=10 DEFAULT CHARSET=utf8mb4;

-- Dumping data for table project.characters: ~4 rows (approximately)
/*!40000 ALTER TABLE `characters` DISABLE KEYS */;
INSERT INTO `characters` (`id`, `identifier`, `firstname`, `lastname`, `dateofbirth`, `sex`, `height`) VALUES
	(1, 'steam:11000014371d5b4', 'Wolfman', 'YT', '2002-09-30', 'm', '200'),
	(3, 'steam:11000014149b4eb', 'Appu ', 'Kuttan', '2000-06-08', 'm', '140'),
	(4, 'steam:110000131e1dcdb', 'Smoke', 'Slickz', '1234-12-13', 'm', '199'),
	(8, 'steam:110000134b2c954', 'Vincent', 'Gomez', '1999-06-28', 'm', '200'),
	(9, 'steam:110000134976b2b', 'Shambhu', 'Annan', '1996-01-09', 'm', '179');
/*!40000 ALTER TABLE `characters` ENABLE KEYS */;

-- Dumping structure for table project.crafting_formulas
CREATE TABLE IF NOT EXISTS `crafting_formulas` (
  `id` int(11) NOT NULL AUTO_INCREMENT,
  `category` varchar(50) NOT NULL DEFAULT '0',
  `formula` varchar(50) NOT NULL DEFAULT '0',
  `materials` longtext NOT NULL DEFAULT '0',
  `product` varchar(50) NOT NULL DEFAULT '0',
  `amount` int(11) DEFAULT 1,
  `time` int(11) NOT NULL DEFAULT 0,
  `reqzone` varchar(50) DEFAULT 'false',
  `type` varchar(50) DEFAULT NULL,
  `reqjob` varchar(50) DEFAULT 'false',
  PRIMARY KEY (`id`)
) ENGINE=InnoDB AUTO_INCREMENT=7 DEFAULT CHARSET=utf8mb4;

-- Dumping data for table project.crafting_formulas: ~6 rows (approximately)
/*!40000 ALTER TABLE `crafting_formulas` DISABLE KEYS */;
INSERT INTO `crafting_formulas` (`id`, `category`, `formula`, `materials`, `product`, `amount`, `time`, `reqzone`, `type`, `reqjob`) VALUES
	(1, 'Food', 'false', '[{"name":"meat","amount":1}]', 'steak', 1, 5, 'true', 'item', 'false'),
	(2, 'Other', 'false', '[{"name":"wood","amount":5}]', 'campfire', 1, 5, 'false', 'item', 'false'),
	(3, 'medical', 'false', '[{"name":"cloth","amount":5},{"name":"alcohol", "amount":5}]', 'syringe', 1, 3, 'false', 'item', 'false'),
	(4, 'medical', 'false', '[{"name":"cloth","amount":7},{"name":"alcohol", "amount":7}]', 'bandage', 1, 6, 'false', 'item', 'false'),
	(5, 'medical', 'false', '[{"name":"cloth","amount":50},{"name":"alcohol", "amount":50}]', 'medikit', 1, 13, 'false', 'item', 'false'),
	(6, 'mechanic', 'false', '[{"name":"scrap","amount":60}]', 'toolbox', 1, 6, 'false', 'item', 'false');
/*!40000 ALTER TABLE `crafting_formulas` ENABLE KEYS */;

-- Dumping structure for table project.crafting_formulas_players
CREATE TABLE IF NOT EXISTS `crafting_formulas_players` (
  `identifier` varchar(50) NOT NULL,
  `formulas` longtext NOT NULL DEFAULT '[]',
  PRIMARY KEY (`identifier`),
  KEY `identifier` (`identifier`)
) ENGINE=InnoDB DEFAULT CHARSET=utf8mb4;

-- Dumping data for table project.crafting_formulas_players: ~0 rows (approximately)
/*!40000 ALTER TABLE `crafting_formulas_players` DISABLE KEYS */;
/*!40000 ALTER TABLE `crafting_formulas_players` ENABLE KEYS */;

-- Dumping structure for table project.crafting_zones
CREATE TABLE IF NOT EXISTS `crafting_zones` (
  `id` int(11) NOT NULL AUTO_INCREMENT,
  `categorys` longtext NOT NULL DEFAULT '[]',
  `coords` longtext NOT NULL DEFAULT '[]',
  `objects` longtext DEFAULT '[]',
  PRIMARY KEY (`id`)
) ENGINE=InnoDB AUTO_INCREMENT=15 DEFAULT CHARSET=utf8mb4;

-- Dumping data for table project.crafting_zones: ~14 rows (approximately)
/*!40000 ALTER TABLE `crafting_zones` DISABLE KEYS */;
INSERT INTO `crafting_zones` (`id`, `categorys`, `coords`, `objects`) VALUES
	(1, '["Food"]', '{}', '{"prop_beach_fire","prop_bbq_1"}'),
	(2, '["misc"]', '{}', '{"prop_beach_fire","prop_bbq_1"}'),
	(3, '["crate"]', '{}', '{"prop_beach_fire","prop_bbq_1"}'),
	(4, '["medical"]', '{}', '{"prop_beach_fire","prop_bbq_1"}'),
	(5, '["mechanic"]', '{}', '{"prop_beach_fire","prop_bbq_1"}'),
	(6, '["pistol"]', '{}', '{"prop_beach_fire","prop_bbq_1"}'),
	(7, '["smg"]', '{}', '{"prop_beach_fire","prop_bbq_1"}'),
	(8, '["shotgun"]', '{}', '{"prop_beach_fire","prop_bbq_1"}'),
	(9, '["rifle"]', '{}', '{"prop_beach_fire","prop_bbq_1"}'),
	(10, '["mg"]', '{}', '{"prop_beach_fire","prop_bbq_1"}'),
	(11, '["sniper"]', '{}', '{"prop_beach_fire","prop_bbq_1"}'),
	(12, '["heavy"]', '{}', '{"prop_beach_fire","prop_bbq_1"}'),
	(13, '["ammo"]', '{}', '{"prop_beach_fire","prop_bbq_1"}'),
	(14, '["throwables"]', '{}', '{"prop_beach_fire","prop_bbq_1"}');
/*!40000 ALTER TABLE `crafting_zones` ENABLE KEYS */;

-- Dumping structure for table project.crew
CREATE TABLE IF NOT EXISTS `crew` (
  `id` int(11) NOT NULL AUTO_INCREMENT,
  `name` varchar(100) DEFAULT NULL,
  `identifier` varchar(100) DEFAULT NULL,
  `grade` varchar(50) DEFAULT NULL,
  PRIMARY KEY (`id`)
) ENGINE=InnoDB AUTO_INCREMENT=6 DEFAULT CHARSET=utf8mb4;

-- Dumping data for table project.crew: ~4 rows (approximately)
/*!40000 ALTER TABLE `crew` DISABLE KEYS */;
INSERT INTO `crew` (`id`, `name`, `identifier`, `grade`) VALUES
	(1, 'smoke', 'steam:110000134b2c954', 'owner'),
	(2, 'smoke', 'steam:110000131e1dcdb', 'user'),
	(4, 'smoke', 'steam:11000014371d5b4', 'user'),
	(5, 'smoke', 'steam:11000014149b4eb', 'user');
/*!40000 ALTER TABLE `crew` ENABLE KEYS */;

-- Dumping structure for table project.crew_phone_bank
CREATE TABLE IF NOT EXISTS `crew_phone_bank` (
  `id` int(11) NOT NULL AUTO_INCREMENT,
  `type` int(11) NOT NULL DEFAULT 1,
  `identifier` varchar(50) NOT NULL,
  `name` varchar(50) NOT NULL,
  `price` int(11) NOT NULL,
  `time` timestamp NOT NULL DEFAULT current_timestamp(),
  PRIMARY KEY (`id`)
) ENGINE=InnoDB AUTO_INCREMENT=25 DEFAULT CHARSET=utf8mb4;

-- Dumping data for table project.crew_phone_bank: ~0 rows (approximately)
/*!40000 ALTER TABLE `crew_phone_bank` DISABLE KEYS */;
/*!40000 ALTER TABLE `crew_phone_bank` ENABLE KEYS */;

-- Dumping structure for table project.crew_phone_news
CREATE TABLE IF NOT EXISTS `crew_phone_news` (
  `id` int(11) NOT NULL AUTO_INCREMENT,
  `data` longtext DEFAULT NULL,
  PRIMARY KEY (`id`)
) ENGINE=InnoDB AUTO_INCREMENT=11 DEFAULT CHARSET=utf8;

-- Dumping data for table project.crew_phone_news: ~0 rows (approximately)
/*!40000 ALTER TABLE `crew_phone_news` DISABLE KEYS */;
/*!40000 ALTER TABLE `crew_phone_news` ENABLE KEYS */;

-- Dumping structure for table project.daily_free
CREATE TABLE IF NOT EXISTS `daily_free` (
  `id` int(11) NOT NULL AUTO_INCREMENT,
  `identifier` varchar(60) NOT NULL,
  `next_collect` int(15) NOT NULL,
  `times_collected` int(11) NOT NULL,
  PRIMARY KEY (`id`)
) ENGINE=InnoDB AUTO_INCREMENT=3 DEFAULT CHARSET=utf8mb4;

-- Dumping data for table project.daily_free: ~1 rows (approximately)
/*!40000 ALTER TABLE `daily_free` DISABLE KEYS */;
INSERT INTO `daily_free` (`id`, `identifier`, `next_collect`, `times_collected`) VALUES
	(1, 'steam:110000134b2c954', 1629503533, 2),
	(2, 'steam:11000014149b4eb', 1630377390, 1);
/*!40000 ALTER TABLE `daily_free` ENABLE KEYS */;

-- Dumping structure for table project.datastore
CREATE TABLE IF NOT EXISTS `datastore` (
  `name` varchar(60) COLLATE utf8mb4_bin NOT NULL,
  `label` varchar(100) COLLATE utf8mb4_bin NOT NULL,
  `shared` int(11) NOT NULL,
  PRIMARY KEY (`name`)
) ENGINE=InnoDB DEFAULT CHARSET=utf8mb4 COLLATE=utf8mb4_bin;

-- Dumping data for table project.datastore: ~5 rows (approximately)
/*!40000 ALTER TABLE `datastore` DISABLE KEYS */;
INSERT INTO `datastore` (`name`, `label`, `shared`) VALUES
	('user_ears', 'Ears', 0),
	('user_glasses', 'Glasses', 0),
	('user_helmet', 'Helmet', 0),
	('user_mask', 'Mask', 0),
	('vault', 'Vault', 0);
/*!40000 ALTER TABLE `datastore` ENABLE KEYS */;

-- Dumping structure for table project.datastore_data
CREATE TABLE IF NOT EXISTS `datastore_data` (
  `id` int(11) NOT NULL AUTO_INCREMENT,
  `name` varchar(60) COLLATE utf8mb4_bin NOT NULL,
  `owner` varchar(60) COLLATE utf8mb4_bin DEFAULT NULL,
  `data` longtext COLLATE utf8mb4_bin DEFAULT NULL,
  PRIMARY KEY (`id`),
  UNIQUE KEY `index_datastore_data_name_owner` (`name`,`owner`),
  KEY `index_datastore_data_name` (`name`)
) ENGINE=InnoDB AUTO_INCREMENT=51 DEFAULT CHARSET=utf8mb4 COLLATE=utf8mb4_bin;

-- Dumping data for table project.datastore_data: ~45 rows (approximately)
/*!40000 ALTER TABLE `datastore_data` DISABLE KEYS */;
INSERT INTO `datastore_data` (`id`, `name`, `owner`, `data`) VALUES
	(1, 'user_ears', 'steam:1100001158ffdf5', '{}'),
	(2, 'vault', 'steam:1100001158ffdf5', '{}'),
	(3, 'user_mask', 'steam:1100001158ffdf5', '{}'),
	(4, 'user_helmet', 'steam:1100001158ffdf5', '{}'),
	(5, 'user_glasses', 'steam:1100001158ffdf5', '{}'),
	(6, 'user_ears', 'steam:110000108968cbd', '{}'),
	(7, 'user_glasses', 'steam:110000108968cbd', '{}'),
	(8, 'user_helmet', 'steam:110000108968cbd', '{}'),
	(9, 'vault', 'steam:110000108968cbd', '{}'),
	(10, 'user_mask', 'steam:110000108968cbd', '{"skin":{"mask_2":0,"mask_1":2},"hasMask":true}'),
	(11, 'user_ears', 'steam:1100001001b785f', '{}'),
	(12, 'user_glasses', 'steam:1100001001b785f', '{}'),
	(13, 'user_helmet', 'steam:1100001001b785f', '{}'),
	(14, 'user_mask', 'steam:1100001001b785f', '{}'),
	(15, 'vault', 'steam:1100001001b785f', '{}'),
	(16, 'user_ears', 'steam:1100001189e4968', '{}'),
	(17, 'user_glasses', 'steam:1100001189e4968', '{}'),
	(18, 'user_mask', 'steam:1100001189e4968', '{}'),
	(19, 'user_helmet', 'steam:1100001189e4968', '{}'),
	(20, 'vault', 'steam:1100001189e4968', '{}'),
	(21, 'user_ears', 'steam:11000010762a07e', '{}'),
	(22, 'user_glasses', 'steam:11000010762a07e', '{}'),
	(23, 'user_helmet', 'steam:11000010762a07e', '{}'),
	(24, 'user_mask', 'steam:11000010762a07e', '{}'),
	(25, 'vault', 'steam:11000010762a07e', '{}'),
	(26, 'user_ears', 'steam:110000134b2c954', '{}'),
	(27, 'user_glasses', 'steam:110000134b2c954', '{}'),
	(28, 'user_helmet', 'steam:110000134b2c954', '{}'),
	(29, 'vault', 'steam:110000134b2c954', '{"weapons":[]}'),
	(30, 'user_mask', 'steam:110000134b2c954', '{}'),
	(31, 'user_ears', 'steam:110000131e1dcdb', '{}'),
	(32, 'user_glasses', 'steam:110000131e1dcdb', '{}'),
	(33, 'vault', 'steam:110000131e1dcdb', '{}'),
	(34, 'user_helmet', 'steam:110000131e1dcdb', '{}'),
	(35, 'user_mask', 'steam:110000131e1dcdb', '{}'),
	(36, 'user_ears', 'steam:11000014149b4eb', '{}'),
	(37, 'user_glasses', 'steam:11000014149b4eb', '{}'),
	(38, 'user_helmet', 'steam:11000014149b4eb', '{}'),
	(39, 'user_mask', 'steam:11000014149b4eb', '{}'),
	(40, 'vault', 'steam:11000014149b4eb', '{}'),
	(41, 'user_ears', 'steam:11000014371d5b4', '{}'),
	(42, 'user_glasses', 'steam:11000014371d5b4', '{}'),
	(43, 'user_helmet', 'steam:11000014371d5b4', '{}'),
	(44, 'vault', 'steam:11000014371d5b4', '{}'),
	(45, 'user_mask', 'steam:11000014371d5b4', '{}'),
	(46, 'user_ears', 'steam:110000134976b2b', '{}'),
	(47, 'user_helmet', 'steam:110000134976b2b', '{}'),
	(48, 'user_glasses', 'steam:110000134976b2b', '{}'),
	(49, 'user_mask', 'steam:110000134976b2b', '{}'),
	(50, 'vault', 'steam:110000134976b2b', '{}');
/*!40000 ALTER TABLE `datastore_data` ENABLE KEYS */;

-- Dumping structure for table project.disc_ammo
CREATE TABLE IF NOT EXISTS `disc_ammo` (
  `id` bigint(20) unsigned NOT NULL AUTO_INCREMENT,
  `owner` text NOT NULL,
  `hash` text NOT NULL,
  `count` int(11) NOT NULL DEFAULT 0,
  `attach` text NOT NULL DEFAULT '[]',
  PRIMARY KEY (`id`),
  UNIQUE KEY `id` (`id`)
) ENGINE=InnoDB AUTO_INCREMENT=9 DEFAULT CHARSET=utf8mb4;

-- Dumping data for table project.disc_ammo: ~8 rows (approximately)
/*!40000 ALTER TABLE `disc_ammo` DISABLE KEYS */;
INSERT INTO `disc_ammo` (`id`, `owner`, `hash`, `count`, `attach`) VALUES
	(1, 'steam:110000134b2c954', '584646201', 0, '[]'),
	(2, 'steam:110000134b2c954', '-679268471', 0, '[]'),
	(3, 'steam:110000134b2c954', '453432689', 0, '[]'),
	(4, 'steam:110000134b2c954', '615608432', 0, '[]'),
	(5, 'steam:110000134b2c954', '-1660422300', 0, '[]'),
	(6, 'steam:110000134b2c954', '-2084633992', 0, '["scope"]'),
	(7, 'steam:110000134b2c954', '-1511317464', 0, '[]'),
	(8, 'steam:110000134b2c954', '2132975508', 0, '[]');
/*!40000 ALTER TABLE `disc_ammo` ENABLE KEYS */;

-- Dumping structure for table project.disc_inventory
CREATE TABLE IF NOT EXISTS `disc_inventory` (
  `id` int(11) NOT NULL AUTO_INCREMENT,
  `owner` text NOT NULL,
  `type` text DEFAULT NULL,
  `data` longtext NOT NULL,
  PRIMARY KEY (`id`)
) ENGINE=InnoDB AUTO_INCREMENT=3 DEFAULT CHARSET=utf8mb4;

-- Dumping data for table project.disc_inventory: ~2 rows (approximately)
/*!40000 ALTER TABLE `disc_inventory` DISABLE KEYS */;
INSERT INTO `disc_inventory` (`id`, `owner`, `type`, `data`) VALUES
	(1, 'steam:110000134b2c954', 'player', '{"39":{"count":85,"name":"alcohol"},"29":{"count":85,"name":"alcohol"},"37":{"count":85,"name":"alcohol"},"27":{"count":85,"name":"alcohol"},"25":{"count":85,"name":"alcohol"},"15":{"count":85,"name":"alcohol"},"23":{"count":85,"name":"alcohol"},"21":{"count":85,"name":"alcohol"},"51":{"count":85,"name":"alcohol"},"41":{"count":85,"name":"alcohol"},"17":{"count":85,"name":"alcohol"},"19":{"count":85,"name":"alcohol"},"60":{"count":85,"name":"alcohol"},"59":{"count":85,"name":"alcohol"},"35":{"count":85,"name":"alcohol"},"57":{"count":85,"name":"alcohol"},"56":{"count":85,"name":"alcohol"},"55":{"count":85,"name":"alcohol"},"54":{"count":85,"name":"alcohol"},"53":{"count":85,"name":"alcohol"},"36":{"count":85,"name":"alcohol"},"34":{"count":85,"name":"alcohol"},"49":{"count":85,"name":"alcohol"},"43":{"count":85,"name":"alcohol"},"47":{"count":85,"name":"alcohol"},"46":{"count":85,"name":"alcohol"},"45":{"count":85,"name":"alcohol"},"44":{"count":85,"name":"alcohol"},"48":{"count":85,"name":"alcohol"},"58":{"count":85,"name":"alcohol"},"28":{"count":85,"name":"alcohol"},"38":{"count":85,"name":"alcohol"},"16":{"count":85,"name":"alcohol"},"26":{"count":85,"name":"alcohol"},"22":{"count":85,"name":"alcohol"},"10":{"count":85,"name":"alcohol"},"42":{"count":85,"name":"alcohol"},"52":{"count":85,"name":"alcohol"},"40":{"count":85,"name":"alcohol"},"50":{"count":85,"name":"alcohol"},"33":{"count":85,"name":"alcohol"},"18":{"count":85,"name":"alcohol"},"32":{"count":85,"name":"alcohol"},"11":{"count":85,"name":"alcohol"},"12":{"count":85,"name":"alcohol"},"14":{"count":85,"name":"alcohol"},"1":{"count":19,"name":"repairkit"},"2":{"count":85,"name":"alcohol"},"13":{"count":85,"name":"alcohol"},"31":{"count":85,"name":"alcohol"},"30":{"count":85,"name":"alcohol"},"24":{"count":85,"name":"alcohol"},"7":{"count":85,"name":"alcohol"},"8":{"count":85,"name":"alcohol"},"9":{"count":85,"name":"alcohol"},"20":{"count":85,"name":"alcohol"},"3":{"count":85,"name":"alcohol"},"4":{"count":85,"name":"alcohol"},"5":{"count":85,"name":"alcohol"},"6":{"count":85,"name":"alcohol"}}'),
	(2, 'steam:11000014149b4eb', 'player', '{"3":{"count":97,"name":"water"},"1":{"count":94,"name":"bandage"},"2":{"count":95,"name":"bread"}}');
/*!40000 ALTER TABLE `disc_inventory` ENABLE KEYS */;

-- Dumping structure for table project.disc_inventory_itemdata
CREATE TABLE IF NOT EXISTS `disc_inventory_itemdata` (
  `id` bigint(20) unsigned NOT NULL AUTO_INCREMENT,
  `name` text NOT NULL,
  `description` text DEFAULT NULL,
  `weight` int(11) NOT NULL DEFAULT 0,
  `closeonuse` tinyint(1) NOT NULL DEFAULT 0,
  `max` int(11) NOT NULL DEFAULT 100,
  UNIQUE KEY `id` (`id`)
) ENGINE=InnoDB DEFAULT CHARSET=utf8mb4;

-- Dumping data for table project.disc_inventory_itemdata: ~0 rows (approximately)
/*!40000 ALTER TABLE `disc_inventory_itemdata` DISABLE KEYS */;
/*!40000 ALTER TABLE `disc_inventory_itemdata` ENABLE KEYS */;

-- Dumping structure for table project.inventories
CREATE TABLE IF NOT EXISTS `inventories` (
  `id` bigint(20) NOT NULL AUTO_INCREMENT,
  `identifier` text DEFAULT NULL,
  `type` varchar(50) DEFAULT NULL,
  `data` longtext DEFAULT NULL,
  PRIMARY KEY (`id`)
) ENGINE=InnoDB AUTO_INCREMENT=2 DEFAULT CHARSET=utf8mb4;

-- Dumping data for table project.inventories: ~0 rows (approximately)
/*!40000 ALTER TABLE `inventories` DISABLE KEYS */;
INSERT INTO `inventories` (`id`, `identifier`, `type`, `data`) VALUES
	(1, 'KQLF7727', 'glovebox', '[]');
/*!40000 ALTER TABLE `inventories` ENABLE KEYS */;

-- Dumping structure for table project.items
CREATE TABLE IF NOT EXISTS `items` (
  `name` varchar(50) COLLATE utf8mb4_bin NOT NULL,
  `label` varchar(50) COLLATE utf8mb4_bin NOT NULL,
  `weight` int(11) NOT NULL DEFAULT 1,
  `limit` int(10) NOT NULL DEFAULT 0,
  `rare` tinyint(1) NOT NULL DEFAULT 0,
  `can_remove` tinyint(1) NOT NULL DEFAULT 1,
  PRIMARY KEY (`name`)
) ENGINE=InnoDB DEFAULT CHARSET=utf8mb4 COLLATE=utf8mb4_bin;

-- Dumping data for table project.items: ~267 rows (approximately)
/*!40000 ALTER TABLE `items` DISABLE KEYS */;
INSERT INTO `items` (`name`, `label`, `weight`, `limit`, `rare`, `can_remove`) VALUES
	('2jzengine', '2JZ Engine', 1, 1, 0, 1),
	('2jzengine_blueprint', 'BP 2JZ Engine', 1, 1, 0, 1),
	('WEAPON_ADVANCEDRIFLE', 'Advanced Rifle', 1, 0, 0, 1),
	('WEAPON_ADVANCEDRIFLE_blueprint', 'BPADVANCEDRIFLE', 1, 1, 0, 1),
	('WEAPON_APPISTOL', 'AP Pistol', 1, 0, 0, 1),
	('WEAPON_APPISTOL_blueprint', 'BP AP PISTOL', 1, 1, 0, 1),
	('WEAPON_ASSAULTRIFLE', 'Assault Rifle', 1, 0, 0, 1),
	('WEAPON_ASSAULTSHOTGUN', 'Assault Shotgun', 1, 0, 0, 1),
	('WEAPON_ASSAULTSHOTGUN_blueprint', 'BP ASSAULTSHOTGUN', 1, 1, 0, 1),
	('WEAPON_ASSAULTSMG', 'Assault SMG', 1, 0, 0, 1),
	('WEAPON_ASSUALTRIFLE_blueprint', 'BP ASSUALTRIFLE', 1, 1, 0, 1),
	('WEAPON_ASSUALTSMG_blueprint', 'BP ASSUALTSMG', 1, 1, 0, 1),
	('WEAPON_AUTOSHOTGUN', 'Auto Shotgun', 1, 0, 0, 1),
	('WEAPON_AUTOSHOTGUN_blueprint', 'BP AUTOSHOTGUN', 1, 1, 0, 1),
	('WEAPON_BALL', 'Ball', 1, 0, 0, 1),
	('WEAPON_BAT', 'Bat', 1, 0, 0, 1),
	('WEAPON_BATTLEAXE', 'Battle Axe', 1, 0, 0, 1),
	('WEAPON_BOTTLE', 'Bottle', 1, 0, 0, 1),
	('WEAPON_BULLPUPRIFLE', 'Bullpup Rifle', 1, 0, 0, 1),
	('WEAPON_BULLPUPRIFLE_blueprint', 'BP BULLPUPRIFLE', 1, 1, 0, 1),
	('WEAPON_BULLPUPSHOTGUN', 'Bullpup Shotgun', 1, 0, 0, 1),
	('WEAPON_BULLPUPSHOTGUN_blueprint', 'BP BULLPUPSHOTGUN', 1, 1, 0, 1),
	('WEAPON_BZGAS', 'BZ Gas', 1, 0, 0, 1),
	('WEAPON_BZGAS_blueprint', 'BZGAS', 1, 1, 0, 1),
	('WEAPON_CARBINERIFLE', 'Carbine Rifle', 1, 0, 0, 1),
	('WEAPON_CARBINERIFLE_MK2_blueprint', 'BP CARBINERIFLE MK2', 1, 1, 0, 1),
	('WEAPON_CARBINERIFLE_blueprint', 'BP CARBINERIFLE', 1, 1, 0, 1),
	('WEAPON_CERAMICPISTOL_blueprint', 'BP CERAMICPISTOL', 1, 1, 0, 1),
	('WEAPON_COMBATMG', 'Combat MG', 1, 0, 0, 1),
	('WEAPON_COMBATMG_MK2_blueprint', 'BP COMBATMG MK2', 1, 1, 0, 1),
	('WEAPON_COMBATMG_blueprint', 'BP COMBATMG', 1, 1, 0, 1),
	('WEAPON_COMBATPDW', 'Combat PDW', 1, 0, 0, 1),
	('WEAPON_COMBATPDW_blueprint', 'BP COMBATPDW', 1, 1, 0, 1),
	('WEAPON_COMBATPISTOL', 'Combat Pistol', 1, 0, 0, 1),
	('WEAPON_COMBATPISTOL_blueprint', 'BP COMBATPISTOL', 1, 1, 0, 1),
	('WEAPON_COMBATSHOTGUN_blueprint', 'BP COMBATSHOTGUN', 1, 1, 0, 1),
	('WEAPON_COMPACTLAUNCHER', 'Compact Launcher', 1, 0, 0, 1),
	('WEAPON_COMPACTLAUNCHER_blueprint', 'BP COMPACTLAUNCHER', 1, 1, 0, 1),
	('WEAPON_COMPACTRIFLE', 'Compact Rifle', 1, 0, 0, 1),
	('WEAPON_COMPACTRIFLE_blueprint', 'BP COMPACTRIFLE', 1, 1, 0, 1),
	('WEAPON_CROWBAR', 'Crowbar', 1, 0, 0, 1),
	('WEAPON_DAGGER', 'Dagger', 1, 0, 0, 1),
	('WEAPON_DBSHOTGUN', 'Double Barrel Shotgun', 1, 0, 0, 1),
	('WEAPON_DBSHOTGUN_blueprint', 'BP DBSHOTGUN', 1, 1, 0, 1),
	('WEAPON_DIGISCANNER', 'Digiscanner', 1, 0, 0, 1),
	('WEAPON_DOUBLEACTION', 'Double Action Revolver', 1, 0, 0, 1),
	('WEAPON_DOUBLEACTION_blueprint', 'BP DOUBLEACTION', 1, 1, 0, 1),
	('WEAPON_FIREEXTINGUISHER', 'Fire Extinguisher', 1, 0, 0, 1),
	('WEAPON_FIREWORK', 'Firework Launcher', 1, 0, 0, 1),
	('WEAPON_FIREWORK_blueprint', 'BP FIREWORK', 1, 1, 0, 1),
	('WEAPON_FLARE', 'Flare', 1, 0, 0, 1),
	('WEAPON_FLAREGUN', 'Flare Gun', 1, 0, 0, 1),
	('WEAPON_FLAREGUN_blueprint', 'BP FLAREGUN', 1, 1, 0, 1),
	('WEAPON_FLARE_blueprint', 'BP FLARE', 1, 1, 0, 1),
	('WEAPON_FLASHLIGHT', 'Flashlight', 1, 0, 0, 1),
	('WEAPON_GARBAGEBAG', 'Garbage Bag', 1, 0, 0, 1),
	('WEAPON_GOLFCLUB', 'Golf Club', 1, 0, 0, 1),
	('WEAPON_GRENADE', 'Grenade', 1, 0, 0, 1),
	('WEAPON_GRENADELAUNCHER', 'Gernade Launcher', 1, 0, 0, 1),
	('WEAPON_GRENADELAUNCHER_blueprint', 'BP GRENADELAUNCHER', 1, 1, 0, 1),
	('WEAPON_GRENADE_blueprint', 'BP GRENADE', 1, 1, 0, 1),
	('WEAPON_GUSENBERG', 'GUSENBERG', 15, 1, 0, 1),
	('WEAPON_GUSENBERG_blueprint', 'BP GUSENBERG', 1, 1, 0, 1),
	('WEAPON_HAMMER', 'Hammer', 1, 0, 0, 1),
	('WEAPON_HANDCUFFS', 'Handcuffs', 1, 0, 0, 1),
	('WEAPON_HATCHET', 'Hatchet', 1, 0, 0, 1),
	('WEAPON_HEAVYPISTOL', 'Heavy Pistol', 1, 0, 0, 1),
	('WEAPON_HEAVYPISTOL_blueprint', 'BP HEAVYPISTOL', 1, 1, 0, 1),
	('WEAPON_HEAVYSHOTGUN', 'Heavy Shotgun', 1, 0, 0, 1),
	('WEAPON_HEAVYSHOTGUN_blueprint', 'BP HEAVYSHOTGUN', 1, 1, 0, 1),
	('WEAPON_HEAVYSNIPER', 'Heavy Sniper', 1, 0, 0, 1),
	('WEAPON_HEAVYSNIPER_blueprint', 'BP HEAVY SNIPER', 1, 1, 0, 1),
	('WEAPON_HOMINGLAUNCHER', 'Homing Launcher', 1, 0, 0, 1),
	('WEAPON_HOMINGLAUNCHER_blueprint', 'BP HOMINGLAUNCHER', 1, 1, 0, 1),
	('WEAPON_KNIFE', 'Knife', 1, 0, 0, 1),
	('WEAPON_KNUCKLE', 'Knuckle Dusters ', 1, 0, 0, 1),
	('WEAPON_MACHETE', 'Machete', 1, 0, 0, 1),
	('WEAPON_MACHINEPISTOL', 'Machine Pistol', 1, 0, 0, 1),
	('WEAPON_MACHINEPISTOL_blueprint', 'BP MACHINEPISTOL', 1, 1, 0, 1),
	('WEAPON_MARKSMANPISTOL', 'Marksman Pistol', 1, 0, 0, 1),
	('WEAPON_MARKSMANPISTOL_blueprint', 'BP MARKSMANPISTOL', 1, 1, 0, 1),
	('WEAPON_MARKSMANRIFLE', 'MARKSMAN RIFLE', 15, 1, 0, 1),
	('WEAPON_MARKSMANRIFLE_MK2_blueprint', 'BP MARKSMANRIFLE MK2', 1, 1, 0, 1),
	('WEAPON_MARKSMANRIFLE_blueprint', 'BP MARKSMAN RIFLE', 1, 1, 0, 1),
	('WEAPON_MG', 'MG', 1, 0, 0, 1),
	('WEAPON_MG_blueprint', 'BP MG', 1, 1, 0, 1),
	('WEAPON_MICROSMG', 'Micro SMG', 1, 0, 0, 1),
	('WEAPON_MICROSMG_blueprint', 'BP MICROSMG', 1, 1, 0, 1),
	('WEAPON_MILITARYRIFLE_blueprint', 'BP MILITARYRIFLE', 1, 1, 0, 1),
	('WEAPON_MINIGUN', 'Minigun', 1, 0, 0, 1),
	('WEAPON_MINIGUN_blueprint', 'BP MINIGUN', 1, 1, 0, 1),
	('WEAPON_MINISMG', 'Mini SMG', 1, 0, 0, 1),
	('WEAPON_MINISMG_blueprint', 'BP MINISMG', 1, 1, 0, 1),
	('WEAPON_MOLOTOV', 'Molotov', 1, 0, 0, 1),
	('WEAPON_MOLOTOV_blueprint', 'BP MOLOTOV', 1, 1, 0, 1),
	('WEAPON_MUSKET', 'Musket', 1, 0, 0, 1),
	('WEAPON_MUSKET_blueprint', 'BP MUSKET', 1, 1, 0, 1),
	('WEAPON_NAVYREVOLVER_blueprint', 'BP NAVYREVOLVER', 1, 1, 0, 1),
	('WEAPON_NIGHTSTICK', 'Police Baton', 1, 0, 0, 1),
	('WEAPON_PARACHUTE', 'PARACHUTE', 5, 1, 0, 10),
	('WEAPON_PARACHUTE_blueprint', 'BP PARACHUTE', 1, 1, 0, 10),
	('WEAPON_PETROLCAN', 'PETROL CAN', 5, 1, 0, 1),
	('WEAPON_PETROLCAN_blueprint', 'BP PETROL CAN', 1, 1, 0, 1),
	('WEAPON_PIPEBOMB', 'PIPE BOMB', 5, 1, 0, 15),
	('WEAPON_PIPEBOMB_blueprint', 'BP PIPE BOMB', 1, 1, 0, 1),
	('WEAPON_PISTOL', 'Pistol', 1, 0, 0, 1),
	('WEAPON_PISTOL50', 'Police .50', 1, 0, 0, 1),
	('WEAPON_PISTOL50_blueprint', 'BP PISTOL50', 1, 1, 0, 1),
	('WEAPON_PISTOL_blueprint', 'BP PISTOL', 1, 1, 0, 1),
	('WEAPON_POOLCUE', 'Pool Cue', 1, 0, 0, 1),
	('WEAPON_PROXMINE', 'Proximity Mine', 1, 0, 0, 1),
	('WEAPON_PROXMINE_blueprint', 'BP PROXMINE', 1, 1, 0, 1),
	('WEAPON_PUMPSHOTGUN', 'Pump Shotgun', 1, 0, 0, 1),
	('WEAPON_PUMPSHOTGUN_MK2_blueprint', 'BP PUMPSHOTGUN MK2', 1, 1, 0, 1),
	('WEAPON_PUMPSHOTGUN_blueprint', 'BP PUMPSHOTGUN', 1, 1, 0, 1),
	('WEAPON_RAILGUN', 'Rail Gun', 1, 0, 0, 1),
	('WEAPON_REVOLVER', 'Revolver', 1, 0, 0, 1),
	('WEAPON_REVOLVER_blueprint', 'BP REVOLVER', 1, 1, 0, 1),
	('WEAPON_RPG', 'RPG', 1, 0, 0, 1),
	('WEAPON_RPG_blueprint', 'BP RPG', 1, 1, 0, 1),
	('WEAPON_SAWNOFFSHOTGUN', 'SAWNOFFSHOTGUN', 10, 1, 0, 1),
	('WEAPON_SAWNOFFSHOTGUN_blueprint', 'BP SAWNOFFSHOTGUN', 1, 1, 0, 1),
	('WEAPON_SMG', 'SMG', 1, 0, 0, 1),
	('WEAPON_SMG_MK2_blueprint', 'BP SMG MK2', 1, 1, 0, 1),
	('WEAPON_SMG_blueprint', 'BP SMG', 1, 1, 0, 1),
	('WEAPON_SMOKEGRENADE', 'Smoke Gernade', 1, 0, 0, 1),
	('WEAPON_SNIPERRIFLE', 'Sniper Rifle', 1, 0, 0, 1),
	('WEAPON_SNIPERRIFLE_blueprint', 'BP SNIPER RIFLE', 1, 1, 0, 1),
	('WEAPON_SNOWBALL', 'Snow Ball', 1, 0, 0, 1),
	('WEAPON_SNSPISTOL', 'SNS Pistol', 1, 0, 0, 1),
	('WEAPON_SNSPISTOL_MK2_blueprint', 'BP SNSPISTOL MK2', 1, 1, 0, 1),
	('WEAPON_SNSPISTOL_blueprint', 'BP SNSPISTOL', 1, 1, 0, 1),
	('WEAPON_SPEACIALCARBINERIFLE_blueprint', 'BP SPEACIALCARBINERIFLE', 1, 1, 0, 1),
	('WEAPON_SPECIALCARBINE', 'Special Rifle', 1, 0, 0, 1),
	('WEAPON_SPECIALCARBINE_MK2_blueprint', 'BP SPECIALCARBINE MK2', 1, 1, 0, 1),
	('WEAPON_STICKYBOMB', 'Sticky Bombs', 1, 0, 0, 1),
	('WEAPON_STICKYBOMB_blueprint', 'BP STICKYBOMB', 1, 1, 0, 1),
	('WEAPON_STINGER', 'Stinger', 1, 0, 0, 1),
	('WEAPON_STUNGUN', 'Police Taser', 1, 0, 0, 1),
	('WEAPON_SWITCHBLADE', 'Switch Blade', 1, 0, 0, 1),
	('WEAPON_VINTAGEPISTOL', 'Vintage Pistol', 1, 0, 0, 1),
	('WEAPON_VINTAGEPISTOL_blueprint', 'BP VINTAGEPISTOL', 1, 1, 0, 1),
	('WEAPON_WRENCH', 'Wrench', 1, 0, 0, 1),
	('alcohol', 'alcohol', 1, 1, 0, 1),
	('antidot', 'Antidote', 1, 0, 0, 1),
	('armor', 'Armor', 1, 0, 0, 1),
	('bandage', 'Bandage', 2, 0, 0, 1),
	('bandage2', 'Bandage 2', 2, 0, 0, 1),
	('beerbottle', 'BEER BOTTLE', 1, 1, 0, 1),
	('binoculars', 'Binoculars', 1, 0, 0, 1),
	('bombshell', 'Bomb Shell', 1, 0, 0, 1),
	('boost1', 'Tier 1 BOOSTER', 1, 1, 0, 1),
	('boost2', 'Tier 2 BOOSTER', 1, 1, 0, 1),
	('boost3', 'Tier 3 BOOSTER', 1, 1, 0, 1),
	('bread', 'Bread', 1, 0, 0, 1),
	('c4', 'c4', 1, 10, 0, 1),
	('campfire', 'Campfire', 1, 0, 0, 1),
	('campingset', 'Camping Set', 1, 1, 0, 1),
	('cannabis', 'Cannabis', 3, 0, 0, 1),
	('cloth', 'cloth', 1, 1, 0, 1),
	('coke10g', 'Cocaine (10G)', 1, 50, 0, 1),
	('coke1g', 'Cocaine (1G)', 1, 50, 0, 1),
	('cokebrick', 'Cocaine Brick (100G)', 1, 20, 0, 1),
	('copper', 'copper', 1, 1, 0, 1),
	('craftingbook', 'Book of crafting', 1, 0, 0, 1),
	('ct', 'craftingtable', 1, 1, 0, 1),
	('disc_ammo_pistol', 'Pistol Ammo', 10, 50, 0, 1),
	('disc_ammo_pistol_large', 'Pistol Ammo Large', -10, 0, 0, 1),
	('disc_ammo_rifle', 'Rifle Ammo', 10, 0, 0, 1),
	('disc_ammo_rifle_large', 'Rifle Ammo Large', 10, 0, 0, 1),
	('disc_ammo_shotgun', 'Shotgun Shells', 10, 0, 0, 1),
	('disc_ammo_shotgun_large', 'Shotgun Shells Large', 10, 0, 0, 1),
	('disc_ammo_smg', 'SMG Ammo', 10, 0, 0, 1),
	('disc_ammo_smg_large', 'SMG Ammo Large', 10, 0, 0, 1),
	('disc_ammo_snp', 'Sniper Ammo', 10, 0, 0, 1),
	('disc_ammo_snp_large', 'Sniper Ammo Large', 10, 0, 0, 1),
	('drugItem', 'Black USB-C', 1, 2, 0, 1),
	('drugbags', 'Bags', 1, 80, 0, 1),
	('emptybottle', 'Empty Bottle', 1, 0, 0, 1),
	('flared', 'flared', 1, 1, 0, 1),
	('flashlight', 'Flashlight', 2, 0, 0, 1),
	('formula_tube', 'Formula tube', 1, 0, 0, 1),
	('gasmask', 'Gas Mask', 1, 0, 0, 1),
	('godsblood', 'God\'s Blood', 1, 1, 0, 1),
	('green_keycard', 'Green_keycard', 1, 10, 0, 1),
	('grip', 'Grip', 2, 0, 0, 1),
	('gunpowder', 'Gun Powder', 1, 0, 0, 1),
	('gunpower', 'GUN POWDER', 1, 1, 0, 1),
	('hackerDevice', 'Hacker Device', 1, 25, 0, 1),
	('health', 'small Medikit', 1, 10, 0, 1),
	('heavyshell', 'Heavy Shell', 1, 0, 0, 1),
	('hqscale', 'High Quality Scale', 1, 1, 0, 1),
	('iron', 'iron', 1, 1, 0, 1),
	('joint2g', 'Joint (2G)', 1, 50, 0, 1),
	('lightsmg_clip', 'Light Machine Clip', 1, 0, 0, 1),
	('lootchest', 'COPPER', 1, 1, 0, 1),
	('lootchest2', 'SLIVER', 1, 1, 0, 1),
	('lootchest2_blueprint', ' BP SLIVER', 1, 1, 0, 1),
	('lootchest3', 'GOLD', 1, 1, 0, 1),
	('lootchest3_blueprint', 'BP GOLD', 1, 1, 0, 1),
	('lootchest4', 'PLAT', 1, 1, 0, 1),
	('lootchest4_blueprint', 'BP PLAT', 1, 1, 0, 1),
	('lootchest5', 'MEDICAL', 1, 1, 0, 1),
	('lootchest5_blueprint', 'BP MEDICAL', 1, 1, 0, 1),
	('lootchest6', 'CAR PARTS', 1, 1, 0, 1),
	('lootchest6_blueprint', 'BP CAR PARTS', 1, 1, 0, 1),
	('lootchest7', 'WEAPON', 1, 1, 0, 1),
	('lootchest7_blueprint', 'BP WEAPON', 1, 1, 0, 1),
	('lootchest_blueprint', ' BP COPPER', 1, 1, 0, 1),
	('marijuana', 'Marijuana', 2, 0, 0, 1),
	('mechanic_tools', 'Mechanic Tools', 1, 1, 0, 1),
	('mechanic_tools_blueprint', 'BP _Mechanic Tools', 1, 1, 0, 1),
	('medikit', 'Medikit', 2, 0, 0, 1),
	('meth10g', 'Meth (10G)', 1, 50, 0, 1),
	('meth1g', 'Meth (1G)', 1, 50, 0, 1),
	('methbrick', 'Meth Brick (100G)', 1, 20, 0, 1),
	('mgshell', 'Mg Shell', 1, 0, 0, 1),
	('michelin_tires', 'Michelin Tires', 1, 1, 0, 1),
	('michelin_tires_blueprint', 'BP  Michelin Tires', 1, 1, 0, 1),
	('monster3', 'monster3', 5, 0, 0, 1),
	('monster4', 'monster4', 5, 0, 0, 1),
	('monster5', 'monster5', 5, 0, 0, 1),
	('nos', 'Nitro', 1, 1, 0, 1),
	('nos_blueprint', 'BP Nitro', 1, 1, 0, 1),
	('oxygenmask', 'Oxygen Mask', 1, 0, 0, 1),
	('oxygenmask_blueprint', 'BP Oxygen Mask', 1, 0, 0, 1),
	('phone', 'Phone', 1, 0, 0, 1),
	('pistol_clip', 'Pistol Clip', 1, 0, 0, 1),
	('pistolshell', 'Pistol Shell', 1, 0, 0, 1),
	('piston', 'Piston', 1, 1, 0, 1),
	('piston_blueprint', 'BP Piston', 1, 1, 0, 1),
	('race_brakes', 'Race Breaks', 1, 1, 0, 1),
	('race_brakes_blueprint', 'BP Race Breaks', 1, 1, 0, 1),
	('race_suspension', 'Race Suspension', 1, 1, 0, 1),
	('race_suspension_blueprint', 'BP Race Suspension', 1, 1, 0, 1),
	('race_transmition', 'Race Transmition', 1, 1, 0, 1),
	('race_transmition_blueprint', 'BP Race Transmition', 1, 1, 0, 1),
	('repairkit', 'Repair Kit', 1, 0, 0, 1),
	('repairkit_blueprint', 'BP Repair Kit', 1, 0, 0, 1),
	('rifle_clip', 'Rifle Clip', 1, 0, 0, 1),
	('rifleshell', 'Rifle Shell', 1, 0, 0, 1),
	('rolpaper', 'Rolling Paper', 1, 80, 0, 1),
	('rubber', 'Rubber', 1, 1, 0, 1),
	('scope', 'Scope', 2, 0, 0, 1),
	('scrap', 'SCARP', 1, 1, 0, 1),
	('shell_oil', 'Shell Oil', 1, 1, 0, 1),
	('shell_oil_blueprint', 'BP Shell Oil', 1, 1, 0, 1),
	('shotgun_clip', 'Shotgun Clip', 1, 0, 0, 1),
	('shotgunshell', 'Shotgun Shell', 1, 0, 0, 1),
	('skin', 'Skin', 2, 0, 0, 1),
	('smg_clip', 'SMG Clip', 1, 0, 0, 1),
	('smgshell', 'Smg Shell', 1, 0, 0, 1),
	('sniper_clip', 'Sniper Clip', 1, 0, 0, 1),
	('snipershell', 'Sniper Shell', 1, 0, 0, 1),
	('steak', 'Steak', 1, 0, 0, 1),
	('stock_engine', 'Stock Engine', 1, 1, 0, 1),
	('stock_engine_blueprint', 'BP Stock Engine', 1, 1, 0, 1),
	('stock_oil', 'Stock Oil', 1, 1, 0, 1),
	('stock_oil_blueprint', 'BP Stock Oil', 1, 1, 0, 1),
	('stock_suspension', 'Stock Suspension', 1, 1, 0, 1),
	('stock_suspension_blueprint', 'BP Stock Suspension', 1, 1, 0, 1),
	('stock_tires', 'Stock Tires', 1, 1, 0, 1),
	('stock_tires_blueprint', 'BP Stock Tires', 1, 1, 0, 1),
	('stock_transmition', 'Stock Transmition', 1, 1, 0, 1),
	('stock_transmition_blueprint', 'BP Stock Transmition', 1, 1, 0, 1),
	('supressor', 'Suppressor', 2, 0, 0, 1),
	('syringe', 'Health Syringe', 1, 1, 0, 1),
	('thermite', 'Thermite', 1, 10, 0, 1),
	('toolbox', 'Tool Box', 1, 1, 0, 1),
	('toolbox_blueprint', 'BP Tool Box', 1, 1, 0, 1),
	('turbo_lvl_1', 'GARET Turbo', 1, 1, 0, 1),
	('turbo_lvl_1_blueprint', 'BP GARET Turbo', 1, 1, 0, 1),
	('v8engine', 'V8 Engine', 1, 1, 0, 1),
	('v8engine_blueprint', 'BP V8 Engine', 1, 1, 0, 1),
	('water', 'Water', 1, 0, 0, 1),
	('weapon_clip_extended', 'Extended Clip', 1, 0, 0, 1),
	('weapon_flashlight', 'Weapon Flashlight', 1, 0, 0, 1),
	('weapon_luxary_finish', 'Luxury Finish', 1, 0, 0, 1),
	('weapon_suppressor', 'Suppressor', 1, 0, 0, 1),
	('weapon_tint_army', 'Army Finish', 1, 0, 0, 1),
	('weapon_tint_gold', 'Gold Finish', 1, 0, 0, 1),
	('weapon_tint_green', 'Green Finish', 1, 0, 0, 1),
	('weapon_tint_lspd', 'Police Finish', 1, 0, 0, 1),
	('weapon_tint_orange', 'Orange Finish', 1, 0, 0, 1),
	('weapon_tint_pink', 'Pink Finish', 1, 0, 0, 1),
	('weapon_tint_platinum', 'Platinum Finish', 1, 0, 0, 1),
	('weed20g', 'Weed (20G)', 1, 100, 0, 1),
	('weed4g', 'Weed (4G)', 1, 200, 0, 1),
	('weedbrick', 'Weed Brick (200G)', 1, 25, 0, 1),
	('wheat', 'Wheat', 1, 0, 0, 1),
	('wood', 'wood', 1, 1, 0, 1);
/*!40000 ALTER TABLE `items` ENABLE KEYS */;

-- Dumping structure for table project.jobs
CREATE TABLE IF NOT EXISTS `jobs` (
  `name` varchar(50) COLLATE utf8mb4_bin NOT NULL,
  `label` varchar(50) COLLATE utf8mb4_bin DEFAULT NULL,
  PRIMARY KEY (`name`)
) ENGINE=InnoDB DEFAULT CHARSET=utf8mb4 COLLATE=utf8mb4_bin;

-- Dumping data for table project.jobs: ~1 rows (approximately)
/*!40000 ALTER TABLE `jobs` DISABLE KEYS */;
INSERT INTO `jobs` (`name`, `label`) VALUES
	('cardealer', 'Concessionnaire'),
	('unemployed', 'Unemployed');
/*!40000 ALTER TABLE `jobs` ENABLE KEYS */;

-- Dumping structure for table project.job_grades
CREATE TABLE IF NOT EXISTS `job_grades` (
  `id` int(11) NOT NULL AUTO_INCREMENT,
  `job_name` varchar(50) COLLATE utf8mb4_bin DEFAULT NULL,
  `grade` int(11) NOT NULL,
  `name` varchar(50) COLLATE utf8mb4_bin NOT NULL,
  `label` varchar(50) COLLATE utf8mb4_bin NOT NULL,
  `salary` int(11) NOT NULL,
  `skin_male` longtext COLLATE utf8mb4_bin NOT NULL,
  `skin_female` longtext COLLATE utf8mb4_bin NOT NULL,
  PRIMARY KEY (`id`)
) ENGINE=InnoDB AUTO_INCREMENT=41 DEFAULT CHARSET=utf8mb4 COLLATE=utf8mb4_bin;

-- Dumping data for table project.job_grades: ~5 rows (approximately)
/*!40000 ALTER TABLE `job_grades` DISABLE KEYS */;
INSERT INTO `job_grades` (`id`, `job_name`, `grade`, `name`, `label`, `salary`, `skin_male`, `skin_female`) VALUES
	(1, 'unemployed', 0, 'unemployed', 'Unemployed', 0, '{}', '{}'),
	(37, 'cardealer', 0, 'recruit', 'Recrue', 10, '{}', '{}'),
	(38, 'cardealer', 1, 'novice', 'Novice', 25, '{}', '{}'),
	(39, 'cardealer', 2, 'experienced', 'Experimente', 40, '{}', '{}'),
	(40, 'cardealer', 3, 'boss', 'Patron', 0, '{}', '{}');
/*!40000 ALTER TABLE `job_grades` ENABLE KEYS */;

-- Dumping structure for table project.licenses
CREATE TABLE IF NOT EXISTS `licenses` (
  `type` varchar(60) NOT NULL,
  `label` varchar(60) NOT NULL,
  PRIMARY KEY (`type`)
) ENGINE=InnoDB DEFAULT CHARSET=utf8mb4;

-- Dumping data for table project.licenses: ~1 rows (approximately)
/*!40000 ALTER TABLE `licenses` DISABLE KEYS */;
INSERT INTO `licenses` (`type`, `label`) VALUES
	('farm_processing', 'Apple Processing License');
/*!40000 ALTER TABLE `licenses` ENABLE KEYS */;

-- Dumping structure for table project.market
CREATE TABLE IF NOT EXISTS `market` (
  `id` int(11) NOT NULL AUTO_INCREMENT,
  `name` varchar(100) DEFAULT NULL,
  `amount` int(11) DEFAULT 1,
  `weight` varchar(10) DEFAULT '0',
  `price` varchar(10) DEFAULT NULL,
  `owner` varchar(100) DEFAULT NULL,
  `identifier` varchar(200) DEFAULT NULL,
  PRIMARY KEY (`id`)
) ENGINE=InnoDB AUTO_INCREMENT=4 DEFAULT CHARSET=utf8mb4;

-- Dumping data for table project.market: ~3 rows (approximately)
/*!40000 ALTER TABLE `market` DISABLE KEYS */;
INSERT INTO `market` (`id`, `name`, `amount`, `weight`, `price`, `owner`, `identifier`) VALUES
	(1, 'Bread', 1, '1', '50', 'Wolfman YT', 'steam:11000014371d5b4'),
	(2, 'Bread', 1, '1', '1', 'Wolfman YT', 'steam:11000014371d5b4'),
	(3, 'Bread', 1, '1', '50', 'SKT Gamer', 'steam:11000014149b4eb');
/*!40000 ALTER TABLE `market` ENABLE KEYS */;

-- Dumping structure for table project.mercado_ventas
CREATE TABLE IF NOT EXISTS `mercado_ventas` (
  `id` int(11) NOT NULL AUTO_INCREMENT,
  `vendedor` varchar(250) NOT NULL,
  `objeto` varchar(250) NOT NULL,
  `label` varchar(250) NOT NULL,
  `cantidad` int(100) NOT NULL,
  `precio` int(100) NOT NULL,
  `vendido` int(100) NOT NULL,
  `cobrados` int(100) DEFAULT 0,
  PRIMARY KEY (`id`)
) ENGINE=InnoDB AUTO_INCREMENT=41 DEFAULT CHARSET=latin1;

-- Dumping data for table project.mercado_ventas: ~0 rows (approximately)
/*!40000 ALTER TABLE `mercado_ventas` DISABLE KEYS */;
INSERT INTO `mercado_ventas` (`id`, `vendedor`, `objeto`, `label`, `cantidad`, `precio`, `vendido`, `cobrados`) VALUES
	(40, 'steam:110000134b2c954', 'bread', 'Bread', 1, 1, 0, 0);
/*!40000 ALTER TABLE `mercado_ventas` ENABLE KEYS */;

-- Dumping structure for table project.owned_vehicles
CREATE TABLE IF NOT EXISTS `owned_vehicles` (
  `owner` varchar(40) NOT NULL,
  `plate` varchar(12) NOT NULL,
  `vehicle` longtext DEFAULT NULL,
  `type` varchar(20) NOT NULL DEFAULT 'car',
  `job` varchar(20) DEFAULT NULL,
  `stored` tinyint(4) NOT NULL DEFAULT 0,
  PRIMARY KEY (`plate`)
) ENGINE=InnoDB DEFAULT CHARSET=utf8mb4;

-- Dumping data for table project.owned_vehicles: ~6 rows (approximately)
/*!40000 ALTER TABLE `owned_vehicles` DISABLE KEYS */;
INSERT INTO `owned_vehicles` (`owner`, `plate`, `vehicle`, `type`, `job`, `stored`) VALUES
	('steam:110000134b2c954', '19050099', '{"neonEnabled":[false,false,false,false],"modFrame":-1,"modEngine":3,"engineHealth":956.921875,"modSideSkirt":-1,"modFrontBumper":-1,"modOrnaments":-1,"health":995,"modGrille":-1,"modTransmission":2,"plate":"19050099","modTrimB":-1,"fuelLevel":45.91801071167,"modDoorSpeaker":-1,"windows":[1,false,false,false,false,1,1,1,1,false,1,false,false],"modSpeakers":-1,"modAerials":-1,"modTurbo":1,"pearlescentColor":67,"modVanityPlate":-1,"modSpoilers":-1,"modAirFilter":-1,"modArchCover":-1,"tyreSmokeColor":[255,255,255],"modEngineBlock":-1,"modHood":-1,"modRightFender":-1,"bodyHealth":997.25,"dirtLevel":4.0228095054626,"wheels":0,"modPlateHolder":-1,"modBrakes":2,"wheelColor":156,"modSteeringWheel":-1,"modFender":-1,"color2":62,"color1":9,"neonColor":[255,0,255],"modExhaust":-1,"modDial":-1,"model":-493410377,"plateIndex":1,"windowTint":3,"modBackWheels":-1,"tyres":[false,false,false,false,false,false,false],"modTank":-1,"modHydrolic":-1,"modSmokeEnabled":1,"modRearBumper":-1,"modArmor":4,"modFrontWheels":-1,"modRoof":-1,"extras":[],"modAPlate":-1,"modXenon":1,"modLivery":-1,"modDashboard":-1,"modShifterLeavers":-1,"modTrimA":-1,"modTrunk":-1,"modHorns":-1,"modSeats":-1,"modSuspension":3,"modStruts":-1,"modWindows":-1,"doors":[false,false,false,false,false,false]}', 'car', NULL, 0),
	('steam:110000134b2c954', 'KQLF7727', '{"model":-2040426790,"plate":"KQLF7727"}', 'car', NULL, 0),
	('steam:11000014371d5b4', 'UBHG2358', '{"plate":"UBHG2358","model":-1106353882}', 'car', NULL, 0),
	('steam:110000134b2c954', 'WOHW9419', '{"plate":"WOHW9419","model":884483972}', 'car', NULL, 0),
	('steam:110000134b2c954', 'YRZJ7379', '{"modHydrolic":-1,"modBrakes":0,"modGrille":-1,"modLivery":-1,"modAPlate":-1,"modAirFilter":-1,"modHorns":-1,"modRearBumper":-1,"modRightFender":-1,"modShifterLeavers":-1,"color2":64,"modFender":-1,"dirtLevel":8.0,"modDial":-1,"modTank":-1,"modSeats":-1,"plate":"YRZJ7379","tyreSmokeColor":[255,255,255],"modStruts":-1,"modEngineBlock":-1,"wheelColor":158,"modTrunk":-1,"windowTint":0,"modBackWheels":-1,"modTransmission":-1,"neonColor":[255,0,255],"modTrimB":-1,"wheels":0,"modWindows":-1,"bodyHealth":1000.0,"extras":[],"model":-295689028,"modOrnaments":-1,"neonEnabled":[false,false,false,false],"modAerials":-1,"plateIndex":0,"modTurbo":false,"modFrontBumper":-1,"modVanityPlate":-1,"modDashboard":-1,"modFrontWheels":-1,"color1":64,"modSuspension":-1,"modPlateHolder":-1,"modExhaust":-1,"modTrimA":-1,"pearlescentColor":70,"modSteeringWheel":-1,"modXenon":false,"modArmor":-1,"modDoorSpeaker":-1,"modSmokeEnabled":1,"modEngine":4,"modRoof":-1,"engineHealth":991.7,"modArchCover":-1,"fuelLevel":20.1,"modSpoilers":-1,"modFrame":-1,"modSpeakers":-1,"modHood":-1,"modSideSkirt":-1}', 'car', NULL, 0),
	('steam:110000134b2c954', 'ZWJQ9416', '{"plate":"ZWJQ9416","model":-344943009}', 'car', NULL, 0);
/*!40000 ALTER TABLE `owned_vehicles` ENABLE KEYS */;

-- Dumping structure for table project.phone_app_chat
CREATE TABLE IF NOT EXISTS `phone_app_chat` (
  `id` int(11) NOT NULL AUTO_INCREMENT,
  `channel` varchar(20) NOT NULL,
  `message` varchar(255) NOT NULL,
  `time` timestamp NOT NULL DEFAULT current_timestamp(),
  PRIMARY KEY (`id`)
) ENGINE=InnoDB AUTO_INCREMENT=268 DEFAULT CHARSET=utf8;

-- Dumping data for table project.phone_app_chat: ~0 rows (approximately)
/*!40000 ALTER TABLE `phone_app_chat` DISABLE KEYS */;
/*!40000 ALTER TABLE `phone_app_chat` ENABLE KEYS */;

-- Dumping structure for table project.phone_calls
CREATE TABLE IF NOT EXISTS `phone_calls` (
  `id` int(11) NOT NULL AUTO_INCREMENT,
  `owner` varchar(10) NOT NULL,
  `num` varchar(10) NOT NULL,
  `incoming` int(11) NOT NULL,
  `time` timestamp NOT NULL DEFAULT current_timestamp(),
  `accepts` int(11) NOT NULL,
  PRIMARY KEY (`id`)
) ENGINE=InnoDB AUTO_INCREMENT=16291 DEFAULT CHARSET=utf8;

-- Dumping data for table project.phone_calls: ~0 rows (approximately)
/*!40000 ALTER TABLE `phone_calls` DISABLE KEYS */;
/*!40000 ALTER TABLE `phone_calls` ENABLE KEYS */;

-- Dumping structure for table project.phone_messages
CREATE TABLE IF NOT EXISTS `phone_messages` (
  `id` int(11) NOT NULL AUTO_INCREMENT,
  `transmitter` varchar(10) NOT NULL,
  `receiver` varchar(10) NOT NULL,
  `message` varchar(255) NOT NULL DEFAULT '0',
  `time` timestamp NOT NULL DEFAULT current_timestamp(),
  `isRead` int(11) NOT NULL DEFAULT 0,
  `owner` int(11) NOT NULL DEFAULT 0,
  PRIMARY KEY (`id`)
) ENGINE=MyISAM AUTO_INCREMENT=45219 DEFAULT CHARSET=utf8;

-- Dumping data for table project.phone_messages: 0 rows
/*!40000 ALTER TABLE `phone_messages` DISABLE KEYS */;
/*!40000 ALTER TABLE `phone_messages` ENABLE KEYS */;

-- Dumping structure for table project.phone_users_contacts
CREATE TABLE IF NOT EXISTS `phone_users_contacts` (
  `id` int(11) NOT NULL AUTO_INCREMENT,
  `identifier` varchar(60) CHARACTER SET utf8mb4 DEFAULT NULL,
  `number` varchar(10) CHARACTER SET utf8mb4 DEFAULT NULL,
  `display` varchar(64) CHARACTER SET utf8mb4 NOT NULL DEFAULT '-1',
  PRIMARY KEY (`id`)
) ENGINE=MyISAM AUTO_INCREMENT=992 DEFAULT CHARSET=utf8;

-- Dumping data for table project.phone_users_contacts: 0 rows
/*!40000 ALTER TABLE `phone_users_contacts` DISABLE KEYS */;
/*!40000 ALTER TABLE `phone_users_contacts` ENABLE KEYS */;

-- Dumping structure for table project.ranking_crew
CREATE TABLE IF NOT EXISTS `ranking_crew` (
  `id` int(11) NOT NULL AUTO_INCREMENT,
  `name` varchar(100) DEFAULT NULL,
  `created` timestamp NOT NULL DEFAULT current_timestamp(),
  `members` int(11) DEFAULT 1,
  `kills` int(11) DEFAULT NULL,
  PRIMARY KEY (`id`)
) ENGINE=InnoDB AUTO_INCREMENT=2 DEFAULT CHARSET=utf8mb4;

-- Dumping data for table project.ranking_crew: ~0 rows (approximately)
/*!40000 ALTER TABLE `ranking_crew` DISABLE KEYS */;
INSERT INTO `ranking_crew` (`id`, `name`, `created`, `members`, `kills`) VALUES
	(1, 'smoke', '2021-06-05 17:56:09', 2, 1);
/*!40000 ALTER TABLE `ranking_crew` ENABLE KEYS */;

-- Dumping structure for table project.rented_vehicles
CREATE TABLE IF NOT EXISTS `rented_vehicles` (
  `vehicle` varchar(60) NOT NULL,
  `plate` varchar(12) NOT NULL,
  `player_name` varchar(255) NOT NULL,
  `base_price` int(11) NOT NULL,
  `rent_price` int(11) NOT NULL,
  `owner` varchar(22) NOT NULL,
  PRIMARY KEY (`plate`)
) ENGINE=InnoDB DEFAULT CHARSET=utf8mb4;

-- Dumping data for table project.rented_vehicles: ~0 rows (approximately)
/*!40000 ALTER TABLE `rented_vehicles` DISABLE KEYS */;
/*!40000 ALTER TABLE `rented_vehicles` ENABLE KEYS */;

-- Dumping structure for table project.shops
CREATE TABLE IF NOT EXISTS `shops` (
  `id` int(11) NOT NULL AUTO_INCREMENT,
  `store` varchar(100) COLLATE utf8mb4_bin NOT NULL,
  `item` varchar(100) COLLATE utf8mb4_bin NOT NULL,
  `price` int(11) NOT NULL,
  PRIMARY KEY (`id`)
) ENGINE=InnoDB AUTO_INCREMENT=63 DEFAULT CHARSET=utf8mb4 COLLATE=utf8mb4_bin;

-- Dumping data for table project.shops: ~29 rows (approximately)
/*!40000 ALTER TABLE `shops` DISABLE KEYS */;
INSERT INTO `shops` (`id`, `store`, `item`, `price`) VALUES
	(29, 'TwentyFourSeven', 'binoculars', 100),
	(35, 'TwentyFourSeven', 'oxygenmask', 1500),
	(36, 'TwentyFourSeven', 'repairkit', 1500),
	(37, 'TwentyFourSeven', 'mechanic_tools', 1),
	(38, 'TwentyFourSeven', 'piston', 1),
	(39, 'TwentyFourSeven', 'repairkit', 1),
	(40, 'TwentyFourSeven', 'stock_engine', 1),
	(41, 'TwentyFourSeven', 'stock_oil', 1),
	(42, 'TwentyFourSeven', 'stock_suspension', 1),
	(43, 'TwentyFourSeven', 'stock_tires', 1),
	(44, 'TwentyFourSeven', 'stock_transmition', 1),
	(45, 'TwentyFourSeven', 'toolbox', 1),
	(46, 'TwentyFourSeven', 'scrap', 1),
	(47, 'TwentyFourSeven', 'alcohol', 1),
	(48, 'TwentyFourSeven', 'cloth', 1),
	(49, 'TwentyFourSeven', 'rubber', 1),
	(50, 'TwentyFourSeven', 'wood', 1),
	(51, 'TwentyFourSeven', 'antidot', 1),
	(52, 'TwentyFourSeven', 'binoculars', 1),
	(53, 'TwentyFourSeven', 'campingset', 1),
	(54, 'TwentyFourSeven', 'ct', 1),
	(55, 'TwentyFourSeven', 'bandage', 1),
	(56, 'TwentyFourSeven', 'bandage2', 1),
	(57, 'TwentyFourSeven', 'bread', 1),
	(58, 'TwentyFourSeven', 'water', 1),
	(59, 'TwentyFourSeven', 'c4', 1),
	(60, 'TwentyFourSeven', 'hackerDevice', 1),
	(61, 'TwentyFourSeven', 'green_keycard', 1),
	(62, 'TwentyFourSeven', 'thermite', 1);
/*!40000 ALTER TABLE `shops` ENABLE KEYS */;

-- Dumping structure for table project.shops2
CREATE TABLE IF NOT EXISTS `shops2` (
  `id` int(11) NOT NULL AUTO_INCREMENT,
  `store` varchar(100) NOT NULL,
  `item` varchar(100) NOT NULL,
  `price` int(11) NOT NULL,
  PRIMARY KEY (`id`)
) ENGINE=InnoDB AUTO_INCREMENT=16 DEFAULT CHARSET=utf8mb4;

-- Dumping data for table project.shops2: ~0 rows (approximately)
/*!40000 ALTER TABLE `shops2` DISABLE KEYS */;
/*!40000 ALTER TABLE `shops2` ENABLE KEYS */;

-- Dumping structure for table project.twitter_accounts
CREATE TABLE IF NOT EXISTS `twitter_accounts` (
  `id` int(11) NOT NULL AUTO_INCREMENT,
  `username` varchar(50) CHARACTER SET utf8 NOT NULL DEFAULT '0',
  `password` varchar(50) COLLATE utf8mb4_bin NOT NULL DEFAULT '0',
  `avatar_url` varchar(255) COLLATE utf8mb4_bin DEFAULT NULL,
  `identifier` varchar(50) COLLATE utf8mb4_bin NOT NULL,
  PRIMARY KEY (`id`),
  UNIQUE KEY `username` (`username`)
) ENGINE=InnoDB AUTO_INCREMENT=1625 DEFAULT CHARSET=utf8mb4 COLLATE=utf8mb4_bin;

-- Dumping data for table project.twitter_accounts: ~0 rows (approximately)
/*!40000 ALTER TABLE `twitter_accounts` DISABLE KEYS */;
INSERT INTO `twitter_accounts` (`id`, `username`, `password`, `avatar_url`, `identifier`) VALUES
	(1624, ' ', '0', NULL, 'steam:110000134b2c954');
/*!40000 ALTER TABLE `twitter_accounts` ENABLE KEYS */;

-- Dumping structure for table project.twitter_likes
CREATE TABLE IF NOT EXISTS `twitter_likes` (
  `id` int(11) NOT NULL AUTO_INCREMENT,
  `authorId` int(11) DEFAULT NULL,
  `tweetId` int(11) DEFAULT NULL,
  PRIMARY KEY (`id`),
  KEY `FK_twitter_likes_twitter_accounts` (`authorId`),
  KEY `FK_twitter_likes_twitter_tweets` (`tweetId`),
  CONSTRAINT `FK_twitter_likes_twitter_accounts` FOREIGN KEY (`authorId`) REFERENCES `twitter_accounts` (`id`),
  CONSTRAINT `FK_twitter_likes_twitter_tweets` FOREIGN KEY (`tweetId`) REFERENCES `twitter_tweets` (`id`) ON DELETE CASCADE
) ENGINE=InnoDB AUTO_INCREMENT=605 DEFAULT CHARSET=utf8mb4 COLLATE=utf8mb4_bin;

-- Dumping data for table project.twitter_likes: ~0 rows (approximately)
/*!40000 ALTER TABLE `twitter_likes` DISABLE KEYS */;
/*!40000 ALTER TABLE `twitter_likes` ENABLE KEYS */;

-- Dumping structure for table project.twitter_tweets
CREATE TABLE IF NOT EXISTS `twitter_tweets` (
  `id` int(11) NOT NULL AUTO_INCREMENT,
  `authorId` int(11) NOT NULL,
  `realUser` varchar(50) COLLATE utf8mb4_unicode_ci DEFAULT NULL,
  `message` varchar(256) COLLATE utf8mb4_unicode_ci NOT NULL,
  `image` varchar(255) COLLATE utf8mb4_unicode_ci DEFAULT '',
  `time` timestamp NOT NULL DEFAULT current_timestamp(),
  `likes` int(11) NOT NULL DEFAULT 0,
  PRIMARY KEY (`id`),
  KEY `FK_twitter_tweets_twitter_accounts` (`authorId`),
  CONSTRAINT `FK_twitter_tweets_twitter_accounts` FOREIGN KEY (`authorId`) REFERENCES `twitter_accounts` (`id`)
) ENGINE=InnoDB AUTO_INCREMENT=10712 DEFAULT CHARSET=utf8mb4 COLLATE=utf8mb4_unicode_ci;

-- Dumping data for table project.twitter_tweets: ~0 rows (approximately)
/*!40000 ALTER TABLE `twitter_tweets` DISABLE KEYS */;
/*!40000 ALTER TABLE `twitter_tweets` ENABLE KEYS */;

-- Dumping structure for table project.users
CREATE TABLE IF NOT EXISTS `users` (
  `identifier` varchar(50) COLLATE utf8mb4_bin NOT NULL,
  `license` varchar(50) COLLATE utf8mb4_bin DEFAULT NULL,
  `money` int(11) DEFAULT NULL,
  `name` varchar(50) COLLATE utf8mb4_bin DEFAULT '',
  `skin` longtext COLLATE utf8mb4_bin DEFAULT NULL,
  `job` varchar(50) COLLATE utf8mb4_bin DEFAULT 'unemployed',
  `job_grade` int(11) DEFAULT 0,
  `loadout` longtext COLLATE utf8mb4_bin DEFAULT NULL,
  `crafting_level` int(11) NOT NULL,
  `position` varchar(255) COLLATE utf8mb4_bin DEFAULT NULL,
  `bank` int(11) DEFAULT NULL,
  `permission_level` int(11) DEFAULT NULL,
  `group` varchar(50) COLLATE utf8mb4_bin DEFAULT NULL,
  `is_dead` tinyint(1) DEFAULT 0,
  `phone_number` varchar(10) COLLATE utf8mb4_bin DEFAULT NULL,
  `rp_xp` int(11) NOT NULL DEFAULT 0,
  `rp_rank` int(11) NOT NULL DEFAULT 1,
  `status` longtext COLLATE utf8mb4_bin DEFAULT NULL,
  `skills` longtext COLLATE utf8mb4_bin DEFAULT NULL,
  `skellydata` longtext COLLATE utf8mb4_bin NOT NULL,
  `credits` int(11) NOT NULL DEFAULT 0,
  `tasks` longtext COLLATE utf8mb4_bin NOT NULL,
  `tasks_completed` longtext COLLATE utf8mb4_bin NOT NULL,
  `winnings` longtext COLLATE utf8mb4_bin NOT NULL,
  `xp` bigint(20) NOT NULL DEFAULT 0,
  `hair` longtext COLLATE utf8mb4_bin NOT NULL,
  `firstname` varchar(50) COLLATE utf8mb4_bin DEFAULT '',
  `lastname` varchar(50) COLLATE utf8mb4_bin DEFAULT '',
  `dateofbirth` varchar(25) COLLATE utf8mb4_bin DEFAULT '',
  `sex` varchar(10) COLLATE utf8mb4_bin DEFAULT '',
  `height` varchar(5) COLLATE utf8mb4_bin DEFAULT '',
  `crypto` varchar(255) COLLATE utf8mb4_bin NOT NULL DEFAULT '{"bitcoin": 0, "ethereum": 0, "bitcoin-cash": 0, "bitcoin-sv": 0, "litecoin": 0, "binance-coin": 0, "monero": 0, "dash": 0, "zcash": 0, "maker": 0}',
  `hotbar` longtext COLLATE utf8mb4_bin DEFAULT NULL,
  `suicide` int(11) NOT NULL DEFAULT 0,
  `kills` int(11) NOT NULL DEFAULT 0,
  `death` int(11) NOT NULL DEFAULT 0,
  PRIMARY KEY (`identifier`)
) ENGINE=InnoDB DEFAULT CHARSET=utf8mb4 COLLATE=utf8mb4_bin;

-- Dumping data for table project.users: ~5 rows (approximately)
/*!40000 ALTER TABLE `users` DISABLE KEYS */;
INSERT INTO `users` (`identifier`, `license`, `money`, `name`, `skin`, `job`, `job_grade`, `loadout`, `crafting_level`, `position`, `bank`, `permission_level`, `group`, `is_dead`, `phone_number`, `rp_xp`, `rp_rank`, `status`, `skills`, `skellydata`, `credits`, `tasks`, `tasks_completed`, `winnings`, `xp`, `hair`, `firstname`, `lastname`, `dateofbirth`, `sex`, `height`, `crypto`, `hotbar`, `suicide`, `kills`, `death`) VALUES
	('steam:110000131e1dcdb', 'license:985e1eac7e60524ce352e9fcdd10ac07b8c4ea0c', 0, 'Smoke Slickz', '{"mask_1":0,"bproof_1":0,"mask_2":0,"torso_2":0,"tshirt_2":0,"lipstick_3":0,"tshirt_1":0,"makeup_1":0,"blush_2":0,"makeup_3":0,"face":0,"hair_color_2":0,"complexion_1":0,"lipstick_1":0,"bracelets_2":0,"blemishes_1":0,"bodyb_1":0,"makeup_4":0,"beard_4":0,"chest_1":0,"eyebrows_3":0,"moles_2":0,"blush_3":0,"age_1":0,"age_2":0,"blemishes_2":0,"lipstick_2":0,"sun_2":0,"shoes_1":0,"eyebrows_1":0,"makeup_2":0,"chest_2":0,"glasses_1":-1,"hair_color_1":3,"beard_1":0,"chain_2":0,"chest_3":0,"shoes_2":0,"arms":0,"sex":2,"ears_1":-1,"decals_1":0,"complexion_2":0,"watches_1":-1,"bproof_2":0,"helmet_1":-1,"skin":0,"chain_1":0,"watches_2":0,"eyebrows_4":0,"arms_2":0,"beard_3":0,"lipstick_4":0,"torso_1":0,"hair_2":0,"pants_2":0,"bags_2":0,"bags_1":0,"hair_1":0,"beard_2":0,"ears_2":0,"glasses_2":0,"decals_2":0,"bracelets_1":-1,"blush_1":0,"sun_1":0,"moles_1":0,"bodyb_2":0,"helmet_2":0,"pants_1":0,"eyebrows_2":0}', 'unemployed', 0, '[{"label":"AP pistol","components":["clip_default"],"name":"WEAPON_APPISTOL","ammo":0},{"label":"Assault rifle","components":["clip_default"],"name":"WEAPON_ASSAULTRIFLE","ammo":51}]', 0, '{"z":184.6,"y":4931.5,"x":-1202.1}', 0, 3, 'admin', 1, '744-1458', 0, 1, '[{"percent":32.96,"val":329600,"name":"hunger"},{"percent":49.72,"val":497200,"name":"thirst"}]', NULL, '', 0, '{"drive":0.185,"run":6.90899999999998}', '', '', 0, '', 'Smoke', 'Slickz', '1234-12-13', 'm', '199', '{"bitcoin": 0, "ethereum": 0, "bitcoin-cash": 0, "bitcoin-sv": 0, "litecoin": 0, "binance-coin": 0, "monero": 0, "dash": 0, "zcash": 0, "maker": 0}', NULL, 0, 0, 0),
	('steam:110000134976b2b', 'license:dd2ec459d0ed067359b5aba69c7ef52f06875ed1', 12, 'adhershmnair', NULL, 'unemployed', 0, '[]', 0, '{"z":29.4,"x":142.7,"y":-1010.5}', 0, 4, 'superadmin', 0, NULL, 200, 1, '[{"val":953300,"name":"hunger","percent":95.33},{"val":964975,"name":"thirst","percent":96.4975}]', NULL, '', 0, '{"run":0.21199999999999}', '', '', 0, '', 'Shambhu', 'Annan', '1996-01-09', 'm', '179', '{"bitcoin": 0, "ethereum": 0, "bitcoin-cash": 0, "bitcoin-sv": 0, "litecoin": 0, "binance-coin": 0, "monero": 0, "dash": 0, "zcash": 0, "maker": 0}', NULL, 0, 0, 0),
	('steam:110000134b2c954', 'license:f23f5a4d4e385a03397dc00b07748c16a6988ef5', 100057, 'Bitter_Dragneel', '{"nose_3":0.0,"eyebrows_6":0.0,"lipstick_4":0,"complexion_1":0,"watches_2":0,"chain_1":0,"sun_1":0,"bracelets_2":0,"beard_1":11,"mom":0.0,"bags_2":0,"bags_1":0,"beard_3":1,"hair_color_2":61,"eyebrows_5":0.0,"chest_3":0,"eyebrows_2":0,"face":0,"nose_1":0.0,"decals_2":0,"nose_2":0.0,"lipstick_2":0,"bodyb_1":0,"blush_1":0,"chest_2":0,"chin_width":0.0,"pants_1":24,"complexion_2":0,"cheeks_1":0.0,"decals_1":0,"mask_2":0,"eyebrows_4":0,"dad":0.0,"lipstick_3":0,"makeup_3":0,"blemishes_2":0,"shoes_1":10,"watches_1":-1,"cheeks_2":0.0,"bproof_2":0,"eye_open":0.0,"blush_2":0,"helmet_1":-1,"lips_thick":0.0,"sex":0,"jaw_1":0.0,"chin_height":0.0,"tshirt_1":32,"hair_2":0,"jaw_2":0.0,"glasses_1":-1,"moles_1":0,"glasses_2":0,"blush_3":0,"neck_thick":0.0,"age_2":0,"arms_2":0,"eye_color":0,"makeup_4":0,"nose_5":0.0,"bracelets_1":-1,"lipstick_1":0,"moles_2":0,"makeup_1":0,"ears_1":-1,"mask_1":0,"sun_2":0,"arms":12,"chain_2":0,"blemishes_1":0,"pants_2":0,"hair_1":39,"beard_4":0,"eyebrows_3":0,"cheeks_3":0.0,"chin_lenght":0.0,"chest_1":0,"hair_color_1":3,"beard_2":10,"ears_2":0,"bproof_1":0,"shoes_2":0,"nose_4":0.0,"eyebrows_1":0,"age_1":0,"makeup_2":0,"nose_6":0.0,"helmet_2":0,"skin":0,"torso_1":30,"torso_2":0,"tshirt_2":2,"chin_hole":0.0,"bodyb_2":0}', 'unemployed', 0, '[]', 35, '{"z":5.1,"y":-2973.5,"x":873.6}', 1000, 4, 'superadmin', 1, '9833282', 0, 1, '[{"name":"hunger","percent":43.88,"val":438800},{"name":"thirst","percent":0.0,"val":0}]', NULL, '', 0, '{"run":39.81399999999858,"drive":55.66899999999926,"fly":1.127}', '', '', 0, '', 'Vincent', 'Gomez', '1999-06-28', 'm', '200', '{"bitcoin": 0, "ethereum": 0, "bitcoin-cash": 0, "bitcoin-sv": 0, "litecoin": 0, "binance-coin": 0, "monero": 0, "dash": 0, "zcash": 0, "maker": 0}', '{"0":{"type":"item_weapon","label":"Sticky bomb","name":"WEAPON_STICKYBOMB"}}', 7, 1, 28),
	('steam:11000014149b4eb', 'license:e51daf6473dda1c3dc58d5307570eb058563d40d', 100000, 'SKT Gamer', '{"decals_2":0,"eyebrows_2":1,"pants_1":42,"shoes_1":8,"beard_1":1,"chain_1":0,"sex":0,"beard_2":1,"hair_1":11,"torso_2":1,"eyebrows_1":1,"glasses_1":0,"chain_2":0,"arms_2":0,"torso_1":14,"tshirt_1":15,"decals_1":0,"arms":1,"mom":21,"shoes_2":6,"pants_2":5,"tshirt_2":0}', 'unemployed', 0, '[{"ammo":95,"name":"WEAPON_PISTOL","components":["clip_default"],"label":"Pistol"},{"ammo":119,"name":"WEAPON_MG","components":["clip_default"],"label":"MG"}]', 5, '{"z":89.3,"y":2626.6,"x":2709.1}', 0, 4, 'superadmin', 0, '738-3688', 0, 1, '[{"name":"hunger","val":644400,"percent":64.44},{"name":"thirst","val":734425,"percent":73.4425}]', '{"Lung Capacity":{"Current":0,"Stat":"MP0_LUNG_CAPACITY","RemoveAmount":-0.1},"Shooting":{"Current":0,"Stat":"MP0_SHOOTING_ABILITY","RemoveAmount":-0.1},"Driving":{"Current":0.6,"Stat":"MP0_DRIVING_ABILITY","RemoveAmount":-0.5},"Stamina":{"Current":19.89999999999995,"Stat":"MP0_STAMINA","RemoveAmount":-0.3},"Wheelie":{"Current":0,"Stat":"MP0_WHEELIE_ABILITY","RemoveAmount":-0.2},"Strength":{"Current":6.89999999999999,"Stat":"MP0_STRENGTH","RemoveAmount":-0.3}}', '{"LeftArm":1,"RightArm":4,"LeftLeg":3,"RightLeg":0,"Head":1,"Body":3}', 0, '{"drive":49.01699999999969,"run":16.58699999999946}', '', '', 0, '', 'Appu ', 'Kuttan', '2000-06-08', 'm', '140', '{"bitcoin": 0, "ethereum": 0, "bitcoin-cash": 0, "bitcoin-sv": 0, "litecoin": 0, "binance-coin": 0, "monero": 0, "dash": 0, "zcash": 0, "maker": 0}', NULL, 0, 0, 6),
	('steam:11000014371d5b4', 'license:41b3fcc096ac2def2d64a51d6a26f8efa90e698d', 0, 'Wolfman YT', '{"eyebrows_6":0.0,"torso_1":22,"cheeks_3":0.0,"nose_4":0.0,"cheeks_1":0.0,"lipstick_3":0,"eyebrows_5":0.0,"bracelets_2":0,"hair_2":0,"lipstick_1":0,"tshirt_2":0,"dad":0.0,"blush_1":30,"chest_1":0,"shoes_1":12,"helmet_1":-1,"makeup_3":0,"eyebrows_4":0,"chin_width":0.0,"makeup_4":0,"moles_1":0,"pants_2":0,"chain_2":0,"beard_4":0,"complexion_2":0,"ears_1":-1,"decals_1":0,"ears_2":0,"nose_6":0.0,"shoes_2":0,"lipstick_4":0,"sex":0,"blush_2":1,"mom":21,"eye_color":0,"nose_5":0.0,"helmet_2":0,"glasses_2":0,"eyebrows_3":0,"eye_open":0.0,"bproof_1":0,"chest_2":0,"arms_2":0,"lips_thick":0.0,"nose_1":0.0,"tshirt_1":15,"chin_lenght":0.0,"nose_3":0.0,"hair_color_2":0,"face":9,"jaw_2":0.0,"chin_height":0.0,"bags_2":0,"cheeks_2":0.0,"jaw_1":0.0,"watches_1":-1,"age_1":0,"pants_1":83,"blemishes_1":0,"blush_3":0,"eyebrows_1":4,"glasses_1":0,"mask_1":0,"bracelets_1":-1,"beard_3":0,"hair_color_1":0,"sun_1":0,"beard_2":0,"watches_2":0,"hair_1":33,"chin_hole":0.0,"eyebrows_2":1,"chain_1":0,"nose_2":0.0,"makeup_2":0,"lipstick_2":0,"mask_2":0,"neck_thick":0.0,"bodyb_1":0,"bproof_2":0,"sun_2":0,"complexion_1":0,"bodyb_2":0,"moles_2":0,"chest_3":0,"beard_1":0,"blemishes_2":0,"makeup_1":0,"age_2":0,"decals_2":0,"torso_2":0,"skin":0,"bags_1":0,"arms":19}', 'unemployed', 0, '[{"label":"MG","name":"WEAPON_MG","components":["clip_default"],"ammo":93}]', 0, '{"z":32.0,"y":2200.3,"x":2692.1}', 0, 4, 'superadmin', 0, NULL, 0, 1, '[{"name":"hunger","val":806200,"percent":80.62},{"name":"thirst","val":786700,"percent":78.67}]', NULL, '', 0, '{"drive":45.08199999999976,"run":4.24799999999904}', '', '', 0, '', 'Wolfman', 'YT', '2002-09-30', 'm', '200', '{"bitcoin": 0, "ethereum": 0, "bitcoin-cash": 0, "bitcoin-sv": 0, "litecoin": 0, "binance-coin": 0, "monero": 0, "dash": 0, "zcash": 0, "maker": 0}', '{"0":{"name":"WEAPON_MG","label":"MG","type":"item_weapon"}}', 1, 0, 14);
/*!40000 ALTER TABLE `users` ENABLE KEYS */;

-- Dumping structure for table project.user_accounts
CREATE TABLE IF NOT EXISTS `user_accounts` (
  `id` int(11) NOT NULL AUTO_INCREMENT,
  `identifier` varchar(22) COLLATE utf8mb4_bin NOT NULL,
  `name` varchar(50) COLLATE utf8mb4_bin NOT NULL,
  `money` int(11) NOT NULL DEFAULT 0,
  PRIMARY KEY (`id`)
) ENGINE=InnoDB AUTO_INCREMENT=3 DEFAULT CHARSET=utf8mb4 COLLATE=utf8mb4_bin;

-- Dumping data for table project.user_accounts: ~0 rows (approximately)
/*!40000 ALTER TABLE `user_accounts` DISABLE KEYS */;
INSERT INTO `user_accounts` (`id`, `identifier`, `name`, `money`) VALUES
	(1, 'steam:1100001158ffdf5', 'black_money', 0),
	(2, 'steam:110000134b2c954', 'black_money', 0);
/*!40000 ALTER TABLE `user_accounts` ENABLE KEYS */;

-- Dumping structure for table project.user_clothes
CREATE TABLE IF NOT EXISTS `user_clothes` (
  `id` int(11) NOT NULL AUTO_INCREMENT,
  `identifier` varchar(60) COLLATE utf8mb4_bin DEFAULT NULL,
  `name` varchar(60) COLLATE utf8mb4_bin DEFAULT NULL,
  `clothesData` longtext COLLATE utf8mb4_bin DEFAULT NULL,
  PRIMARY KEY (`id`)
) ENGINE=InnoDB AUTO_INCREMENT=11 DEFAULT CHARSET=utf8mb4 COLLATE=utf8mb4_bin;

-- Dumping data for table project.user_clothes: ~2 rows (approximately)
/*!40000 ALTER TABLE `user_clothes` DISABLE KEYS */;
INSERT INTO `user_clothes` (`id`, `identifier`, `name`, `clothesData`) VALUES
	(9, 'steam:110000134b2c954', 'suit', '{"torso_2":0,"hair_2":0,"arms_2":0,"torso_1":30,"lipstick_2":0,"face":0,"pants_1":24,"watches_2":0,"complexion_1":0,"nose_5":0.0,"pants_2":0,"mask_2":10,"age_1":0,"shoes_2":0,"lipstick_1":0,"moles_1":0,"hair_color_2":0,"mask_1":129,"eyebrows_5":0.0,"bproof_2":0,"chain_1":0,"lipstick_3":0,"makeup_3":0,"eyebrows_1":0,"moles_2":0,"bracelets_1":-1,"blemishes_2":0,"chest_1":0,"sun_2":0,"shoes_1":10,"nose_1":0.0,"eye_open":0.0,"eyebrows_4":0,"glasses_2":0,"blush_2":0,"beard_1":11,"bracelets_2":0,"chin_hole":0.0,"lips_thick":0.0,"neck_thick":0.0,"decals_1":0,"glasses_1":-1,"hair_color_1":3,"helmet_2":0,"age_2":0,"chest_3":0,"makeup_2":0,"bproof_1":0,"bodyb_1":0,"cheeks_1":0.0,"nose_2":0.0,"decals_2":0,"chin_lenght":0.0,"watches_1":-1,"bags_2":0,"sun_1":0,"eyebrows_3":0,"eyebrows_2":0,"eyebrows_6":0.0,"jaw_1":0.0,"beard_2":10,"arms":12,"ears_2":0,"cheeks_3":0.0,"complexion_2":0,"beard_4":0,"skin":0,"bodyb_2":0,"blemishes_1":0,"blush_3":0,"chest_2":0,"sex":0,"dad":0.0,"chin_width":0.0,"bags_1":0,"nose_6":0.0,"blush_1":0,"eye_color":0,"chain_2":0,"chin_height":0.0,"cheeks_2":0.0,"helmet_1":-1,"jaw_2":0.0,"tshirt_1":32,"nose_4":0.0,"beard_3":0,"nose_3":0.0,"hair_1":0,"makeup_4":0,"lipstick_4":0,"tshirt_2":2,"ears_1":-1,"makeup_1":0,"mom":0.0}'),
	(10, 'steam:110000134b2c954', 'non', '{"eyebrows_6":0.0,"eye_open":0.0,"complexion_1":0,"eye_color":0,"eyebrows_3":0,"tshirt_2":2,"chest_1":0,"glasses_1":-1,"shoes_1":10,"beard_2":10,"age_1":0,"lipstick_3":0,"lipstick_1":0,"hair_1":0,"glasses_2":0,"eyebrows_2":0,"sun_2":0,"decals_1":0,"nose_4":0.0,"nose_1":0.0,"decals_2":0,"complexion_2":0,"chain_1":0,"hair_color_2":0,"eyebrows_1":0,"pants_1":24,"eyebrows_5":0.0,"dad":0.0,"cheeks_3":0.0,"sun_1":0,"hair_color_1":3,"chain_2":0,"makeup_4":0,"face":0,"hair_2":0,"chest_3":0,"arms_2":0,"mask_1":0,"watches_2":0,"sex":0,"blush_3":0,"moles_2":0,"nose_2":0.0,"bags_2":0,"mask_2":0,"jaw_1":0.0,"beard_1":11,"nose_5":0.0,"cheeks_2":0.0,"helmet_1":-1,"age_2":0,"blush_2":0,"mom":0.0,"tshirt_1":32,"moles_1":0,"bracelets_1":-1,"cheeks_1":0.0,"watches_1":-1,"nose_3":0.0,"chin_lenght":0.0,"makeup_2":0,"ears_2":0,"bodyb_1":0,"makeup_1":0,"ears_1":-1,"nose_6":0.0,"chest_2":0,"blush_1":0,"chin_height":0.0,"chin_hole":0.0,"bracelets_2":0,"beard_3":0,"helmet_2":0,"bodyb_2":0,"torso_1":30,"shoes_2":0,"blemishes_1":0,"eyebrows_4":0,"bags_1":0,"jaw_2":0.0,"neck_thick":0.0,"bproof_1":0,"lipstick_4":0,"skin":0,"lips_thick":0.0,"arms":12,"pants_2":0,"makeup_3":0,"beard_4":0,"lipstick_2":0,"bproof_2":0,"torso_2":0,"blemishes_2":0,"chin_width":0.0}');
/*!40000 ALTER TABLE `user_clothes` ENABLE KEYS */;

-- Dumping structure for table project.user_inventory
CREATE TABLE IF NOT EXISTS `user_inventory` (
  `id` int(11) NOT NULL AUTO_INCREMENT,
  `identifier` varchar(22) COLLATE utf8mb4_bin NOT NULL,
  `item` varchar(50) COLLATE utf8mb4_bin NOT NULL,
  `count` int(11) NOT NULL,
  `durability` int(11) NOT NULL,
  PRIMARY KEY (`id`)
) ENGINE=InnoDB AUTO_INCREMENT=2078 DEFAULT CHARSET=utf8mb4 COLLATE=utf8mb4_bin;

-- Dumping data for table project.user_inventory: ~2,077 rows (approximately)
/*!40000 ALTER TABLE `user_inventory` DISABLE KEYS */;
INSERT INTO `user_inventory` (`id`, `identifier`, `item`, `count`, `durability`) VALUES
	(1, 'steam:1100001158ffdf5', 'bandage', 0, 0),
	(2, 'steam:1100001158ffdf5', 'bruiser3', 0, 0),
	(3, 'steam:1100001158ffdf5', 'imperator', 0, 0),
	(4, 'steam:1100001158ffdf5', 'dominator4', 0, 0),
	(5, 'steam:1100001158ffdf5', 'deviant', 0, 0),
	(6, 'steam:1100001158ffdf5', 'impaler', 0, 0),
	(7, 'steam:1100001158ffdf5', 'scarab2', 0, 0),
	(8, 'steam:1100001158ffdf5', 'cerberus2', 0, 0),
	(9, 'steam:1100001158ffdf5', 'impaler4', 0, 0),
	(10, 'steam:1100001158ffdf5', 'issi6', 0, 0),
	(11, 'steam:1100001158ffdf5', 'imperator2', 0, 0),
	(12, 'steam:1100001158ffdf5', 'imperator3', 0, 0),
	(13, 'steam:1100001158ffdf5', 'monster4', 0, 0),
	(14, 'steam:1100001158ffdf5', 'impaler2', 0, 0),
	(15, 'steam:1100001158ffdf5', 'deathbike2', 0, 0),
	(16, 'steam:1100001158ffdf5', 'monster3', 0, 0),
	(17, 'steam:1100001158ffdf5', 'medikit', 0, 0),
	(18, 'steam:1100001158ffdf5', 'bandage2', 0, 0),
	(19, 'steam:1100001158ffdf5', 'zr380', 0, 0),
	(20, 'steam:1100001158ffdf5', 'dominator5', 0, 0),
	(21, 'steam:1100001158ffdf5', 'issi5', 0, 0),
	(22, 'steam:1100001158ffdf5', 'slamvan6', 0, 0),
	(23, 'steam:1100001158ffdf5', 'issi4', 0, 0),
	(24, 'steam:1100001158ffdf5', 'cannabis', 0, 0),
	(25, 'steam:1100001158ffdf5', 'slamvan4', 1, 0),
	(26, 'steam:1100001158ffdf5', 'zr3803', 0, 0),
	(27, 'steam:1100001158ffdf5', 'zr3802', 0, 0),
	(28, 'steam:1100001158ffdf5', 'tulip', 0, 0),
	(29, 'steam:1100001158ffdf5', 'vamos', 0, 0),
	(30, 'steam:1100001158ffdf5', 'slamvan5', 0, 0),
	(31, 'steam:1100001158ffdf5', 'brutus2', 0, 0),
	(32, 'steam:1100001158ffdf5', 'dominator6', 0, 0),
	(33, 'steam:1100001158ffdf5', 'scarab3', 0, 0),
	(34, 'steam:1100001158ffdf5', 'bruiser', 0, 0),
	(35, 'steam:1100001158ffdf5', 'brutus', 0, 0),
	(36, 'steam:1100001158ffdf5', 'monster5', 0, 0),
	(37, 'steam:1100001158ffdf5', 'brutus3', 0, 0),
	(38, 'steam:1100001158ffdf5', 'marijuana', 0, 0),
	(39, 'steam:1100001158ffdf5', 'cerberus', 0, 0),
	(40, 'steam:1100001158ffdf5', 'impaler3', 0, 0),
	(41, 'steam:1100001158ffdf5', 'deathbike3', 0, 0),
	(42, 'steam:1100001158ffdf5', 'scarab', 0, 0),
	(43, 'steam:1100001158ffdf5', 'bruiser2', 0, 0),
	(44, 'steam:1100001158ffdf5', 'deathbike', 0, 0),
	(45, 'steam:1100001158ffdf5', 'cerberus3', 0, 0),
	(46, 'steam:1100001158ffdf5', 'oxygenmask', 0, 0),
	(47, 'steam:1100001158ffdf5', 'binoculars', 1, 0),
	(48, 'steam:1100001158ffdf5', 'boxsmg', 0, 0),
	(49, 'steam:1100001158ffdf5', 'boxpistol', 0, 0),
	(50, 'steam:1100001158ffdf5', 'boxrifle', 0, 0),
	(51, 'steam:1100001158ffdf5', 'repairkit', 0, 0),
	(52, 'steam:1100001158ffdf5', 'boxflare', 0, 0),
	(53, 'steam:1100001158ffdf5', 'bulletproof', 0, 0),
	(54, 'steam:1100001158ffdf5', 'boxmg', 0, 0),
	(55, 'steam:1100001158ffdf5', 'boxshot', 0, 0),
	(56, 'steam:1100001158ffdf5', 'boxsniper', 0, 0),
	(57, 'steam:110000108968cbd', 'cerberus3', 0, 0),
	(58, 'steam:110000108968cbd', 'boxsniper', 0, 0),
	(59, 'steam:110000108968cbd', 'medikit', 0, 0),
	(60, 'steam:110000108968cbd', 'dominator6', 0, 0),
	(61, 'steam:110000108968cbd', 'cannabis', 0, 0),
	(62, 'steam:110000108968cbd', 'repairkit', 0, 0),
	(63, 'steam:110000108968cbd', 'vamos', 0, 0),
	(64, 'steam:110000108968cbd', 'dominator5', 0, 0),
	(65, 'steam:110000108968cbd', 'zr380', 0, 0),
	(66, 'steam:110000108968cbd', 'deathbike', 0, 0),
	(67, 'steam:110000108968cbd', 'imperator2', 0, 0),
	(68, 'steam:110000108968cbd', 'boxrifle', 0, 0),
	(69, 'steam:110000108968cbd', 'slamvan5', 0, 0),
	(70, 'steam:110000108968cbd', 'slamvan6', 0, 0),
	(71, 'steam:110000108968cbd', 'impaler4', 0, 0),
	(72, 'steam:110000108968cbd', 'binoculars', 0, 0),
	(73, 'steam:110000108968cbd', 'slamvan4', 0, 0),
	(74, 'steam:110000108968cbd', 'brutus3', 0, 0),
	(75, 'steam:110000108968cbd', 'monster3', 0, 0),
	(76, 'steam:110000108968cbd', 'impaler3', 0, 0),
	(77, 'steam:110000108968cbd', 'bulletproof', 0, 0),
	(78, 'steam:110000108968cbd', 'monster5', 1, 0),
	(79, 'steam:110000108968cbd', 'scarab2', 0, 0),
	(80, 'steam:110000108968cbd', 'dominator4', 0, 0),
	(81, 'steam:110000108968cbd', 'boxpistol', 0, 0),
	(82, 'steam:110000108968cbd', 'boxsmg', 0, 0),
	(83, 'steam:110000108968cbd', 'deathbike3', 0, 0),
	(84, 'steam:110000108968cbd', 'deathbike2', 0, 0),
	(85, 'steam:110000108968cbd', 'zr3802', 0, 0),
	(86, 'steam:110000108968cbd', 'bruiser3', 0, 0),
	(87, 'steam:110000108968cbd', 'oxygenmask', 0, 0),
	(88, 'steam:110000108968cbd', 'bruiser2', 0, 0),
	(89, 'steam:110000108968cbd', 'impaler', 0, 0),
	(90, 'steam:110000108968cbd', 'boxflare', 0, 0),
	(91, 'steam:110000108968cbd', 'scarab3', 0, 0),
	(92, 'steam:110000108968cbd', 'bandage2', 0, 0),
	(93, 'steam:110000108968cbd', 'imperator3', 0, 0),
	(94, 'steam:110000108968cbd', 'marijuana', 0, 0),
	(95, 'steam:110000108968cbd', 'bruiser', 0, 0),
	(96, 'steam:110000108968cbd', 'issi6', 0, 0),
	(97, 'steam:110000108968cbd', 'issi5', 0, 0),
	(98, 'steam:110000108968cbd', 'issi4', 0, 0),
	(99, 'steam:110000108968cbd', 'monster4', 0, 0),
	(100, 'steam:110000108968cbd', 'tulip', 0, 0),
	(101, 'steam:110000108968cbd', 'imperator', 0, 0),
	(102, 'steam:110000108968cbd', 'brutus', 0, 0),
	(103, 'steam:110000108968cbd', 'boxmg', 0, 0),
	(104, 'steam:110000108968cbd', 'zr3803', 0, 0),
	(105, 'steam:110000108968cbd', 'boxshot', 0, 0),
	(106, 'steam:110000108968cbd', 'impaler2', 0, 0),
	(107, 'steam:110000108968cbd', 'cerberus', 0, 0),
	(108, 'steam:110000108968cbd', 'bandage', 0, 0),
	(109, 'steam:110000108968cbd', 'brutus2', 0, 0),
	(110, 'steam:110000108968cbd', 'scarab', 0, 0),
	(111, 'steam:110000108968cbd', 'deviant', 0, 0),
	(112, 'steam:110000108968cbd', 'cerberus2', 0, 0),
	(113, 'steam:1100001001b785f', 'binoculars', 0, 0),
	(114, 'steam:1100001001b785f', 'scarab2', 0, 0),
	(115, 'steam:1100001001b785f', 'boxsniper', 0, 0),
	(116, 'steam:1100001001b785f', 'deathbike2', 0, 0),
	(117, 'steam:1100001001b785f', 'issi5', 0, 0),
	(118, 'steam:1100001001b785f', 'issi6', 0, 0),
	(119, 'steam:1100001001b785f', 'monster3', 0, 0),
	(120, 'steam:1100001001b785f', 'bulletproof', 0, 0),
	(121, 'steam:1100001001b785f', 'marijuana', 0, 0),
	(122, 'steam:1100001001b785f', 'boxflare', 0, 0),
	(123, 'steam:1100001001b785f', 'boxsmg', 0, 0),
	(124, 'steam:1100001001b785f', 'imperator3', 0, 0),
	(125, 'steam:1100001001b785f', 'impaler4', 0, 0),
	(126, 'steam:1100001001b785f', 'brutus', 0, 0),
	(127, 'steam:1100001001b785f', 'deathbike3', 0, 0),
	(128, 'steam:1100001001b785f', 'zr3802', 0, 0),
	(129, 'steam:1100001001b785f', 'scarab3', 0, 0),
	(130, 'steam:1100001001b785f', 'impaler', 0, 0),
	(131, 'steam:1100001001b785f', 'impaler3', 0, 0),
	(132, 'steam:1100001001b785f', 'issi4', 0, 0),
	(133, 'steam:1100001001b785f', 'vamos', 0, 0),
	(134, 'steam:1100001001b785f', 'tulip', 0, 0),
	(135, 'steam:1100001001b785f', 'imperator', 0, 0),
	(136, 'steam:1100001001b785f', 'deathbike', 0, 0),
	(137, 'steam:1100001001b785f', 'dominator5', 0, 0),
	(138, 'steam:1100001001b785f', 'slamvan5', 0, 0),
	(139, 'steam:1100001001b785f', 'boxpistol', 0, 0),
	(140, 'steam:1100001001b785f', 'slamvan4', 0, 0),
	(141, 'steam:1100001001b785f', 'zr380', 0, 0),
	(142, 'steam:1100001001b785f', 'brutus2', 0, 0),
	(143, 'steam:1100001001b785f', 'zr3803', 0, 0),
	(144, 'steam:1100001001b785f', 'repairkit', 0, 0),
	(145, 'steam:1100001001b785f', 'deviant', 0, 0),
	(146, 'steam:1100001001b785f', 'bruiser', 0, 0),
	(147, 'steam:1100001001b785f', 'brutus3', 0, 0),
	(148, 'steam:1100001001b785f', 'imperator2', 0, 0),
	(149, 'steam:1100001001b785f', 'oxygenmask', 0, 0),
	(150, 'steam:1100001001b785f', 'bandage', 0, 0),
	(151, 'steam:1100001001b785f', 'monster4', 0, 0),
	(152, 'steam:1100001001b785f', 'cerberus2', 0, 0),
	(153, 'steam:1100001001b785f', 'monster5', 0, 0),
	(154, 'steam:1100001001b785f', 'cerberus3', 0, 0),
	(155, 'steam:1100001001b785f', 'bruiser2', 0, 0),
	(156, 'steam:1100001001b785f', 'boxmg', 0, 0),
	(157, 'steam:1100001001b785f', 'scarab', 0, 0),
	(158, 'steam:1100001001b785f', 'medikit', 0, 0),
	(159, 'steam:1100001001b785f', 'impaler2', 0, 0),
	(160, 'steam:1100001001b785f', 'dominator4', 0, 0),
	(161, 'steam:1100001001b785f', 'cannabis', 0, 0),
	(162, 'steam:1100001001b785f', 'cerberus', 0, 0),
	(163, 'steam:1100001001b785f', 'bandage2', 0, 0),
	(164, 'steam:1100001001b785f', 'boxrifle', 0, 0),
	(165, 'steam:1100001001b785f', 'boxshot', 0, 0),
	(166, 'steam:1100001001b785f', 'slamvan6', 0, 0),
	(167, 'steam:1100001001b785f', 'dominator6', 0, 0),
	(168, 'steam:1100001001b785f', 'bruiser3', 0, 0),
	(169, 'steam:1100001189e4968', 'vamos', 0, 0),
	(170, 'steam:1100001189e4968', 'boxmg', 0, 0),
	(171, 'steam:1100001189e4968', 'scarab2', 0, 0),
	(172, 'steam:1100001189e4968', 'bruiser2', 0, 0),
	(173, 'steam:1100001189e4968', 'bruiser', 0, 0),
	(174, 'steam:1100001189e4968', 'dominator5', 0, 0),
	(175, 'steam:1100001189e4968', 'bandage', 0, 0),
	(176, 'steam:1100001189e4968', 'cerberus3', 0, 0),
	(177, 'steam:1100001189e4968', 'zr3802', 0, 0),
	(178, 'steam:1100001189e4968', 'impaler2', 0, 0),
	(179, 'steam:1100001189e4968', 'imperator3', 0, 0),
	(180, 'steam:1100001189e4968', 'boxshot', 0, 0),
	(181, 'steam:1100001189e4968', 'bruiser3', 0, 0),
	(182, 'steam:1100001189e4968', 'tulip', 0, 0),
	(183, 'steam:1100001189e4968', 'slamvan6', 0, 0),
	(184, 'steam:1100001189e4968', 'boxsmg', 0, 0),
	(185, 'steam:1100001189e4968', 'slamvan5', 0, 0),
	(186, 'steam:1100001189e4968', 'scarab', 0, 0),
	(187, 'steam:1100001189e4968', 'deathbike2', 0, 0),
	(188, 'steam:1100001189e4968', 'dominator6', 0, 0),
	(189, 'steam:1100001189e4968', 'oxygenmask', 0, 0),
	(190, 'steam:1100001189e4968', 'cerberus2', 0, 0),
	(191, 'steam:1100001189e4968', 'boxpistol', 0, 0),
	(192, 'steam:1100001189e4968', 'binoculars', 0, 0),
	(193, 'steam:1100001189e4968', 'slamvan4', 0, 0),
	(194, 'steam:1100001189e4968', 'repairkit', 0, 0),
	(195, 'steam:1100001189e4968', 'scarab3', 0, 0),
	(196, 'steam:1100001189e4968', 'issi5', 0, 0),
	(197, 'steam:1100001189e4968', 'impaler4', 0, 0),
	(198, 'steam:1100001189e4968', 'deviant', 0, 0),
	(199, 'steam:1100001189e4968', 'cannabis', 0, 0),
	(200, 'steam:1100001189e4968', 'monster3', 0, 0),
	(201, 'steam:1100001189e4968', 'brutus2', 0, 0),
	(202, 'steam:1100001189e4968', 'boxsniper', 0, 0),
	(203, 'steam:1100001189e4968', 'bandage2', 0, 0),
	(204, 'steam:1100001189e4968', 'marijuana', 0, 0),
	(205, 'steam:1100001189e4968', 'bulletproof', 0, 0),
	(206, 'steam:1100001189e4968', 'zr3803', 0, 0),
	(207, 'steam:1100001189e4968', 'monster5', 0, 0),
	(208, 'steam:1100001189e4968', 'boxflare', 0, 0),
	(209, 'steam:1100001189e4968', 'deathbike3', 0, 0),
	(210, 'steam:1100001189e4968', 'issi4', 0, 0),
	(211, 'steam:1100001189e4968', 'imperator2', 0, 0),
	(212, 'steam:1100001189e4968', 'cerberus', 0, 0),
	(213, 'steam:1100001189e4968', 'imperator', 0, 0),
	(214, 'steam:1100001189e4968', 'impaler3', 0, 0),
	(215, 'steam:1100001189e4968', 'dominator4', 0, 0),
	(216, 'steam:1100001189e4968', 'zr380', 0, 0),
	(217, 'steam:1100001189e4968', 'impaler', 0, 0),
	(218, 'steam:1100001189e4968', 'issi6', 0, 0),
	(219, 'steam:1100001189e4968', 'medikit', 0, 0),
	(220, 'steam:1100001189e4968', 'brutus3', 0, 0),
	(221, 'steam:1100001189e4968', 'brutus', 0, 0),
	(222, 'steam:1100001189e4968', 'monster4', 0, 0),
	(223, 'steam:1100001189e4968', 'boxrifle', 0, 0),
	(224, 'steam:1100001189e4968', 'deathbike', 0, 0),
	(225, 'steam:11000010762a07e', 'zr380', 0, 0),
	(226, 'steam:11000010762a07e', 'boxshot', 0, 0),
	(227, 'steam:11000010762a07e', 'brutus2', 0, 0),
	(228, 'steam:11000010762a07e', 'marijuana', 0, 0),
	(229, 'steam:11000010762a07e', 'deathbike3', 0, 0),
	(230, 'steam:11000010762a07e', 'zr3802', 0, 0),
	(231, 'steam:11000010762a07e', 'cerberus2', 0, 0),
	(232, 'steam:11000010762a07e', 'brutus3', 0, 0),
	(233, 'steam:11000010762a07e', 'brutus', 0, 0),
	(234, 'steam:11000010762a07e', 'zr3803', 0, 0),
	(235, 'steam:11000010762a07e', 'boxflare', 0, 0),
	(236, 'steam:11000010762a07e', 'deviant', 0, 0),
	(237, 'steam:11000010762a07e', 'impaler', 0, 0),
	(238, 'steam:11000010762a07e', 'imperator3', 0, 0),
	(239, 'steam:11000010762a07e', 'deathbike2', 0, 0),
	(240, 'steam:11000010762a07e', 'oxygenmask', 0, 0),
	(241, 'steam:11000010762a07e', 'boxpistol', 0, 0),
	(242, 'steam:11000010762a07e', 'bruiser3', 0, 0),
	(243, 'steam:11000010762a07e', 'tulip', 0, 0),
	(244, 'steam:11000010762a07e', 'dominator5', 0, 0),
	(245, 'steam:11000010762a07e', 'boxsniper', 0, 0),
	(246, 'steam:11000010762a07e', 'slamvan6', 0, 0),
	(247, 'steam:11000010762a07e', 'impaler2', 0, 0),
	(248, 'steam:11000010762a07e', 'impaler3', 0, 0),
	(249, 'steam:11000010762a07e', 'scarab2', 0, 0),
	(250, 'steam:11000010762a07e', 'bandage', 0, 0),
	(251, 'steam:11000010762a07e', 'slamvan5', 0, 0),
	(252, 'steam:11000010762a07e', 'slamvan4', 0, 0),
	(253, 'steam:11000010762a07e', 'imperator', 0, 0),
	(254, 'steam:11000010762a07e', 'scarab', 0, 0),
	(255, 'steam:11000010762a07e', 'deathbike', 0, 0),
	(256, 'steam:11000010762a07e', 'issi4', 0, 0),
	(257, 'steam:11000010762a07e', 'repairkit', 0, 0),
	(258, 'steam:11000010762a07e', 'monster5', 0, 0),
	(259, 'steam:11000010762a07e', 'monster4', 0, 0),
	(260, 'steam:11000010762a07e', 'monster3', 0, 0),
	(261, 'steam:11000010762a07e', 'medikit', 0, 0),
	(262, 'steam:11000010762a07e', 'issi6', 0, 0),
	(263, 'steam:11000010762a07e', 'issi5', 0, 0),
	(264, 'steam:11000010762a07e', 'bruiser', 0, 0),
	(265, 'steam:11000010762a07e', 'vamos', 0, 0),
	(266, 'steam:11000010762a07e', 'imperator2', 0, 0),
	(267, 'steam:11000010762a07e', 'scarab3', 0, 0),
	(268, 'steam:11000010762a07e', 'cannabis', 0, 0),
	(269, 'steam:11000010762a07e', 'impaler4', 0, 0),
	(270, 'steam:11000010762a07e', 'cerberus3', 0, 0),
	(271, 'steam:11000010762a07e', 'boxsmg', 0, 0),
	(272, 'steam:11000010762a07e', 'binoculars', 0, 0),
	(273, 'steam:11000010762a07e', 'bandage2', 0, 0),
	(274, 'steam:11000010762a07e', 'bulletproof', 0, 0),
	(275, 'steam:11000010762a07e', 'dominator6', 0, 0),
	(276, 'steam:11000010762a07e', 'dominator4', 0, 0),
	(277, 'steam:11000010762a07e', 'bruiser2', 0, 0),
	(278, 'steam:11000010762a07e', 'boxmg', 0, 0),
	(279, 'steam:11000010762a07e', 'cerberus', 0, 0),
	(280, 'steam:11000010762a07e', 'boxrifle', 0, 0),
	(281, 'steam:110000134b2c954', 'cerberus', 0, 0),
	(282, 'steam:110000134b2c954', 'deathbike2', 0, 0),
	(283, 'steam:110000134b2c954', 'boxmg', 0, 0),
	(284, 'steam:110000134b2c954', 'bandage', 0, 0),
	(285, 'steam:110000134b2c954', 'bandage2', 0, 0),
	(286, 'steam:110000134b2c954', 'monster4', 0, 0),
	(287, 'steam:110000134b2c954', 'zr3803', 0, 0),
	(288, 'steam:110000134b2c954', 'dominator4', 0, 0),
	(289, 'steam:110000134b2c954', 'slamvan4', 0, 0),
	(290, 'steam:110000134b2c954', 'issi6', 0, 0),
	(291, 'steam:110000134b2c954', 'bruiser', 0, 0),
	(292, 'steam:110000134b2c954', 'bulletproof', 0, 0),
	(293, 'steam:110000134b2c954', 'scarab3', 0, 0),
	(294, 'steam:110000134b2c954', 'zr3802', 0, 0),
	(295, 'steam:110000134b2c954', 'zr380', 0, 0),
	(296, 'steam:110000134b2c954', 'boxflare', 0, 0),
	(297, 'steam:110000134b2c954', 'tulip', 0, 0),
	(298, 'steam:110000134b2c954', 'vamos', 0, 0),
	(299, 'steam:110000134b2c954', 'issi4', 0, 0),
	(300, 'steam:110000134b2c954', 'bruiser3', 0, 0),
	(301, 'steam:110000134b2c954', 'binoculars', 0, 0),
	(302, 'steam:110000134b2c954', 'slamvan6', 0, 0),
	(303, 'steam:110000134b2c954', 'marijuana', 0, 0),
	(304, 'steam:110000134b2c954', 'boxrifle', 0, 0),
	(305, 'steam:110000134b2c954', 'boxpistol', 0, 0),
	(306, 'steam:110000134b2c954', 'scarab2', 0, 0),
	(307, 'steam:110000134b2c954', 'brutus2', 0, 0),
	(308, 'steam:110000134b2c954', 'scarab', 0, 0),
	(309, 'steam:110000134b2c954', 'slamvan5', 0, 0),
	(310, 'steam:110000134b2c954', 'repairkit', 0, 0),
	(311, 'steam:110000134b2c954', 'imperator3', 0, 0),
	(312, 'steam:110000134b2c954', 'oxygenmask', 0, 0),
	(313, 'steam:110000134b2c954', 'impaler3', 0, 0),
	(314, 'steam:110000134b2c954', 'cerberus2', 0, 0),
	(315, 'steam:110000134b2c954', 'monster3', 0, 0),
	(316, 'steam:110000134b2c954', 'bruiser2', 0, 0),
	(317, 'steam:110000134b2c954', 'medikit', 0, 0),
	(318, 'steam:110000134b2c954', 'impaler2', 0, 0),
	(319, 'steam:110000134b2c954', 'issi5', 0, 0),
	(320, 'steam:110000134b2c954', 'boxshot', 0, 0),
	(321, 'steam:110000134b2c954', 'deathbike3', 0, 0),
	(322, 'steam:110000134b2c954', 'imperator2', 0, 0),
	(323, 'steam:110000134b2c954', 'monster5', 0, 0),
	(324, 'steam:110000134b2c954', 'boxsniper', 0, 0),
	(325, 'steam:110000134b2c954', 'boxsmg', 0, 0),
	(326, 'steam:110000134b2c954', 'deviant', 0, 0),
	(327, 'steam:110000134b2c954', 'impaler4', 0, 0),
	(328, 'steam:110000134b2c954', 'dominator6', 0, 0),
	(329, 'steam:110000134b2c954', 'deathbike', 0, 0),
	(330, 'steam:110000134b2c954', 'cannabis', 0, 0),
	(331, 'steam:110000134b2c954', 'impaler', 0, 0),
	(332, 'steam:110000134b2c954', 'cerberus3', 0, 0),
	(333, 'steam:110000134b2c954', 'brutus3', 0, 0),
	(334, 'steam:110000134b2c954', 'imperator', 0, 0),
	(335, 'steam:110000134b2c954', 'dominator5', 0, 0),
	(336, 'steam:110000134b2c954', 'brutus', 0, 0),
	(337, 'steam:110000131e1dcdb', 'cerberus', 0, 0),
	(338, 'steam:110000131e1dcdb', 'deathbike2', 0, 0),
	(339, 'steam:110000131e1dcdb', 'bandage2', 0, 0),
	(340, 'steam:110000131e1dcdb', 'bandage', 0, 0),
	(341, 'steam:110000131e1dcdb', 'boxmg', 0, 0),
	(342, 'steam:110000131e1dcdb', 'monster4', 0, 0),
	(343, 'steam:110000131e1dcdb', 'zr3803', 0, 0),
	(344, 'steam:110000131e1dcdb', 'slamvan4', 0, 0),
	(345, 'steam:110000131e1dcdb', 'dominator4', 0, 0),
	(346, 'steam:110000131e1dcdb', 'issi6', 0, 0),
	(347, 'steam:110000131e1dcdb', 'bruiser', 0, 0),
	(348, 'steam:110000131e1dcdb', 'bulletproof', 0, 0),
	(349, 'steam:110000131e1dcdb', 'scarab3', 0, 0),
	(350, 'steam:110000131e1dcdb', 'zr3802', 0, 0),
	(351, 'steam:110000131e1dcdb', 'zr380', 0, 0),
	(352, 'steam:110000131e1dcdb', 'boxflare', 0, 0),
	(353, 'steam:110000131e1dcdb', 'tulip', 0, 0),
	(354, 'steam:110000131e1dcdb', 'vamos', 0, 0),
	(355, 'steam:110000131e1dcdb', 'issi4', 0, 0),
	(356, 'steam:110000131e1dcdb', 'bruiser3', 0, 0),
	(357, 'steam:110000131e1dcdb', 'binoculars', 0, 0),
	(358, 'steam:110000131e1dcdb', 'slamvan6', 0, 0),
	(359, 'steam:110000131e1dcdb', 'marijuana', 0, 0),
	(360, 'steam:110000131e1dcdb', 'boxrifle', 0, 0),
	(361, 'steam:110000131e1dcdb', 'boxpistol', 0, 0),
	(362, 'steam:110000131e1dcdb', 'slamvan5', 0, 0),
	(363, 'steam:110000131e1dcdb', 'scarab2', 0, 0),
	(364, 'steam:110000131e1dcdb', 'brutus2', 0, 0),
	(365, 'steam:110000131e1dcdb', 'scarab', 0, 0),
	(366, 'steam:110000131e1dcdb', 'repairkit', 0, 0),
	(367, 'steam:110000131e1dcdb', 'imperator3', 0, 0),
	(368, 'steam:110000131e1dcdb', 'oxygenmask', 0, 0),
	(369, 'steam:110000131e1dcdb', 'impaler3', 0, 0),
	(370, 'steam:110000131e1dcdb', 'cerberus2', 0, 0),
	(371, 'steam:110000131e1dcdb', 'monster3', 0, 0),
	(372, 'steam:110000131e1dcdb', 'bruiser2', 0, 0),
	(373, 'steam:110000131e1dcdb', 'medikit', 0, 0),
	(374, 'steam:110000131e1dcdb', 'impaler2', 0, 0),
	(375, 'steam:110000131e1dcdb', 'issi5', 0, 0),
	(376, 'steam:110000131e1dcdb', 'boxshot', 0, 0),
	(377, 'steam:110000131e1dcdb', 'deathbike3', 0, 0),
	(378, 'steam:110000131e1dcdb', 'imperator2', 0, 0),
	(379, 'steam:110000131e1dcdb', 'monster5', 0, 0),
	(380, 'steam:110000131e1dcdb', 'boxsniper', 0, 0),
	(381, 'steam:110000131e1dcdb', 'boxsmg', 0, 0),
	(382, 'steam:110000131e1dcdb', 'deviant', 0, 0),
	(383, 'steam:110000131e1dcdb', 'impaler4', 0, 0),
	(384, 'steam:110000131e1dcdb', 'dominator6', 0, 0),
	(385, 'steam:110000131e1dcdb', 'deathbike', 0, 0),
	(386, 'steam:110000131e1dcdb', 'cannabis', 0, 0),
	(387, 'steam:110000131e1dcdb', 'impaler', 0, 0),
	(388, 'steam:110000131e1dcdb', 'cerberus3', 0, 0),
	(389, 'steam:110000131e1dcdb', 'brutus3', 0, 0),
	(390, 'steam:110000131e1dcdb', 'imperator', 0, 0),
	(391, 'steam:110000131e1dcdb', 'dominator5', 0, 0),
	(392, 'steam:110000131e1dcdb', 'brutus', 0, 0),
	(393, 'steam:110000134b2c954', 'bread', 0, 0),
	(394, 'steam:110000134b2c954', 'wheat', 0, 0),
	(395, 'steam:110000134b2c954', 'water', 0, 0),
	(396, 'steam:110000134b2c954', 'v8engine', 0, 0),
	(397, 'steam:110000134b2c954', 'turbo_lvl_1', 0, 0),
	(398, 'steam:110000134b2c954', 'weapon_suppressor', 0, 0),
	(399, 'steam:110000134b2c954', 'weapon_luxary_finish', 0, 0),
	(400, 'steam:110000134b2c954', 'shotgun_clip', 0, 0),
	(401, 'steam:110000134b2c954', 'weapon_tint_army', 0, 0),
	(402, 'steam:110000134b2c954', 'weapon_clip_extended', 0, 0),
	(403, 'steam:110000134b2c954', 'sniper_clip', 0, 0),
	(404, 'steam:110000134b2c954', '2jzengine', 0, 0),
	(405, 'steam:110000134b2c954', 'weapon_tint_green', 0, 0),
	(406, 'steam:110000134b2c954', 'race_brakes', 0, 0),
	(407, 'steam:110000134b2c954', 'mechanic_tools', 0, 0),
	(408, 'steam:110000134b2c954', 'armor', 0, 0),
	(409, 'steam:110000134b2c954', 'weapon_tint_pink', 0, 0),
	(410, 'steam:110000134b2c954', 'weapon_tint_orange', 0, 0),
	(411, 'steam:110000134b2c954', 'weapon_tint_lspd', 0, 0),
	(412, 'steam:110000134b2c954', 'weapon_tint_gold', 0, 0),
	(413, 'steam:110000134b2c954', 'toolbox', 0, 0),
	(414, 'steam:110000134b2c954', 'michelin_tires', 0, 0),
	(415, 'steam:110000134b2c954', 'smg_clip', 0, 0),
	(416, 'steam:110000134b2c954', 'race_transmition', 0, 0),
	(417, 'steam:110000134b2c954', 'lightsmg_clip', 0, 0),
	(418, 'steam:110000134b2c954', 'race_suspension', 0, 0),
	(419, 'steam:110000134b2c954', 'weapon_flashlight', 0, 0),
	(420, 'steam:110000134b2c954', 'rifle_clip', 0, 0),
	(421, 'steam:110000134b2c954', 'pistol_clip', 0, 0),
	(422, 'steam:110000134b2c954', 'weapon_tint_platinum', 0, 0),
	(423, 'steam:110000134b2c954', 'wood', 0, 0),
	(424, 'steam:110000134b2c954', 'iron', 0, 0),
	(425, 'steam:110000134b2c954', 'copper', 0, 0),
	(426, 'steam:110000134b2c954', 'shell_oil', 0, 0),
	(427, 'steam:110000134b2c954', 'stock_oil', 0, 0),
	(428, 'steam:110000134b2c954', 'health', 0, 0),
	(429, 'steam:110000134b2c954', 'nos', 0, 0),
	(430, 'steam:110000134b2c954', 'neckbrace', 0, 0),
	(431, 'steam:110000134b2c954', 'stock_suspension', 0, 0),
	(432, 'steam:110000134b2c954', 'legbrace', 0, 0),
	(433, 'steam:110000134b2c954', 'piston', 0, 0),
	(434, 'steam:110000134b2c954', 'stock_transmition', 0, 0),
	(435, 'steam:110000134b2c954', 'rubber', 0, 0),
	(436, 'steam:110000134b2c954', 'stock_engine', 0, 0),
	(437, 'steam:110000134b2c954', 'stock_tires', 0, 0),
	(438, 'steam:110000134b2c954', 'bodybandage', 0, 0),
	(439, 'steam:110000134b2c954', 'armbrace', 0, 0),
	(440, 'steam:110000134b2c954', 'lootchest', 0, 0),
	(441, 'steam:11000014149b4eb', 'lootchest', 0, 0),
	(442, 'steam:11000014149b4eb', 'race_transmition', 0, 0),
	(443, 'steam:11000014149b4eb', 'vamos', 0, 0),
	(444, 'steam:11000014149b4eb', 'cerberus', 0, 0),
	(445, 'steam:11000014149b4eb', 'weapon_tint_platinum', 0, 0),
	(446, 'steam:11000014149b4eb', 'race_brakes', 0, 0),
	(447, 'steam:11000014149b4eb', 'monster4', 0, 0),
	(448, 'steam:11000014149b4eb', 'iron', 0, 0),
	(449, 'steam:11000014149b4eb', 'nos', 0, 0),
	(450, 'steam:11000014149b4eb', 'imperator', 0, 0),
	(451, 'steam:11000014149b4eb', 'cerberus2', 0, 0),
	(452, 'steam:11000014149b4eb', 'scarab3', 0, 0),
	(453, 'steam:11000014149b4eb', 'brutus', 0, 0),
	(454, 'steam:11000014149b4eb', 'turbo_lvl_1', 0, 0),
	(455, 'steam:11000014149b4eb', 'impaler', 0, 0),
	(456, 'steam:11000014149b4eb', 'oxygenmask', 0, 0),
	(457, 'steam:11000014149b4eb', 'v8engine', 0, 0),
	(458, 'steam:11000014149b4eb', 'cerberus3', 0, 0),
	(459, 'steam:11000014149b4eb', 'bread', 199, 0),
	(460, 'steam:11000014149b4eb', 'imperator3', 0, 0),
	(461, 'steam:11000014149b4eb', 'dominator5', 0, 0),
	(462, 'steam:11000014149b4eb', 'binoculars', 0, 0),
	(463, 'steam:11000014149b4eb', 'boxsniper', 0, 0),
	(464, 'steam:11000014149b4eb', 'boxflare', 0, 0),
	(465, 'steam:11000014149b4eb', 'bandage', 0, 0),
	(466, 'steam:11000014149b4eb', 'brutus2', 0, 0),
	(467, 'steam:11000014149b4eb', 'weapon_tint_green', 0, 0),
	(468, 'steam:11000014149b4eb', 'deviant', 0, 0),
	(469, 'steam:11000014149b4eb', 'tulip', 0, 0),
	(470, 'steam:11000014149b4eb', 'wood', 0, 0),
	(471, 'steam:11000014149b4eb', 'neckbrace', 0, 0),
	(472, 'steam:11000014149b4eb', 'slamvan6', 0, 0),
	(473, 'steam:11000014149b4eb', 'slamvan4', 0, 0),
	(474, 'steam:11000014149b4eb', 'bulletproof', 0, 0),
	(475, 'steam:11000014149b4eb', 'zr3802', 0, 0),
	(476, 'steam:11000014149b4eb', 'bruiser3', 0, 0),
	(477, 'steam:11000014149b4eb', 'piston', 0, 0),
	(478, 'steam:11000014149b4eb', 'race_suspension', 0, 0),
	(479, 'steam:11000014149b4eb', '2jzengine', 0, 0),
	(480, 'steam:11000014149b4eb', 'issi5', 0, 0),
	(481, 'steam:11000014149b4eb', 'health', 0, 0),
	(482, 'steam:11000014149b4eb', 'marijuana', 0, 0),
	(483, 'steam:11000014149b4eb', 'stock_transmition', 0, 0),
	(484, 'steam:11000014149b4eb', 'stock_oil', 0, 0),
	(485, 'steam:11000014149b4eb', 'weapon_tint_pink', 0, 0),
	(486, 'steam:11000014149b4eb', 'smg_clip', 0, 0),
	(487, 'steam:11000014149b4eb', 'weapon_tint_orange', 0, 0),
	(488, 'steam:11000014149b4eb', 'scarab', 0, 0),
	(489, 'steam:11000014149b4eb', 'brutus3', 0, 0),
	(490, 'steam:11000014149b4eb', 'weapon_tint_gold', 0, 0),
	(491, 'steam:11000014149b4eb', 'stock_engine', 0, 0),
	(492, 'steam:11000014149b4eb', 'weapon_suppressor', 0, 0),
	(493, 'steam:11000014149b4eb', 'issi4', 0, 0),
	(494, 'steam:11000014149b4eb', 'toolbox', 0, 0),
	(495, 'steam:11000014149b4eb', 'weapon_flashlight', 0, 0),
	(496, 'steam:11000014149b4eb', 'weapon_clip_extended', 0, 0),
	(497, 'steam:11000014149b4eb', 'deathbike3', 0, 0),
	(498, 'steam:11000014149b4eb', 'boxmg', 0, 0),
	(499, 'steam:11000014149b4eb', 'zr3803', 0, 0),
	(500, 'steam:11000014149b4eb', 'bruiser', 0, 0),
	(501, 'steam:11000014149b4eb', 'copper', 0, 0),
	(502, 'steam:11000014149b4eb', 'stock_tires', 0, 0),
	(503, 'steam:11000014149b4eb', 'lightsmg_clip', 0, 0),
	(504, 'steam:11000014149b4eb', 'medikit', 0, 0),
	(505, 'steam:11000014149b4eb', 'boxrifle', 0, 0),
	(506, 'steam:11000014149b4eb', 'dominator6', 0, 0),
	(507, 'steam:11000014149b4eb', 'deathbike2', 0, 0),
	(508, 'steam:11000014149b4eb', 'weapon_tint_army', 0, 0),
	(509, 'steam:11000014149b4eb', 'sniper_clip', 0, 0),
	(510, 'steam:11000014149b4eb', 'bandage2', 0, 0),
	(511, 'steam:11000014149b4eb', 'impaler3', 0, 0),
	(512, 'steam:11000014149b4eb', 'boxpistol', 0, 0),
	(513, 'steam:11000014149b4eb', 'boxsmg', 0, 0),
	(514, 'steam:11000014149b4eb', 'shotgun_clip', 0, 0),
	(515, 'steam:11000014149b4eb', 'stock_suspension', 0, 0),
	(516, 'steam:11000014149b4eb', 'armor', 0, 0),
	(517, 'steam:11000014149b4eb', 'scarab2', 0, 0),
	(518, 'steam:11000014149b4eb', 'weapon_tint_lspd', 0, 0),
	(519, 'steam:11000014149b4eb', 'rubber', 0, 0),
	(520, 'steam:11000014149b4eb', 'rifle_clip', 0, 0),
	(521, 'steam:11000014149b4eb', 'repairkit', 0, 0),
	(522, 'steam:11000014149b4eb', 'zr380', 0, 0),
	(523, 'steam:11000014149b4eb', 'cannabis', 0, 0),
	(524, 'steam:11000014149b4eb', 'pistol_clip', 0, 0),
	(525, 'steam:11000014149b4eb', 'michelin_tires', 0, 0),
	(526, 'steam:11000014149b4eb', 'monster5', 0, 0),
	(527, 'steam:11000014149b4eb', 'impaler4', 0, 0),
	(528, 'steam:11000014149b4eb', 'boxshot', 0, 0),
	(529, 'steam:11000014149b4eb', 'monster3', 0, 0),
	(530, 'steam:11000014149b4eb', 'weapon_luxary_finish', 0, 0),
	(531, 'steam:11000014149b4eb', 'dominator4', 0, 0),
	(532, 'steam:11000014149b4eb', 'bruiser2', 0, 0),
	(533, 'steam:11000014149b4eb', 'imperator2', 0, 0),
	(534, 'steam:11000014149b4eb', 'impaler2', 0, 0),
	(535, 'steam:11000014149b4eb', 'shell_oil', 0, 0),
	(536, 'steam:11000014149b4eb', 'wheat', 0, 0),
	(537, 'steam:11000014149b4eb', 'slamvan5', 0, 0),
	(538, 'steam:11000014149b4eb', 'bodybandage', 0, 0),
	(539, 'steam:11000014149b4eb', 'mechanic_tools', 0, 0),
	(540, 'steam:11000014149b4eb', 'legbrace', 0, 0),
	(541, 'steam:11000014149b4eb', 'issi6', 0, 0),
	(542, 'steam:11000014149b4eb', 'armbrace', 0, 0),
	(543, 'steam:11000014149b4eb', 'deathbike', 0, 0),
	(544, 'steam:11000014149b4eb', 'water', 10, 0),
	(545, 'steam:11000014149b4eb', 'lootchest3', 0, 0),
	(546, 'steam:11000014149b4eb', 'lootchest7', 0, 0),
	(547, 'steam:11000014149b4eb', 'lootchest4', 0, 0),
	(548, 'steam:11000014149b4eb', 'lootchest6', 0, 0),
	(549, 'steam:11000014149b4eb', 'lootchest5', 0, 0),
	(550, 'steam:11000014149b4eb', 'lootchest2', 0, 0),
	(551, 'steam:110000134b2c954', 'lootchest3', 0, 0),
	(552, 'steam:110000134b2c954', 'lootchest2', 0, 0),
	(553, 'steam:110000134b2c954', 'lootchest4', 0, 0),
	(554, 'steam:110000134b2c954', 'lootchest5', 0, 0),
	(555, 'steam:110000134b2c954', 'lootchest6', 0, 0),
	(556, 'steam:110000134b2c954', 'lootchest7', 0, 0),
	(557, 'steam:110000134b2c954', 'boost3', 0, 0),
	(558, 'steam:110000134b2c954', 'huntingknife', 0, 0),
	(559, 'steam:110000134b2c954', 'coyotemeat', 0, 0),
	(560, 'steam:110000134b2c954', 'boost2', 0, 0),
	(561, 'steam:110000134b2c954', 'deermeat', 0, 0),
	(562, 'steam:110000134b2c954', 'boost1', 0, 0),
	(563, 'steam:110000134b2c954', 'huntingbait', 0, 0),
	(564, 'steam:110000134b2c954', 'deerskin', 0, 0),
	(565, 'steam:110000134b2c954', 'boartusk', 0, 0),
	(566, 'steam:110000134b2c954', 'coyotefur', 0, 0),
	(567, 'steam:110000134b2c954', 'boarmeat', 0, 0),
	(568, 'steam:110000134b2c954', 'campingset', 0, 0),
	(569, 'steam:11000014371d5b4', 'lootchest5', 0, 0),
	(570, 'steam:11000014371d5b4', 'impaler2', 0, 0),
	(571, 'steam:11000014371d5b4', 'boxflare', 0, 0),
	(572, 'steam:11000014371d5b4', 'issi4', 0, 0),
	(573, 'steam:11000014371d5b4', 'deathbike2', 0, 0),
	(574, 'steam:11000014371d5b4', 'race_transmition', 0, 0),
	(575, 'steam:11000014371d5b4', 'bandage2', 0, 0),
	(576, 'steam:11000014371d5b4', 'bruiser2', 0, 0),
	(577, 'steam:11000014371d5b4', 'oxygenmask', 0, 0),
	(578, 'steam:11000014371d5b4', 'bread', 497, 0),
	(579, 'steam:11000014371d5b4', 'pistol_clip', 0, 0),
	(580, 'steam:11000014371d5b4', 'medikit', 0, 0),
	(581, 'steam:11000014371d5b4', 'rubber', 0, 0),
	(582, 'steam:11000014371d5b4', 'dominator4', 0, 0),
	(583, 'steam:11000014371d5b4', 'coyotemeat', 0, 0),
	(584, 'steam:11000014371d5b4', 'zr3803', 0, 0),
	(585, 'steam:11000014371d5b4', 'zr3802', 0, 0),
	(586, 'steam:11000014371d5b4', 'zr380', 0, 0),
	(587, 'steam:11000014371d5b4', 'toolbox', 0, 0),
	(588, 'steam:11000014371d5b4', 'wood', 0, 0),
	(589, 'steam:11000014371d5b4', 'deviant', 0, 0),
	(590, 'steam:11000014371d5b4', 'cannabis', 0, 0),
	(591, 'steam:11000014371d5b4', 'michelin_tires', 0, 0),
	(592, 'steam:11000014371d5b4', 'deathbike3', 0, 0),
	(593, 'steam:11000014371d5b4', 'campingset', 0, 0),
	(594, 'steam:11000014371d5b4', 'dominator5', 0, 0),
	(595, 'steam:11000014371d5b4', 'brutus', 0, 0),
	(596, 'steam:11000014371d5b4', 'v8engine', 0, 0),
	(597, 'steam:11000014371d5b4', 'boxsmg', 0, 0),
	(598, 'steam:11000014371d5b4', 'armor', 0, 0),
	(599, 'steam:11000014371d5b4', '2jzengine', 0, 0),
	(600, 'steam:11000014371d5b4', 'weapon_tint_platinum', 0, 0),
	(601, 'steam:11000014371d5b4', 'scarab3', 0, 0),
	(602, 'steam:11000014371d5b4', 'imperator3', 0, 0),
	(603, 'steam:11000014371d5b4', 'impaler', 0, 0),
	(604, 'steam:11000014371d5b4', 'weapon_tint_orange', 0, 0),
	(605, 'steam:11000014371d5b4', 'weapon_tint_lspd', 0, 0),
	(606, 'steam:11000014371d5b4', 'turbo_lvl_1', 0, 0),
	(607, 'steam:11000014371d5b4', 'issi6', 0, 0),
	(608, 'steam:11000014371d5b4', 'weapon_tint_green', 0, 0),
	(609, 'steam:11000014371d5b4', 'weapon_tint_gold', 0, 0),
	(610, 'steam:11000014371d5b4', 'weapon_tint_army', 0, 0),
	(611, 'steam:11000014371d5b4', 'weapon_suppressor', 0, 0),
	(612, 'steam:11000014371d5b4', 'weapon_luxary_finish', 0, 0),
	(613, 'steam:11000014371d5b4', 'stock_oil', 0, 0),
	(614, 'steam:11000014371d5b4', 'boxpistol', 0, 0),
	(615, 'steam:11000014371d5b4', 'boarmeat', 0, 0),
	(616, 'steam:11000014371d5b4', 'binoculars', 0, 0),
	(617, 'steam:11000014371d5b4', 'weapon_flashlight', 0, 0),
	(618, 'steam:11000014371d5b4', 'lootchest6', 0, 0),
	(619, 'steam:11000014371d5b4', 'weapon_clip_extended', 0, 0),
	(620, 'steam:11000014371d5b4', 'lootchest7', 0, 0),
	(621, 'steam:11000014371d5b4', 'lootchest4', 0, 0),
	(622, 'steam:11000014371d5b4', 'boost2', 0, 0),
	(623, 'steam:11000014371d5b4', 'race_brakes', 0, 0),
	(624, 'steam:11000014371d5b4', 'dominator6', 0, 0),
	(625, 'steam:11000014371d5b4', 'wheat', 0, 0),
	(626, 'steam:11000014371d5b4', 'tulip', 0, 0),
	(627, 'steam:11000014371d5b4', 'boxshot', 0, 0),
	(628, 'steam:11000014371d5b4', 'stock_transmition', 0, 0),
	(629, 'steam:11000014371d5b4', 'brutus2', 0, 0),
	(630, 'steam:11000014371d5b4', 'lootchest3', 0, 0),
	(631, 'steam:11000014371d5b4', 'bruiser3', 0, 0),
	(632, 'steam:11000014371d5b4', 'impaler4', 0, 0),
	(633, 'steam:11000014371d5b4', 'monster3', 0, 0),
	(634, 'steam:11000014371d5b4', 'cerberus', 0, 0),
	(635, 'steam:11000014371d5b4', 'sniper_clip', 0, 0),
	(636, 'steam:11000014371d5b4', 'smg_clip', 0, 0),
	(637, 'steam:11000014371d5b4', 'slamvan6', 0, 0),
	(638, 'steam:11000014371d5b4', 'boartusk', 0, 0),
	(639, 'steam:11000014371d5b4', 'lootchest', 0, 0),
	(640, 'steam:11000014371d5b4', 'huntingbait', 0, 0),
	(641, 'steam:11000014371d5b4', 'scarab2', 0, 0),
	(642, 'steam:11000014371d5b4', 'slamvan4', 0, 0),
	(643, 'steam:11000014371d5b4', 'shotgun_clip', 0, 0),
	(644, 'steam:11000014371d5b4', 'shell_oil', 0, 0),
	(645, 'steam:11000014371d5b4', 'weapon_tint_pink', 0, 0),
	(646, 'steam:11000014371d5b4', 'boxmg', 0, 0),
	(647, 'steam:11000014371d5b4', 'scarab', 0, 0),
	(648, 'steam:11000014371d5b4', 'deathbike', 0, 0),
	(649, 'steam:11000014371d5b4', 'monster5', 0, 0),
	(650, 'steam:11000014371d5b4', 'rifle_clip', 0, 0),
	(651, 'steam:11000014371d5b4', 'bandage', 7, 0),
	(652, 'steam:11000014371d5b4', 'repairkit', 0, 0),
	(653, 'steam:11000014371d5b4', 'race_suspension', 0, 0),
	(654, 'steam:11000014371d5b4', 'bulletproof', 0, 0),
	(655, 'steam:11000014371d5b4', 'piston', 0, 0),
	(656, 'steam:11000014371d5b4', 'vamos', 0, 0),
	(657, 'steam:11000014371d5b4', 'cerberus3', 0, 0),
	(658, 'steam:11000014371d5b4', 'monster4', 0, 0),
	(659, 'steam:11000014371d5b4', 'deerskin', 0, 0),
	(660, 'steam:11000014371d5b4', 'deermeat', 0, 0),
	(661, 'steam:11000014371d5b4', 'issi5', 0, 0),
	(662, 'steam:11000014371d5b4', 'stock_engine', 0, 0),
	(663, 'steam:11000014371d5b4', 'mechanic_tools', 0, 0),
	(664, 'steam:11000014371d5b4', 'brutus3', 0, 0),
	(665, 'steam:11000014371d5b4', 'health', 0, 0),
	(666, 'steam:11000014371d5b4', 'bruiser', 0, 0),
	(667, 'steam:11000014371d5b4', 'marijuana', 0, 0),
	(668, 'steam:11000014371d5b4', 'water', 0, 0),
	(669, 'steam:11000014371d5b4', 'boost1', 0, 0),
	(670, 'steam:11000014371d5b4', 'stock_tires', 0, 0),
	(671, 'steam:11000014371d5b4', 'cerberus2', 0, 0),
	(672, 'steam:11000014371d5b4', 'imperator2', 0, 0),
	(673, 'steam:11000014371d5b4', 'lootchest2', 0, 0),
	(674, 'steam:11000014371d5b4', 'lightsmg_clip', 0, 0),
	(675, 'steam:11000014371d5b4', 'iron', 0, 0),
	(676, 'steam:11000014371d5b4', 'nos', 0, 0),
	(677, 'steam:11000014371d5b4', 'boost3', 0, 0),
	(678, 'steam:11000014371d5b4', 'boxrifle', 0, 0),
	(679, 'steam:11000014371d5b4', 'coyotefur', 0, 0),
	(680, 'steam:11000014371d5b4', 'stock_suspension', 0, 0),
	(681, 'steam:11000014371d5b4', 'imperator', 0, 0),
	(682, 'steam:11000014371d5b4', 'impaler3', 0, 0),
	(683, 'steam:11000014371d5b4', 'boxsniper', 0, 0),
	(684, 'steam:11000014371d5b4', 'copper', 0, 0),
	(685, 'steam:11000014371d5b4', 'huntingknife', 0, 0),
	(686, 'steam:11000014371d5b4', 'slamvan5', 0, 0),
	(687, 'steam:11000014371d5b4', 'hackerDevice', 0, 0),
	(688, 'steam:11000014371d5b4', 'bp_michelin_tires', 0, 0),
	(689, 'steam:11000014371d5b4', 'weed4g', 0, 0),
	(690, 'steam:11000014371d5b4', 'joint2g', 0, 0),
	(691, 'steam:11000014371d5b4', 'bp_Armor', 0, 0),
	(692, 'steam:11000014371d5b4', 'WEAPON_COMBATPISTOL', 0, 0),
	(693, 'steam:11000014371d5b4', 'antidot', 0, 0),
	(694, 'steam:11000014371d5b4', 'WEAPON_GRENADE', 0, 0),
	(695, 'steam:11000014371d5b4', 'bp_lootchest', 0, 0),
	(696, 'steam:11000014371d5b4', 'bp_lootchest7', 0, 0),
	(697, 'steam:11000014371d5b4', 'WEAPON_PISTOL50', 0, 0),
	(698, 'steam:11000014371d5b4', 'WEAPON_COMBATSHOTGUN', 0, 0),
	(699, 'steam:11000014371d5b4', 'WEAPON_BZGAS', 0, 0),
	(700, 'steam:11000014371d5b4', 'WEAPON_SAWNOFFSHOTGUN', 0, 0),
	(701, 'steam:11000014371d5b4', 'cokebrick', 0, 0),
	(702, 'steam:11000014371d5b4', 'alcohol', 0, 0),
	(703, 'steam:11000014371d5b4', 'WEAPON_ASSUALTRIFLE', 0, 0),
	(704, 'steam:11000014371d5b4', 'WEAPON_MUSKET', 0, 0),
	(705, 'steam:11000014371d5b4', 'WEAPON_ASSUALTSMG', 0, 0),
	(706, 'steam:11000014371d5b4', 'WEAPON_BULLPUPRIFLE', 0, 0),
	(707, 'steam:11000014371d5b4', 'WEAPON_MINISMG', 0, 0),
	(708, 'steam:11000014371d5b4', 'WEAPON_ASSAULTSHOTGUN', 0, 0),
	(709, 'steam:11000014371d5b4', 'bp_race_transmition', 0, 0),
	(710, 'steam:11000014371d5b4', 'bp_lootchest5', 0, 0),
	(711, 'steam:11000014371d5b4', 'WEAPON_PROXMINE', 0, 0),
	(712, 'steam:11000014371d5b4', 'coke10g', 0, 0),
	(713, 'steam:11000014371d5b4', 'WEAPON_DBSHOTGUN', 0, 0),
	(714, 'steam:11000014371d5b4', 'bp_race_brakes', 0, 0),
	(715, 'steam:11000014371d5b4', 'WEAPON_HOMINGLAUNCHER', 0, 0),
	(716, 'steam:11000014371d5b4', 'WEAPON_SNSPISTOL', 0, 0),
	(717, 'steam:11000014371d5b4', 'WEAPON_DOUBLEACTION', 0, 0),
	(718, 'steam:11000014371d5b4', 'cloth', 0, 0),
	(719, 'steam:11000014371d5b4', 'bp_piston', 0, 0),
	(720, 'steam:11000014371d5b4', 'bp_stock_tires', 0, 0),
	(721, 'steam:11000014371d5b4', 'WEAPON_MG', 0, 0),
	(722, 'steam:11000014371d5b4', 'bp_turbo_lvl_1', 0, 0),
	(723, 'steam:11000014371d5b4', 'WEAPON_AUTOSHOTGUN', 0, 0),
	(724, 'steam:11000014371d5b4', 'drugItem', 0, 0),
	(725, 'steam:11000014371d5b4', 'WEAPON_GRENADELAUNCHER', 0, 0),
	(726, 'steam:11000014371d5b4', 'gunpower', 0, 0),
	(727, 'steam:11000014371d5b4', 'bp_race_suspension', 0, 0),
	(728, 'steam:11000014371d5b4', 'WEAPON_MARKSMANRIFLE', 0, 0),
	(729, 'steam:11000014371d5b4', 'WEAPON_COMBATPDW', 0, 0),
	(730, 'steam:11000014371d5b4', 'bp_lootchest4', 0, 0),
	(731, 'steam:11000014371d5b4', 'WEAPON_MOLOTOV', 0, 0),
	(732, 'steam:11000014371d5b4', 'WEAPON_COMPACTRIFLE', 0, 0),
	(733, 'steam:11000014371d5b4', 'WEAPON_REVOLVER', 0, 0),
	(734, 'steam:11000014371d5b4', 'WEAPON_GADGETPISTOL', 0, 0),
	(735, 'steam:11000014371d5b4', 'scrap', 0, 0),
	(736, 'steam:11000014371d5b4', 'WEAPON_GUSENBERG', 0, 0),
	(737, 'steam:11000014371d5b4', 'WEAPON_PARACHUTE', 0, 0),
	(738, 'steam:11000014371d5b4', 'WEAPON_SNIPERRIFLE', 0, 0),
	(739, 'steam:11000014371d5b4', 'gasmask', 0, 0),
	(740, 'steam:11000014371d5b4', 'WEAPON_NAVYREVOLVER', 0, 0),
	(741, 'steam:11000014371d5b4', 'bp_nos', 0, 0),
	(742, 'steam:11000014371d5b4', 'meth1g', 0, 0),
	(743, 'steam:11000014371d5b4', 'bp_stock_suspension', 0, 0),
	(744, 'steam:11000014371d5b4', 'WEAPON_SPEACIALCARBINERIFLE', 0, 0),
	(745, 'steam:11000014371d5b4', 'WEAPON_PETROLCAN', 0, 0),
	(746, 'steam:11000014371d5b4', 'WEAPON_RPG', 0, 0),
	(747, 'steam:11000014371d5b4', 'WEAPON_VINTAGEPISTOL', 0, 0),
	(748, 'steam:11000014371d5b4', 'WEAPON_PISTOL', 0, 0),
	(749, 'steam:11000014371d5b4', 'bp_lootchest3', 0, 0),
	(750, 'steam:11000014371d5b4', 'bp_2jzengine', 0, 0),
	(751, 'steam:11000014371d5b4', 'WEAPON_MILITARYRIFLE', 0, 0),
	(752, 'steam:11000014371d5b4', 'weedbrick', 0, 0),
	(753, 'steam:11000014371d5b4', 'weed20g', 0, 0),
	(754, 'steam:11000014371d5b4', 'bp_stock_oil', 0, 0),
	(755, 'steam:11000014371d5b4', 'bp_lootchest2', 0, 0),
	(756, 'steam:11000014371d5b4', 'WEAPON_BULLPUPSHOTGUN', 0, 0),
	(757, 'steam:11000014371d5b4', 'bp_lootchest6', 0, 0),
	(758, 'steam:11000014371d5b4', 'WEAPON_APPISTOL', 0, 0),
	(759, 'steam:11000014371d5b4', 'rolpaper', 0, 0),
	(760, 'steam:11000014371d5b4', 'bp_stock_transmition', 0, 0),
	(761, 'steam:11000014371d5b4', 'WEAPON_PIPEBOMB', 0, 0),
	(762, 'steam:11000014371d5b4', 'bp_toolbox', 0, 0),
	(763, 'steam:11000014371d5b4', 'meth10g', 0, 0),
	(764, 'steam:11000014371d5b4', 'bp_mechanic_tools', 0, 0),
	(765, 'steam:11000014371d5b4', 'methbrick', 0, 0),
	(766, 'steam:11000014371d5b4', 'WEAPON_MARKSMANPISTOL', 0, 0),
	(767, 'steam:11000014371d5b4', 'bp_oxygenmask', 0, 0),
	(768, 'steam:11000014371d5b4', 'WEAPON_HEAVYPISTOL', 0, 0),
	(769, 'steam:11000014371d5b4', 'WEAPON_FIREWORK', 0, 0),
	(770, 'steam:11000014371d5b4', 'WEAPON_SMG', 0, 0),
	(771, 'steam:11000014371d5b4', 'WEAPON_HEAVYSNIPER', 0, 0),
	(772, 'steam:11000014371d5b4', 'WEAPON_COMPACTLAUNCHER', 0, 0),
	(773, 'steam:11000014371d5b4', 'WEAPON_MINIGUN', 0, 0),
	(774, 'steam:11000014371d5b4', 'WEAPON_HEAVYSHOTGUN', 0, 0),
	(775, 'steam:11000014371d5b4', 'hqscale', 0, 0),
	(776, 'steam:11000014371d5b4', 'drugbags', 0, 0),
	(777, 'steam:11000014371d5b4', 'WEAPON_MACHINEPISTOL', 0, 0),
	(778, 'steam:11000014371d5b4', 'WEAPON_CARBINERIFLE', 0, 0),
	(779, 'steam:11000014371d5b4', 'bp_v8engine', 0, 0),
	(780, 'steam:11000014371d5b4', 'WEAPON_ADVANCEDRIFLE', 0, 0),
	(781, 'steam:11000014371d5b4', 'ct', 0, 0),
	(782, 'steam:11000014371d5b4', 'WEAPON_STICKYBOMB', 0, 0),
	(783, 'steam:11000014371d5b4', 'bp_medikit', 0, 0),
	(784, 'steam:11000014371d5b4', 'WEAPON_FLARE', 0, 0),
	(785, 'steam:11000014371d5b4', 'bp_repairkit', 0, 0),
	(786, 'steam:11000014371d5b4', 'WEAPON_CERAMICPISTOL', 0, 0),
	(787, 'steam:11000014371d5b4', 'WEAPON_MICROSMG', 0, 0),
	(788, 'steam:11000014371d5b4', 'coke1g', 0, 0),
	(789, 'steam:11000014371d5b4', 'bp_shell_oil', 0, 0),
	(790, 'steam:11000014371d5b4', 'WEAPON_PUMPSHOTGUN', 0, 0),
	(791, 'steam:11000014371d5b4', 'WEAPON_COMBATMG', 0, 0),
	(792, 'steam:11000014371d5b4', 'WEAPON_FLAREGUN', 0, 0),
	(793, 'steam:11000014371d5b4', 'beerbottle', 0, 0),
	(794, 'steam:11000014371d5b4', 'bp_stock_engine', 0, 0),
	(795, 'steam:11000014371d5b4', 'WEAPON_COMBATMG_MK2', 0, 0),
	(796, 'steam:110000134b2c954', 'WEAPON_GADGETPISTOL', 0, 0),
	(797, 'steam:110000134b2c954', 'weed20g', 0, 0),
	(798, 'steam:110000134b2c954', 'WEAPON_AUTOSHOTGUN', 0, 0),
	(799, 'steam:110000134b2c954', 'bp_lootchest2', 0, 0),
	(800, 'steam:110000134b2c954', 'WEAPON_COMPACTLAUNCHER', 0, 0),
	(801, 'steam:110000134b2c954', 'WEAPON_REVOLVER', 0, 0),
	(802, 'steam:110000134b2c954', 'WEAPON_PISTOL50', 0, 0),
	(803, 'steam:110000134b2c954', 'WEAPON_PIPEBOMB', 0, 0),
	(804, 'steam:110000134b2c954', 'WEAPON_ASSAULTSHOTGUN', 0, 0),
	(805, 'steam:110000134b2c954', 'ct', 0, 0),
	(806, 'steam:110000134b2c954', 'scrap', 0, 0),
	(807, 'steam:110000134b2c954', 'bp_2jzengine', 0, 0),
	(808, 'steam:110000134b2c954', 'WEAPON_HEAVYSNIPER', 0, 0),
	(809, 'steam:110000134b2c954', 'WEAPON_HOMINGLAUNCHER', 0, 0),
	(810, 'steam:110000134b2c954', 'WEAPON_SNIPERRIFLE', 0, 0),
	(811, 'steam:110000134b2c954', 'WEAPON_COMBATPISTOL', 0, 0),
	(812, 'steam:110000134b2c954', 'bp_lootchest', 0, 0),
	(813, 'steam:110000134b2c954', 'bp_medikit', 0, 0),
	(814, 'steam:110000134b2c954', 'WEAPON_SMG', 0, 0),
	(815, 'steam:110000134b2c954', 'cloth', 0, 0),
	(816, 'steam:110000134b2c954', 'WEAPON_MG', 0, 0),
	(817, 'steam:110000134b2c954', 'WEAPON_PETROLCAN', 0, 0),
	(818, 'steam:110000134b2c954', 'WEAPON_SAWNOFFSHOTGUN', 0, 0),
	(819, 'steam:110000134b2c954', 'WEAPON_FIREWORK', 0, 0),
	(820, 'steam:110000134b2c954', 'drugbags', 0, 0),
	(821, 'steam:110000134b2c954', 'WEAPON_PISTOL', 0, 0),
	(822, 'steam:110000134b2c954', 'WEAPON_PARACHUTE', 0, 0),
	(823, 'steam:110000134b2c954', 'WEAPON_ASSUALTRIFLE', 0, 0),
	(824, 'steam:110000134b2c954', 'gunpower', 0, 0),
	(825, 'steam:110000134b2c954', 'WEAPON_GUSENBERG', 0, 0),
	(826, 'steam:110000134b2c954', 'meth10g', 0, 0),
	(827, 'steam:110000134b2c954', 'bp_oxygenmask', 0, 0),
	(828, 'steam:110000134b2c954', 'joint2g', 0, 0),
	(829, 'steam:110000134b2c954', 'WEAPON_GRENADE', 0, 0),
	(830, 'steam:110000134b2c954', 'bp_turbo_lvl_1', 0, 0),
	(831, 'steam:110000134b2c954', 'WEAPON_BULLPUPRIFLE', 0, 0),
	(832, 'steam:110000134b2c954', 'bp_race_suspension', 0, 0),
	(833, 'steam:110000134b2c954', 'WEAPON_NAVYREVOLVER', 0, 0),
	(834, 'steam:110000134b2c954', 'WEAPON_STICKYBOMB', 0, 0),
	(835, 'steam:110000134b2c954', 'WEAPON_FLAREGUN', 0, 0),
	(836, 'steam:110000134b2c954', 'WEAPON_PUMPSHOTGUN', 0, 0),
	(837, 'steam:110000134b2c954', 'bp_shell_oil', 0, 0),
	(838, 'steam:110000134b2c954', 'bp_lootchest6', 0, 0),
	(839, 'steam:110000134b2c954', 'bp_lootchest7', 0, 0),
	(840, 'steam:110000134b2c954', 'bp_stock_suspension', 0, 0),
	(841, 'steam:110000134b2c954', 'bp_lootchest5', 0, 0),
	(842, 'steam:110000134b2c954', 'WEAPON_FLARE', 0, 0),
	(843, 'steam:110000134b2c954', 'WEAPON_CERAMICPISTOL', 0, 0),
	(844, 'steam:110000134b2c954', 'WEAPON_MINIGUN', 0, 0),
	(845, 'steam:110000134b2c954', 'bp_stock_oil', 0, 0),
	(846, 'steam:110000134b2c954', 'WEAPON_GRENADELAUNCHER', 0, 0),
	(847, 'steam:110000134b2c954', 'bp_repairkit', 0, 0),
	(848, 'steam:110000134b2c954', 'WEAPON_VINTAGEPISTOL', 0, 0),
	(849, 'steam:110000134b2c954', 'WEAPON_RPG', 0, 0),
	(850, 'steam:110000134b2c954', 'meth1g', 0, 0),
	(851, 'steam:110000134b2c954', 'WEAPON_HEAVYPISTOL', 0, 0),
	(852, 'steam:110000134b2c954', 'WEAPON_MINISMG', 0, 0),
	(853, 'steam:110000134b2c954', 'gasmask', 0, 0),
	(854, 'steam:110000134b2c954', 'WEAPON_ADVANCEDRIFLE', 0, 0),
	(855, 'steam:110000134b2c954', 'WEAPON_MARKSMANPISTOL', 0, 0),
	(856, 'steam:110000134b2c954', 'bp_race_brakes', 0, 0),
	(857, 'steam:110000134b2c954', 'WEAPON_COMPACTRIFLE', 0, 0),
	(858, 'steam:110000134b2c954', 'WEAPON_ASSUALTSMG', 0, 0),
	(859, 'steam:110000134b2c954', 'weed4g', 0, 0),
	(860, 'steam:110000134b2c954', 'bp_stock_transmition', 0, 0),
	(861, 'steam:110000134b2c954', 'bp_mechanic_tools', 0, 0),
	(862, 'steam:110000134b2c954', 'bp_lootchest3', 0, 0),
	(863, 'steam:110000134b2c954', 'WEAPON_COMBATPDW', 0, 0),
	(864, 'steam:110000134b2c954', 'WEAPON_COMBATSHOTGUN', 0, 0),
	(865, 'steam:110000134b2c954', 'alcohol', 0, 0),
	(866, 'steam:110000134b2c954', 'weedbrick', 0, 0),
	(867, 'steam:110000134b2c954', 'WEAPON_BZGAS', 0, 0),
	(868, 'steam:110000134b2c954', 'WEAPON_DOUBLEACTION', 0, 0),
	(869, 'steam:110000134b2c954', 'bp_race_transmition', 0, 0),
	(870, 'steam:110000134b2c954', 'WEAPON_MICROSMG', 0, 0),
	(871, 'steam:110000134b2c954', 'hqscale', 0, 0),
	(872, 'steam:110000134b2c954', 'bp_michelin_tires', 0, 0),
	(873, 'steam:110000134b2c954', 'bp_v8engine', 0, 0),
	(874, 'steam:110000134b2c954', 'WEAPON_COMBATMG_MK2', 0, 0),
	(875, 'steam:110000134b2c954', 'WEAPON_APPISTOL', 0, 0),
	(876, 'steam:110000134b2c954', 'beerbottle', 0, 0),
	(877, 'steam:110000134b2c954', 'bp_Armor', 0, 0),
	(878, 'steam:110000134b2c954', 'rolpaper', 0, 0),
	(879, 'steam:110000134b2c954', 'bp_nos', 0, 0),
	(880, 'steam:110000134b2c954', 'cokebrick', 0, 0),
	(881, 'steam:110000134b2c954', 'antidot', 0, 0),
	(882, 'steam:110000134b2c954', 'WEAPON_HEAVYSHOTGUN', 0, 0),
	(883, 'steam:110000134b2c954', 'WEAPON_DBSHOTGUN', 0, 0),
	(884, 'steam:110000134b2c954', 'methbrick', 0, 0),
	(885, 'steam:110000134b2c954', 'WEAPON_SPEACIALCARBINERIFLE', 1, 0),
	(886, 'steam:110000134b2c954', 'WEAPON_BULLPUPSHOTGUN', 0, 0),
	(887, 'steam:110000134b2c954', 'coke10g', 0, 0),
	(888, 'steam:110000134b2c954', 'bp_stock_engine', 0, 0),
	(889, 'steam:110000134b2c954', 'bp_stock_tires', 0, 0),
	(890, 'steam:110000134b2c954', 'hackerDevice', 0, 0),
	(891, 'steam:110000134b2c954', 'WEAPON_MILITARYRIFLE', 0, 0),
	(892, 'steam:110000134b2c954', 'WEAPON_MUSKET', 0, 0),
	(893, 'steam:110000134b2c954', 'coke1g', 0, 0),
	(894, 'steam:110000134b2c954', 'WEAPON_CARBINERIFLE', 0, 0),
	(895, 'steam:110000134b2c954', 'WEAPON_MOLOTOV', 0, 0),
	(896, 'steam:110000134b2c954', 'WEAPON_SNSPISTOL', 0, 0),
	(897, 'steam:110000134b2c954', 'WEAPON_MACHINEPISTOL', 0, 0),
	(898, 'steam:110000134b2c954', 'bp_toolbox', 0, 0),
	(899, 'steam:110000134b2c954', 'drugItem', 0, 0),
	(900, 'steam:110000134b2c954', 'WEAPON_PROXMINE', 0, 0),
	(901, 'steam:110000134b2c954', 'WEAPON_COMBATMG', 0, 0),
	(902, 'steam:110000134b2c954', 'bp_piston', 0, 0),
	(903, 'steam:110000134b2c954', 'WEAPON_MARKSMANRIFLE', 0, 0),
	(904, 'steam:110000134b2c954', 'bp_lootchest4', 0, 0),
	(905, 'steam:110000134b2c954', 'phone', 0, 0),
	(906, 'steam:11000014149b4eb', 'bp_turbo_lvl_1', 0, 0),
	(907, 'steam:11000014149b4eb', 'bp_stock_transmition', 0, 0),
	(908, 'steam:11000014149b4eb', 'WEAPON_ASSAULTSHOTGUN', 0, 0),
	(909, 'steam:11000014149b4eb', 'WEAPON_PARACHUTE', 0, 0),
	(910, 'steam:11000014149b4eb', 'weed20g', 0, 0),
	(911, 'steam:11000014149b4eb', 'WEAPON_HEAVYSHOTGUN', 0, 0),
	(912, 'steam:11000014149b4eb', 'bp_stock_engine', 0, 0),
	(913, 'steam:11000014149b4eb', 'WEAPON_PETROLCAN', 0, 0),
	(914, 'steam:11000014149b4eb', 'bp_lootchest6', 0, 0),
	(915, 'steam:11000014149b4eb', 'WEAPON_MUSKET', 0, 0),
	(916, 'steam:11000014149b4eb', 'WEAPON_CARBINERIFLE', 0, 0),
	(917, 'steam:11000014149b4eb', 'weedbrick', 0, 0),
	(918, 'steam:11000014149b4eb', 'gunpower', 0, 0),
	(919, 'steam:11000014149b4eb', 'bp_stock_tires', 0, 0),
	(920, 'steam:11000014149b4eb', 'WEAPON_VINTAGEPISTOL', 0, 0),
	(921, 'steam:11000014149b4eb', 'WEAPON_PIPEBOMB', 0, 0),
	(922, 'steam:11000014149b4eb', 'WEAPON_AUTOSHOTGUN', 0, 0),
	(923, 'steam:11000014149b4eb', 'WEAPON_COMBATPISTOL', 0, 0),
	(924, 'steam:11000014149b4eb', 'bp_lootchest4', 0, 0),
	(925, 'steam:11000014149b4eb', 'bp_medikit', 0, 0),
	(926, 'steam:11000014149b4eb', 'ct', 0, 0),
	(927, 'steam:11000014149b4eb', 'bp_oxygenmask', 0, 0),
	(928, 'steam:11000014149b4eb', 'weed4g', 0, 0),
	(929, 'steam:11000014149b4eb', 'WEAPON_GADGETPISTOL', 0, 0),
	(930, 'steam:11000014149b4eb', 'WEAPON_MG', 0, 0),
	(931, 'steam:11000014149b4eb', 'WEAPON_FLARE', 0, 0),
	(932, 'steam:11000014149b4eb', 'bp_race_transmition', 0, 0),
	(933, 'steam:11000014149b4eb', 'bp_race_suspension', 0, 0),
	(934, 'steam:11000014149b4eb', 'WEAPON_SNIPERRIFLE', 0, 0),
	(935, 'steam:11000014149b4eb', 'coke1g', 0, 0),
	(936, 'steam:11000014149b4eb', 'WEAPON_BULLPUPSHOTGUN', 0, 0),
	(937, 'steam:11000014149b4eb', 'boost1', 0, 0),
	(938, 'steam:11000014149b4eb', 'WEAPON_APPISTOL', 0, 0),
	(939, 'steam:11000014149b4eb', 'scrap', 0, 0),
	(940, 'steam:11000014149b4eb', 'WEAPON_SPEACIALCARBINERIFLE', 0, 0),
	(941, 'steam:11000014149b4eb', 'WEAPON_STICKYBOMB', 0, 0),
	(942, 'steam:11000014149b4eb', 'WEAPON_SAWNOFFSHOTGUN', 0, 0),
	(943, 'steam:11000014149b4eb', 'WEAPON_PUMPSHOTGUN', 0, 0),
	(944, 'steam:11000014149b4eb', 'WEAPON_GRENADELAUNCHER', 0, 0),
	(945, 'steam:11000014149b4eb', 'WEAPON_FLAREGUN', 0, 0),
	(946, 'steam:11000014149b4eb', 'bp_2jzengine', 0, 0),
	(947, 'steam:11000014149b4eb', 'alcohol', 0, 0),
	(948, 'steam:11000014149b4eb', 'WEAPON_PROXMINE', 0, 0),
	(949, 'steam:11000014149b4eb', 'bp_piston', 0, 0),
	(950, 'steam:11000014149b4eb', 'WEAPON_PISTOL50', 0, 0),
	(951, 'steam:11000014149b4eb', 'WEAPON_ASSUALTSMG', 0, 0),
	(952, 'steam:11000014149b4eb', 'boost3', 0, 0),
	(953, 'steam:11000014149b4eb', 'bp_lootchest', 0, 0),
	(954, 'steam:11000014149b4eb', 'hackerDevice', 0, 0),
	(955, 'steam:11000014149b4eb', 'WEAPON_SMG', 0, 0),
	(956, 'steam:11000014149b4eb', 'campingset', 0, 0),
	(957, 'steam:11000014149b4eb', 'gasmask', 0, 0),
	(958, 'steam:11000014149b4eb', 'WEAPON_MARKSMANPISTOL', 0, 0),
	(959, 'steam:11000014149b4eb', 'bp_lootchest7', 0, 0),
	(960, 'steam:11000014149b4eb', 'meth1g', 0, 0),
	(961, 'steam:11000014149b4eb', 'WEAPON_MILITARYRIFLE', 0, 0),
	(962, 'steam:11000014149b4eb', 'coke10g', 0, 0),
	(963, 'steam:11000014149b4eb', 'bp_toolbox', 0, 0),
	(964, 'steam:11000014149b4eb', 'bp_lootchest5', 0, 0),
	(965, 'steam:11000014149b4eb', 'bp_michelin_tires', 0, 0),
	(966, 'steam:11000014149b4eb', 'WEAPON_MACHINEPISTOL', 0, 0),
	(967, 'steam:11000014149b4eb', 'WEAPON_PISTOL', 0, 0),
	(968, 'steam:11000014149b4eb', 'cloth', 0, 0),
	(969, 'steam:11000014149b4eb', 'joint2g', 0, 0),
	(970, 'steam:11000014149b4eb', 'WEAPON_MARKSMANRIFLE', 0, 0),
	(971, 'steam:11000014149b4eb', 'bp_race_brakes', 0, 0),
	(972, 'steam:11000014149b4eb', 'antidot', 0, 0),
	(973, 'steam:11000014149b4eb', 'bp_lootchest2', 0, 0),
	(974, 'steam:11000014149b4eb', 'rolpaper', 0, 0),
	(975, 'steam:11000014149b4eb', 'bp_v8engine', 0, 0),
	(976, 'steam:11000014149b4eb', 'bp_repairkit', 0, 0),
	(977, 'steam:11000014149b4eb', 'phone', 0, 0),
	(978, 'steam:11000014149b4eb', 'WEAPON_SNSPISTOL', 0, 0),
	(979, 'steam:11000014149b4eb', 'WEAPON_COMBATMG', 0, 0),
	(980, 'steam:11000014149b4eb', 'WEAPON_REVOLVER', 0, 0),
	(981, 'steam:11000014149b4eb', 'methbrick', 0, 0),
	(982, 'steam:11000014149b4eb', 'WEAPON_MINISMG', 0, 0),
	(983, 'steam:11000014149b4eb', 'meth10g', 0, 0),
	(984, 'steam:11000014149b4eb', 'WEAPON_COMBATPDW', 0, 0),
	(985, 'steam:11000014149b4eb', 'WEAPON_FIREWORK', 0, 0),
	(986, 'steam:11000014149b4eb', 'WEAPON_COMPACTLAUNCHER', 0, 0),
	(987, 'steam:11000014149b4eb', 'bp_shell_oil', 0, 0),
	(988, 'steam:11000014149b4eb', 'bp_stock_oil', 0, 0),
	(989, 'steam:11000014149b4eb', 'bp_nos', 0, 0),
	(990, 'steam:11000014149b4eb', 'cokebrick', 0, 0),
	(991, 'steam:11000014149b4eb', 'WEAPON_HOMINGLAUNCHER', 0, 0),
	(992, 'steam:11000014149b4eb', 'WEAPON_MINIGUN', 0, 0),
	(993, 'steam:11000014149b4eb', 'WEAPON_MOLOTOV', 0, 0),
	(994, 'steam:11000014149b4eb', 'WEAPON_COMBATMG_MK2', 0, 0),
	(995, 'steam:11000014149b4eb', 'bp_Armor', 0, 0),
	(996, 'steam:11000014149b4eb', 'WEAPON_CERAMICPISTOL', 0, 0),
	(997, 'steam:11000014149b4eb', 'beerbottle', 0, 0),
	(998, 'steam:11000014149b4eb', 'WEAPON_ASSUALTRIFLE', 0, 0),
	(999, 'steam:11000014149b4eb', 'WEAPON_HEAVYPISTOL', 0, 0),
	(1000, 'steam:11000014149b4eb', 'drugbags', 0, 0),
	(1001, 'steam:11000014149b4eb', 'WEAPON_MICROSMG', 0, 0),
	(1002, 'steam:11000014149b4eb', 'drugItem', 0, 0),
	(1003, 'steam:11000014149b4eb', 'WEAPON_NAVYREVOLVER', 0, 0),
	(1004, 'steam:11000014149b4eb', 'hqscale', 0, 0),
	(1005, 'steam:11000014149b4eb', 'WEAPON_BULLPUPRIFLE', 0, 0),
	(1006, 'steam:11000014149b4eb', 'WEAPON_COMPACTRIFLE', 0, 0),
	(1007, 'steam:11000014149b4eb', 'bp_stock_suspension', 0, 0),
	(1008, 'steam:11000014149b4eb', 'bp_mechanic_tools', 0, 0),
	(1009, 'steam:11000014149b4eb', 'WEAPON_COMBATSHOTGUN', 0, 0),
	(1010, 'steam:11000014149b4eb', 'WEAPON_ADVANCEDRIFLE', 0, 0),
	(1011, 'steam:11000014149b4eb', 'WEAPON_BZGAS', 0, 0),
	(1012, 'steam:11000014149b4eb', 'bp_lootchest3', 0, 0),
	(1013, 'steam:11000014149b4eb', 'WEAPON_DBSHOTGUN', 0, 0),
	(1014, 'steam:11000014149b4eb', 'WEAPON_GRENADE', 0, 0),
	(1015, 'steam:11000014149b4eb', 'boost2', 0, 0),
	(1016, 'steam:11000014149b4eb', 'WEAPON_DOUBLEACTION', 0, 0),
	(1017, 'steam:11000014149b4eb', 'WEAPON_HEAVYSNIPER', 0, 0),
	(1018, 'steam:11000014149b4eb', 'WEAPON_RPG', 0, 0),
	(1019, 'steam:11000014149b4eb', 'WEAPON_GUSENBERG', 0, 0),
	(1020, 'steam:11000014371d5b4', 'phone', 0, 0),
	(1021, 'steam:110000134b2c954', 'c4', 0, 0),
	(1022, 'steam:110000134b2c954', 'thermite', 0, 0),
	(1023, 'steam:110000134b2c954', 'green_keycard', 0, 0),
	(1024, 'steam:11000014149b4eb', 'green_keycard', 0, 0),
	(1025, 'steam:11000014149b4eb', 'c4', 0, 0),
	(1026, 'steam:11000014149b4eb', 'thermite', 0, 0),
	(1027, 'steam:110000131e1dcdb', 'stock_tires', 0, 0),
	(1028, 'steam:110000131e1dcdb', 'WEAPON_COMBATMG', 0, 0),
	(1029, 'steam:110000131e1dcdb', 'iron', 0, 0),
	(1030, 'steam:110000131e1dcdb', 'lootchest6', 0, 0),
	(1031, 'steam:110000131e1dcdb', 'weapon_suppressor', 0, 0),
	(1032, 'steam:110000131e1dcdb', 'beerbottle', 0, 0),
	(1033, 'steam:110000131e1dcdb', 'WEAPON_PISTOL', 0, 0),
	(1034, 'steam:110000131e1dcdb', 'weapon_tint_orange', 0, 0),
	(1035, 'steam:110000131e1dcdb', 'toolbox', 0, 0),
	(1036, 'steam:110000131e1dcdb', 'bp_lootchest7', 0, 0),
	(1037, 'steam:110000131e1dcdb', 'bp_stock_engine', 0, 0),
	(1038, 'steam:110000131e1dcdb', 'WEAPON_BULLPUPRIFLE', 0, 0),
	(1039, 'steam:110000131e1dcdb', 'WEAPON_SNSPISTOL', 0, 0),
	(1040, 'steam:110000131e1dcdb', 'health', 0, 0),
	(1041, 'steam:110000131e1dcdb', 'WEAPON_AUTOSHOTGUN', 0, 0),
	(1042, 'steam:110000131e1dcdb', 'weapon_tint_gold', 0, 0),
	(1043, 'steam:110000131e1dcdb', 'weapon_tint_pink', 0, 0),
	(1044, 'steam:110000131e1dcdb', 'weed20g', 0, 0),
	(1045, 'steam:110000131e1dcdb', 'bp_stock_tires', 0, 0),
	(1046, 'steam:110000131e1dcdb', 'bp_race_suspension', 0, 0),
	(1047, 'steam:110000131e1dcdb', 'WEAPON_MINISMG', 0, 0),
	(1048, 'steam:110000131e1dcdb', 'WEAPON_MILITARYRIFLE', 0, 0),
	(1049, 'steam:110000131e1dcdb', 'bp_race_brakes', 0, 0),
	(1050, 'steam:110000131e1dcdb', 'WEAPON_MINIGUN', 0, 0),
	(1051, 'steam:110000131e1dcdb', 'WEAPON_PIPEBOMB', 0, 0),
	(1052, 'steam:110000131e1dcdb', 'WEAPON_COMBATPDW', 0, 0),
	(1053, 'steam:110000131e1dcdb', 'campingset', 0, 0),
	(1054, 'steam:110000131e1dcdb', 'antidot', 0, 0),
	(1055, 'steam:110000131e1dcdb', 'WEAPON_DOUBLEACTION', 0, 0),
	(1056, 'steam:110000131e1dcdb', 'bp_medikit', 0, 0),
	(1057, 'steam:110000131e1dcdb', 'WEAPON_BZGAS', 0, 0),
	(1058, 'steam:110000131e1dcdb', 'bp_stock_oil', 0, 0),
	(1059, 'steam:110000131e1dcdb', 'bp_repairkit', 0, 0),
	(1060, 'steam:110000131e1dcdb', 'WEAPON_HEAVYPISTOL', 0, 0),
	(1061, 'steam:110000131e1dcdb', 'bp_lootchest', 0, 0),
	(1062, 'steam:110000131e1dcdb', 'WEAPON_RPG', 0, 0),
	(1063, 'steam:110000131e1dcdb', 'bp_lootchest2', 0, 0),
	(1064, 'steam:110000131e1dcdb', 'WEAPON_MARKSMANRIFLE', 0, 0),
	(1065, 'steam:110000131e1dcdb', 'bp_oxygenmask', 0, 0),
	(1066, 'steam:110000131e1dcdb', 'stock_engine', 0, 0),
	(1067, 'steam:110000131e1dcdb', 'phone', 0, 0),
	(1068, 'steam:110000131e1dcdb', 'rolpaper', 0, 0),
	(1069, 'steam:110000131e1dcdb', 'v8engine', 0, 0),
	(1070, 'steam:110000131e1dcdb', 'WEAPON_SMG', 0, 0),
	(1071, 'steam:110000131e1dcdb', 'WEAPON_SNIPERRIFLE', 0, 0),
	(1072, 'steam:110000131e1dcdb', 'lootchest', 0, 0),
	(1073, 'steam:110000131e1dcdb', 'weapon_tint_green', 0, 0),
	(1074, 'steam:110000131e1dcdb', 'WEAPON_DBSHOTGUN', 0, 0),
	(1075, 'steam:110000131e1dcdb', 'WEAPON_COMBATMG_MK2', 0, 0),
	(1076, 'steam:110000131e1dcdb', 'turbo_lvl_1', 0, 0),
	(1077, 'steam:110000131e1dcdb', 'WEAPON_COMPACTLAUNCHER', 0, 0),
	(1078, 'steam:110000131e1dcdb', 'WEAPON_VINTAGEPISTOL', 0, 0),
	(1079, 'steam:110000131e1dcdb', 'race_brakes', 0, 0),
	(1080, 'steam:110000131e1dcdb', 'bp_race_transmition', 0, 0),
	(1081, 'steam:110000131e1dcdb', 'pistol_clip', 0, 0),
	(1082, 'steam:110000131e1dcdb', 'joint2g', 0, 0),
	(1083, 'steam:110000131e1dcdb', 'meth1g', 0, 0),
	(1084, 'steam:110000131e1dcdb', 'WEAPON_HOMINGLAUNCHER', 0, 0),
	(1085, 'steam:110000131e1dcdb', 'copper', 0, 0),
	(1086, 'steam:110000131e1dcdb', 'WEAPON_COMPACTRIFLE', 0, 0),
	(1087, 'steam:110000131e1dcdb', 'WEAPON_CERAMICPISTOL', 0, 0),
	(1088, 'steam:110000131e1dcdb', 'methbrick', 0, 0),
	(1089, 'steam:110000131e1dcdb', 'weapon_clip_extended', 0, 0),
	(1090, 'steam:110000131e1dcdb', '2jzengine', 0, 0),
	(1091, 'steam:110000131e1dcdb', 'lightsmg_clip', 0, 0),
	(1092, 'steam:110000131e1dcdb', 'WEAPON_COMBATPISTOL', 0, 0),
	(1093, 'steam:110000131e1dcdb', 'WEAPON_PARACHUTE', 0, 0),
	(1094, 'steam:110000131e1dcdb', 'WEAPON_PISTOL50', 0, 0),
	(1095, 'steam:110000131e1dcdb', 'weedbrick', 0, 0),
	(1096, 'steam:110000131e1dcdb', 'bp_v8engine', 0, 0),
	(1097, 'steam:110000131e1dcdb', 'piston', 0, 0),
	(1098, 'steam:110000131e1dcdb', 'bp_piston', 0, 0),
	(1099, 'steam:110000131e1dcdb', 'weapon_tint_lspd', 0, 0),
	(1100, 'steam:110000131e1dcdb', 'coke10g', 0, 0),
	(1101, 'steam:110000131e1dcdb', 'WEAPON_FLAREGUN', 0, 0),
	(1102, 'steam:110000131e1dcdb', 'bread', 0, 0),
	(1103, 'steam:110000131e1dcdb', 'gunpower', 0, 0),
	(1104, 'steam:110000131e1dcdb', 'lootchest3', 0, 0),
	(1105, 'steam:110000131e1dcdb', 'lootchest2', 0, 0),
	(1106, 'steam:110000131e1dcdb', 'bp_lootchest6', 0, 0),
	(1107, 'steam:110000131e1dcdb', 'armor', 0, 0),
	(1108, 'steam:110000131e1dcdb', 'shotgun_clip', 0, 0),
	(1109, 'steam:110000131e1dcdb', 'coke1g', 0, 0),
	(1110, 'steam:110000131e1dcdb', 'WEAPON_PROXMINE', 0, 0),
	(1111, 'steam:110000131e1dcdb', 'c4', 0, 0),
	(1112, 'steam:110000131e1dcdb', 'wood', 0, 0),
	(1113, 'steam:110000131e1dcdb', 'WEAPON_BULLPUPSHOTGUN', 0, 0),
	(1114, 'steam:110000131e1dcdb', 'wheat', 0, 0),
	(1115, 'steam:110000131e1dcdb', 'WEAPON_NAVYREVOLVER', 0, 0),
	(1116, 'steam:110000131e1dcdb', 'bp_shell_oil', 0, 0),
	(1117, 'steam:110000131e1dcdb', 'weapon_tint_platinum', 0, 0),
	(1118, 'steam:110000131e1dcdb', 'WEAPON_MARKSMANPISTOL', 0, 0),
	(1119, 'steam:110000131e1dcdb', 'weapon_tint_army', 0, 0),
	(1120, 'steam:110000131e1dcdb', 'weapon_luxary_finish', 0, 0),
	(1121, 'steam:110000131e1dcdb', 'weapon_flashlight', 0, 0),
	(1122, 'steam:110000131e1dcdb', 'water', 0, 0),
	(1123, 'steam:110000131e1dcdb', 'boost1', 0, 0),
	(1124, 'steam:110000131e1dcdb', 'cloth', 0, 0),
	(1125, 'steam:110000131e1dcdb', 'thermite', 0, 0),
	(1126, 'steam:110000131e1dcdb', 'cokebrick', 0, 0),
	(1127, 'steam:110000131e1dcdb', 'stock_transmition', 0, 0),
	(1128, 'steam:110000131e1dcdb', 'stock_suspension', 0, 0),
	(1129, 'steam:110000131e1dcdb', 'bp_stock_transmition', 0, 0),
	(1130, 'steam:110000131e1dcdb', 'stock_oil', 0, 0),
	(1131, 'steam:110000131e1dcdb', 'sniper_clip', 0, 0),
	(1132, 'steam:110000131e1dcdb', 'boost3', 0, 0),
	(1133, 'steam:110000131e1dcdb', 'smg_clip', 0, 0),
	(1134, 'steam:110000131e1dcdb', 'alcohol', 0, 0),
	(1135, 'steam:110000131e1dcdb', 'WEAPON_REVOLVER', 0, 0),
	(1136, 'steam:110000131e1dcdb', 'lootchest5', 0, 0),
	(1137, 'steam:110000131e1dcdb', 'scrap', 0, 0),
	(1138, 'steam:110000131e1dcdb', 'shell_oil', 0, 0),
	(1139, 'steam:110000131e1dcdb', 'rifle_clip', 0, 0),
	(1140, 'steam:110000131e1dcdb', 'nos', 0, 0),
	(1141, 'steam:110000131e1dcdb', 'race_suspension', 0, 0),
	(1142, 'steam:110000131e1dcdb', 'race_transmition', 0, 0),
	(1143, 'steam:110000131e1dcdb', 'WEAPON_GRENADELAUNCHER', 0, 0),
	(1144, 'steam:110000131e1dcdb', 'WEAPON_ASSAULTSHOTGUN', 0, 0),
	(1145, 'steam:110000131e1dcdb', 'WEAPON_APPISTOL', 0, 0),
	(1146, 'steam:110000131e1dcdb', 'michelin_tires', 0, 0),
	(1147, 'steam:110000131e1dcdb', 'meth10g', 0, 0),
	(1148, 'steam:110000131e1dcdb', 'WEAPON_GUSENBERG', 0, 0),
	(1149, 'steam:110000131e1dcdb', 'boost2', 0, 0),
	(1150, 'steam:110000131e1dcdb', 'mechanic_tools', 0, 0),
	(1151, 'steam:110000131e1dcdb', 'bp_toolbox', 0, 0),
	(1152, 'steam:110000131e1dcdb', 'WEAPON_MG', 0, 0),
	(1153, 'steam:110000131e1dcdb', 'lootchest7', 0, 0),
	(1154, 'steam:110000131e1dcdb', 'rubber', 0, 0),
	(1155, 'steam:110000131e1dcdb', 'WEAPON_GADGETPISTOL', 0, 0),
	(1156, 'steam:110000131e1dcdb', 'lootchest4', 0, 0),
	(1157, 'steam:110000131e1dcdb', 'ct', 0, 0),
	(1158, 'steam:110000131e1dcdb', 'WEAPON_FLARE', 0, 0),
	(1159, 'steam:110000131e1dcdb', 'bp_mechanic_tools', 0, 0),
	(1160, 'steam:110000131e1dcdb', 'gasmask', 0, 0),
	(1161, 'steam:110000131e1dcdb', 'hqscale', 0, 0),
	(1162, 'steam:110000131e1dcdb', 'hackerDevice', 0, 0),
	(1163, 'steam:110000131e1dcdb', 'WEAPON_FIREWORK', 0, 0),
	(1164, 'steam:110000131e1dcdb', 'green_keycard', 0, 0),
	(1165, 'steam:110000131e1dcdb', 'WEAPON_MUSKET', 0, 0),
	(1166, 'steam:110000131e1dcdb', 'WEAPON_ASSUALTRIFLE', 0, 0),
	(1167, 'steam:110000131e1dcdb', 'WEAPON_PETROLCAN', 0, 0),
	(1168, 'steam:110000131e1dcdb', 'WEAPON_CARBINERIFLE', 0, 0),
	(1169, 'steam:110000131e1dcdb', 'WEAPON_STICKYBOMB', 0, 0),
	(1170, 'steam:110000131e1dcdb', 'WEAPON_HEAVYSNIPER', 0, 0),
	(1171, 'steam:110000131e1dcdb', 'bp_michelin_tires', 0, 0),
	(1172, 'steam:110000131e1dcdb', 'WEAPON_COMBATSHOTGUN', 0, 0),
	(1173, 'steam:110000131e1dcdb', 'drugbags', 0, 0),
	(1174, 'steam:110000131e1dcdb', 'WEAPON_PUMPSHOTGUN', 0, 0),
	(1175, 'steam:110000131e1dcdb', 'drugItem', 0, 0),
	(1176, 'steam:110000131e1dcdb', 'WEAPON_SPEACIALCARBINERIFLE', 0, 0),
	(1177, 'steam:110000131e1dcdb', 'bp_lootchest5', 0, 0),
	(1178, 'steam:110000131e1dcdb', 'bp_lootchest3', 0, 0),
	(1179, 'steam:110000131e1dcdb', 'bp_turbo_lvl_1', 0, 0),
	(1180, 'steam:110000131e1dcdb', 'bp_Armor', 0, 0),
	(1181, 'steam:110000131e1dcdb', 'bp_stock_suspension', 0, 0),
	(1182, 'steam:110000131e1dcdb', 'weed4g', 0, 0),
	(1183, 'steam:110000131e1dcdb', 'WEAPON_SAWNOFFSHOTGUN', 0, 0),
	(1184, 'steam:110000131e1dcdb', 'WEAPON_MICROSMG', 0, 0),
	(1185, 'steam:110000131e1dcdb', 'bp_nos', 0, 0),
	(1186, 'steam:110000131e1dcdb', 'bp_lootchest4', 0, 0),
	(1187, 'steam:110000131e1dcdb', 'WEAPON_MACHINEPISTOL', 0, 0),
	(1188, 'steam:110000131e1dcdb', 'WEAPON_GRENADE', 0, 0),
	(1189, 'steam:110000131e1dcdb', 'WEAPON_HEAVYSHOTGUN', 0, 0),
	(1190, 'steam:110000131e1dcdb', 'bp_2jzengine', 0, 0),
	(1191, 'steam:110000131e1dcdb', 'WEAPON_ADVANCEDRIFLE', 0, 0),
	(1192, 'steam:110000131e1dcdb', 'WEAPON_MOLOTOV', 0, 0),
	(1193, 'steam:110000131e1dcdb', 'WEAPON_ASSUALTSMG', 0, 0),
	(1194, 'steam:11000014149b4eb', 'oxygenmask_blueprint', 0, 0),
	(1195, 'steam:11000014149b4eb', 'gunpowder', 0, 0),
	(1196, 'steam:11000014149b4eb', 'race_suspension_blueprint', 0, 0),
	(1197, 'steam:11000014149b4eb', 'emptybottle', 0, 0),
	(1198, 'steam:11000014149b4eb', 'smgshell', 0, 0),
	(1199, 'steam:11000014149b4eb', 'stock_transmition_blueprint', 0, 0),
	(1200, 'steam:11000014149b4eb', 'shell_oil_blueprint', 0, 0),
	(1201, 'steam:11000014149b4eb', 'heavyshell', 0, 0),
	(1202, 'steam:11000014149b4eb', 'toolbox_blueprint', 0, 0),
	(1203, 'steam:11000014149b4eb', 'lootchest7_blueprint', 0, 0),
	(1204, 'steam:11000014149b4eb', 'turbo_lvl_1_blueprint', 0, 0),
	(1205, 'steam:11000014149b4eb', 'michelin_tires_blueprint', 0, 0),
	(1206, 'steam:11000014149b4eb', 'pistolshell', 0, 0),
	(1207, 'steam:11000014149b4eb', 'mechanic_tools_blueprint', 0, 0),
	(1208, 'steam:11000014149b4eb', 'repairkit_blueprint', 0, 0),
	(1209, 'steam:11000014149b4eb', 'lootchest4_blueprint', 0, 0),
	(1210, 'steam:11000014149b4eb', 'lootchest2_blueprint', 0, 0),
	(1211, 'steam:11000014149b4eb', 'v8engine_blueprint', 0, 0),
	(1212, 'steam:11000014149b4eb', 'lootchest3_blueprint', 0, 0),
	(1213, 'steam:11000014149b4eb', 'stock_suspension_blueprint', 0, 0),
	(1214, 'steam:11000014149b4eb', 'stock_oil_blueprint', 0, 0),
	(1215, 'steam:11000014149b4eb', 'rifleshell', 0, 0),
	(1216, 'steam:11000014149b4eb', 'shotgunshell', 0, 0),
	(1217, 'steam:11000014149b4eb', 'lootchest_blueprint', 0, 0),
	(1218, 'steam:11000014149b4eb', 'bombshell', 0, 0),
	(1219, 'steam:11000014149b4eb', 'race_transmition_blueprint', 0, 0),
	(1220, 'steam:11000014149b4eb', 'race_brakes_blueprint', 0, 0),
	(1221, 'steam:11000014149b4eb', 'stock_engine_blueprint', 0, 0),
	(1222, 'steam:11000014149b4eb', 'nos_blueprint', 0, 0),
	(1223, 'steam:11000014149b4eb', 'lootchest6_blueprint', 0, 0),
	(1224, 'steam:11000014149b4eb', 'lootchest5_blueprint', 0, 0),
	(1225, 'steam:11000014149b4eb', 'snipershell', 0, 0),
	(1226, 'steam:11000014149b4eb', '2jzengine_blueprint', 0, 0),
	(1227, 'steam:11000014149b4eb', 'stock_tires_blueprint', 0, 0),
	(1228, 'steam:11000014149b4eb', 'piston_blueprint', 0, 0),
	(1229, 'steam:11000014149b4eb', 'mgshell', 0, 0),
	(1230, 'steam:110000131e1dcdb', 'gunpowder', 0, 0),
	(1231, 'steam:110000131e1dcdb', 'race_suspension_blueprint', 0, 0),
	(1232, 'steam:110000131e1dcdb', 'emptybottle', 0, 0),
	(1233, 'steam:110000131e1dcdb', 'smgshell', 0, 0),
	(1234, 'steam:110000131e1dcdb', 'oxygenmask_blueprint', 0, 0),
	(1235, 'steam:110000131e1dcdb', 'stock_transmition_blueprint', 0, 0),
	(1236, 'steam:110000131e1dcdb', 'shell_oil_blueprint', 0, 0),
	(1237, 'steam:110000131e1dcdb', 'heavyshell', 0, 0),
	(1238, 'steam:110000131e1dcdb', 'toolbox_blueprint', 0, 0),
	(1239, 'steam:110000131e1dcdb', 'lootchest7_blueprint', 0, 0),
	(1240, 'steam:110000131e1dcdb', 'turbo_lvl_1_blueprint', 0, 0),
	(1241, 'steam:110000131e1dcdb', 'michelin_tires_blueprint', 0, 0),
	(1242, 'steam:110000131e1dcdb', 'pistolshell', 0, 0),
	(1243, 'steam:110000131e1dcdb', 'mechanic_tools_blueprint', 0, 0),
	(1244, 'steam:110000131e1dcdb', 'repairkit_blueprint', 0, 0),
	(1245, 'steam:110000131e1dcdb', 'lootchest4_blueprint', 0, 0),
	(1246, 'steam:110000131e1dcdb', 'lootchest2_blueprint', 0, 0),
	(1247, 'steam:110000131e1dcdb', 'v8engine_blueprint', 0, 0),
	(1248, 'steam:110000131e1dcdb', 'lootchest3_blueprint', 0, 0),
	(1249, 'steam:110000131e1dcdb', 'stock_suspension_blueprint', 0, 0),
	(1250, 'steam:110000131e1dcdb', 'stock_oil_blueprint', 0, 0),
	(1251, 'steam:110000131e1dcdb', 'rifleshell', 0, 0),
	(1252, 'steam:110000131e1dcdb', 'shotgunshell', 0, 0),
	(1253, 'steam:110000131e1dcdb', 'lootchest_blueprint', 0, 0),
	(1254, 'steam:110000131e1dcdb', 'bombshell', 0, 0),
	(1255, 'steam:110000131e1dcdb', 'race_transmition_blueprint', 0, 0),
	(1256, 'steam:110000131e1dcdb', 'race_brakes_blueprint', 0, 0),
	(1257, 'steam:110000131e1dcdb', 'stock_engine_blueprint', 0, 0),
	(1258, 'steam:110000131e1dcdb', 'nos_blueprint', 0, 0),
	(1259, 'steam:110000131e1dcdb', 'lootchest6_blueprint', 0, 0),
	(1260, 'steam:110000131e1dcdb', 'lootchest5_blueprint', 0, 0),
	(1261, 'steam:110000131e1dcdb', '2jzengine_blueprint', 0, 0),
	(1262, 'steam:110000131e1dcdb', 'snipershell', 0, 0),
	(1263, 'steam:110000131e1dcdb', 'stock_tires_blueprint', 0, 0),
	(1264, 'steam:110000131e1dcdb', 'piston_blueprint', 0, 0),
	(1265, 'steam:110000131e1dcdb', 'mgshell', 0, 0),
	(1266, 'steam:110000134b2c954', 'gunpowder', 0, 0),
	(1267, 'steam:110000134b2c954', 'race_suspension_blueprint', 0, 0),
	(1268, 'steam:110000134b2c954', 'emptybottle', 0, 0),
	(1269, 'steam:110000134b2c954', 'smgshell', 0, 0),
	(1270, 'steam:110000134b2c954', 'oxygenmask_blueprint', 0, 0),
	(1271, 'steam:110000134b2c954', 'stock_transmition_blueprint', 0, 0),
	(1272, 'steam:110000134b2c954', 'shell_oil_blueprint', 0, 0),
	(1273, 'steam:110000134b2c954', 'heavyshell', 0, 0),
	(1274, 'steam:110000134b2c954', 'toolbox_blueprint', 0, 0),
	(1275, 'steam:110000134b2c954', 'lootchest7_blueprint', 0, 0),
	(1276, 'steam:110000134b2c954', 'turbo_lvl_1_blueprint', 0, 0),
	(1277, 'steam:110000134b2c954', 'michelin_tires_blueprint', 0, 0),
	(1278, 'steam:110000134b2c954', 'pistolshell', 0, 0),
	(1279, 'steam:110000134b2c954', 'mechanic_tools_blueprint', 0, 0),
	(1280, 'steam:110000134b2c954', 'repairkit_blueprint', 0, 0),
	(1281, 'steam:110000134b2c954', 'lootchest4_blueprint', 0, 0),
	(1282, 'steam:110000134b2c954', 'lootchest2_blueprint', 0, 0),
	(1283, 'steam:110000134b2c954', 'v8engine_blueprint', 0, 0),
	(1284, 'steam:110000134b2c954', 'lootchest3_blueprint', 0, 0),
	(1285, 'steam:110000134b2c954', 'stock_suspension_blueprint', 0, 0),
	(1286, 'steam:110000134b2c954', 'stock_oil_blueprint', 0, 0),
	(1287, 'steam:110000134b2c954', 'rifleshell', 0, 0),
	(1288, 'steam:110000134b2c954', 'shotgunshell', 0, 0),
	(1289, 'steam:110000134b2c954', 'lootchest_blueprint', 0, 0),
	(1290, 'steam:110000134b2c954', 'bombshell', 0, 0),
	(1291, 'steam:110000134b2c954', 'race_transmition_blueprint', 0, 0),
	(1292, 'steam:110000134b2c954', 'race_brakes_blueprint', 0, 0),
	(1293, 'steam:110000134b2c954', 'stock_engine_blueprint', 0, 0),
	(1294, 'steam:110000134b2c954', 'nos_blueprint', 0, 0),
	(1295, 'steam:110000134b2c954', 'lootchest6_blueprint', 0, 0),
	(1296, 'steam:110000134b2c954', 'lootchest5_blueprint', 0, 0),
	(1297, 'steam:110000134b2c954', '2jzengine_blueprint', 0, 0),
	(1298, 'steam:110000134b2c954', 'snipershell', 0, 0),
	(1299, 'steam:110000134b2c954', 'stock_tires_blueprint', 0, 0),
	(1300, 'steam:110000134b2c954', 'piston_blueprint', 0, 0),
	(1301, 'steam:110000134b2c954', 'mgshell', 0, 0),
	(1302, 'steam:11000014371d5b4', 'lootchest5_blueprint', 0, 0),
	(1303, 'steam:11000014371d5b4', 'race_transmition_blueprint', 0, 0),
	(1304, 'steam:11000014371d5b4', 'michelin_tires_blueprint', 0, 0),
	(1305, 'steam:11000014371d5b4', 'green_keycard', 0, 0),
	(1306, 'steam:11000014371d5b4', 'piston_blueprint', 0, 0),
	(1307, 'steam:11000014371d5b4', 'nos_blueprint', 0, 0),
	(1308, 'steam:11000014371d5b4', 'turbo_lvl_1_blueprint', 0, 0),
	(1309, 'steam:11000014371d5b4', 'race_suspension_blueprint', 0, 0),
	(1310, 'steam:11000014371d5b4', 'rifleshell', 0, 0),
	(1311, 'steam:11000014371d5b4', 'lootchest6_blueprint', 0, 0),
	(1312, 'steam:11000014371d5b4', 'pistolshell', 0, 0),
	(1313, 'steam:11000014371d5b4', 'bombshell', 0, 0),
	(1314, 'steam:11000014371d5b4', 'gunpowder', 0, 0),
	(1315, 'steam:11000014371d5b4', 'heavyshell', 0, 0),
	(1316, 'steam:11000014371d5b4', '2jzengine_blueprint', 0, 0),
	(1317, 'steam:11000014371d5b4', 'lootchest7_blueprint', 0, 0),
	(1318, 'steam:11000014371d5b4', 'v8engine_blueprint', 0, 0),
	(1319, 'steam:11000014371d5b4', 'toolbox_blueprint', 0, 0),
	(1320, 'steam:11000014371d5b4', 'thermite', 0, 0),
	(1321, 'steam:11000014371d5b4', 'stock_transmition_blueprint', 0, 0),
	(1322, 'steam:11000014371d5b4', 'stock_tires_blueprint', 0, 0),
	(1323, 'steam:11000014371d5b4', 'stock_suspension_blueprint', 0, 0),
	(1324, 'steam:11000014371d5b4', 'c4', 0, 0),
	(1325, 'steam:11000014371d5b4', 'stock_oil_blueprint', 0, 0),
	(1326, 'steam:11000014371d5b4', 'stock_engine_blueprint', 0, 0),
	(1327, 'steam:11000014371d5b4', 'smgshell', 0, 0),
	(1328, 'steam:11000014371d5b4', 'mgshell', 0, 0),
	(1329, 'steam:11000014371d5b4', 'shell_oil_blueprint', 0, 0),
	(1330, 'steam:11000014371d5b4', 'race_brakes_blueprint', 0, 0),
	(1331, 'steam:11000014371d5b4', 'mechanic_tools_blueprint', 0, 0),
	(1332, 'steam:11000014371d5b4', 'oxygenmask_blueprint', 0, 0),
	(1333, 'steam:11000014371d5b4', 'lootchest4_blueprint', 0, 0),
	(1334, 'steam:11000014371d5b4', 'lootchest3_blueprint', 0, 0),
	(1335, 'steam:11000014371d5b4', 'shotgunshell', 0, 0),
	(1336, 'steam:11000014371d5b4', 'emptybottle', 0, 0),
	(1337, 'steam:11000014371d5b4', 'lootchest_blueprint', 0, 0),
	(1338, 'steam:11000014371d5b4', 'lootchest2_blueprint', 0, 0),
	(1339, 'steam:11000014371d5b4', 'snipershell', 0, 0),
	(1340, 'steam:11000014371d5b4', 'repairkit_blueprint', 0, 0),
	(1341, 'steam:11000014149b4eb', 'WEAPON_MG_blueprint', 0, 0),
	(1342, 'steam:11000014149b4eb', 'WEAPON_SNSPISTOL_MK2', 0, 0),
	(1343, 'steam:11000014149b4eb', 'WEAPON_ASSUALTSMG_blueprint', 0, 0),
	(1344, 'steam:11000014149b4eb', 'WEAPON_MARKSMANRIFLE_blueprint', 0, 0),
	(1345, 'steam:11000014149b4eb', 'WEAPON_SPECIALCARBINE_MK2_blueprint', 0, 0),
	(1346, 'steam:11000014149b4eb', 'WEAPON_BULLPUPRIFLE_blueprint', 0, 0),
	(1347, 'steam:11000014149b4eb', 'WEAPON_CARBINERIFLE_MK2_blueprint', 0, 0),
	(1348, 'steam:11000014149b4eb', 'WEAPON_GRENADE_blueprint', 0, 0),
	(1349, 'steam:11000014149b4eb', 'WEAPON_CARBINERIFLE_MK2', 0, 0),
	(1350, 'steam:11000014149b4eb', 'WEAPON_MARKSMANRIFLE_MK2', 0, 0),
	(1351, 'steam:11000014149b4eb', 'WEAPON_CARBINERIFLE_blueprint', 0, 0),
	(1352, 'steam:11000014149b4eb', 'WEAPON_HOMINGLAUNCHER_blueprint', 0, 0),
	(1353, 'steam:11000014149b4eb', 'WEAPON_ASSAULTRIFLE_MK2_blueprint', 0, 0),
	(1354, 'steam:11000014149b4eb', 'WEAPON_DBSHOTGUN_blueprint', 0, 0),
	(1355, 'steam:11000014149b4eb', 'WEAPON_NAVYREVOLVER_blueprint', 0, 0),
	(1356, 'steam:11000014149b4eb', 'WEAPON_ASSAULTSHOTGUN_blueprint', 0, 0),
	(1357, 'steam:11000014149b4eb', 'WEAPON_COMBATSHOTGUN_blueprint', 0, 0),
	(1358, 'steam:11000014149b4eb', 'WEAPON_MINIGUN_blueprint', 0, 0),
	(1359, 'steam:11000014149b4eb', 'WEAPON_SNSPISTOL_blueprint', 0, 0),
	(1360, 'steam:11000014149b4eb', 'WEAPON_MICROSMG_blueprint', 0, 0),
	(1361, 'steam:11000014149b4eb', 'WEAPON_FLARE_blueprint', 0, 0),
	(1362, 'steam:11000014149b4eb', 'WEAPON_PUMPSHOTGUN_blueprint', 0, 0),
	(1363, 'steam:11000014149b4eb', 'WEAPON_PUMPSHOTGUN_MK2', 0, 0),
	(1364, 'steam:11000014149b4eb', 'WEAPON_SNSPISTOL_MK2_blueprint', 0, 0),
	(1365, 'steam:11000014149b4eb', 'WEAPON_PUMPSHOTGUN_MK2_blueprint', 0, 0),
	(1366, 'steam:11000014149b4eb', 'WEAPON_DOUBLEACTION_blueprint', 0, 0),
	(1367, 'steam:11000014149b4eb', 'WEAPON_COMBATMG_blueprint', 0, 0),
	(1368, 'steam:11000014149b4eb', 'WEAPON_FIREWORK_blueprint', 0, 0),
	(1369, 'steam:11000014149b4eb', 'WEAPON_MILITARYRIFLE_blueprint', 0, 0),
	(1370, 'steam:11000014149b4eb', 'WEAPON_SMG_blueprint', 0, 0),
	(1371, 'steam:11000014149b4eb', 'WEAPON_PIPEBOMB_blueprint', 0, 0),
	(1372, 'steam:11000014149b4eb', 'WEAPON_MUSKET_blueprint', 0, 0),
	(1373, 'steam:11000014149b4eb', 'WEAPON_RPG_blueprint', 0, 0),
	(1374, 'steam:11000014149b4eb', 'WEAPON_PARACHUTE_blueprint', 0, 0),
	(1375, 'steam:11000014149b4eb', 'WEAPON_CERAMICPISTOL_blueprint', 0, 0),
	(1376, 'steam:11000014149b4eb', 'WEAPON_SPECIALCARBINE_MK2', 0, 0),
	(1377, 'steam:11000014149b4eb', 'WEAPON_MOLOTOV_blueprint', 0, 0),
	(1378, 'steam:11000014149b4eb', 'WEAPON_COMBATPISTOL_blueprint', 0, 0),
	(1379, 'steam:11000014149b4eb', 'WEAPON_VINTAGEPISTOL_blueprint', 0, 0),
	(1380, 'steam:11000014149b4eb', 'WEAPON_MINISMG_blueprint', 0, 0),
	(1381, 'steam:11000014149b4eb', 'WEAPON_PETROLCAN_blueprint', 0, 0),
	(1382, 'steam:11000014149b4eb', 'WEAPON_BULLPUPSHOTGUN_blueprint', 0, 0),
	(1383, 'steam:11000014149b4eb', 'WEAPON_MARKSMANPISTOL_blueprint', 0, 0),
	(1384, 'steam:11000014149b4eb', 'WEAPON_COMBATPDW_blueprint', 0, 0),
	(1385, 'steam:11000014149b4eb', 'WEAPON_GRENADELAUNCHER_blueprint', 0, 0),
	(1386, 'steam:11000014149b4eb', 'WEAPON_COMPACTLAUNCHER_blueprint', 0, 0),
	(1387, 'steam:11000014149b4eb', 'WEAPON_COMBATMG_MK2_blueprint', 0, 0),
	(1388, 'steam:11000014149b4eb', 'WEAPON_STICKYBOMB_blueprint', 0, 0),
	(1389, 'steam:11000014149b4eb', 'WEAPON_REVOLVER_blueprint', 0, 0),
	(1390, 'steam:11000014149b4eb', 'WEAPON_AUTOSHOTGUN_blueprint', 0, 0),
	(1391, 'steam:11000014149b4eb', 'WEAPON_SNIPERRIFLE_blueprint', 0, 0),
	(1392, 'steam:11000014149b4eb', 'WEAPON_SMG_MK2_blueprint', 0, 0),
	(1393, 'steam:11000014149b4eb', 'WEAPON_MARKSMANRIFLE_MK2_blueprint', 0, 0),
	(1394, 'steam:11000014149b4eb', 'WEAPON_PISTOL_blueprint', 0, 0),
	(1395, 'steam:11000014149b4eb', 'WEAPON_PROXMINE_blueprint', 0, 0),
	(1396, 'steam:11000014149b4eb', 'WEAPON_ASSUALTRIFLE_blueprint', 0, 0),
	(1397, 'steam:11000014149b4eb', 'WEAPON_FLAREGUN_blueprint', 0, 0),
	(1398, 'steam:11000014149b4eb', 'WEAPON_PISTOL50_blueprint', 0, 0),
	(1399, 'steam:11000014149b4eb', 'WEAPON_GUSENBERG_blueprint', 0, 0),
	(1400, 'steam:11000014149b4eb', 'WEAPON_HEAVYSHOTGUN_blueprint', 0, 0),
	(1401, 'steam:11000014149b4eb', 'WEAPON_BULLPUPRIFLE_MK2', 0, 0),
	(1402, 'steam:11000014149b4eb', 'WEAPON_SPEACIALCARBINERIFLE_blueprint', 0, 0),
	(1403, 'steam:11000014149b4eb', 'WEAPON_COMPACTRIFLE_blueprint', 0, 0),
	(1404, 'steam:11000014149b4eb', 'WEAPON_SMG_MK2', 0, 0),
	(1405, 'steam:11000014149b4eb', 'WEAPON_ASSAULTRIFLE_MK2', 0, 0),
	(1406, 'steam:11000014149b4eb', 'WEAPON_HEAVYPISTOL_blueprint', 0, 0),
	(1407, 'steam:11000014149b4eb', 'WEAPON_BULLPUPRIFLE_MK2_blueprint', 0, 0),
	(1408, 'steam:11000014149b4eb', 'WEAPON_ADVANCEDRIFLE_blueprint', 0, 0),
	(1409, 'steam:11000014149b4eb', 'WEAPON_SAWNOFFSHOTGUN_blueprint', 0, 0),
	(1410, 'steam:11000014149b4eb', 'WEAPON_BZGAS_blueprint', 0, 0),
	(1411, 'steam:11000014149b4eb', 'WEAPON_MACHINEPISTOL_blueprint', 0, 0),
	(1412, 'steam:11000014149b4eb', 'WEAPON_HEAVYSNIPER_blueprint', 0, 0),
	(1413, 'steam:11000014149b4eb', 'WEAPON_APPISTOL_blueprint', 0, 0),
	(1414, 'steam:110000134b2c954', 'WEAPON_PUMPSHOTGUN_MK2', 0, 0),
	(1415, 'steam:110000134b2c954', 'WEAPON_SPECIALCARBINE_MK2_blueprint', 0, 0),
	(1416, 'steam:110000134b2c954', 'WEAPON_CARBINERIFLE_MK2', 0, 0),
	(1417, 'steam:110000134b2c954', 'WEAPON_MACHINEPISTOL_blueprint', 0, 0),
	(1418, 'steam:110000134b2c954', 'WEAPON_MARKSMANRIFLE_blueprint', 0, 0),
	(1419, 'steam:110000134b2c954', 'WEAPON_MG_blueprint', 0, 0),
	(1420, 'steam:110000134b2c954', 'WEAPON_MINISMG_blueprint', 0, 0),
	(1421, 'steam:110000134b2c954', 'WEAPON_MILITARYRIFLE_blueprint', 0, 0),
	(1422, 'steam:110000134b2c954', 'WEAPON_COMBATPDW_blueprint', 0, 0),
	(1423, 'steam:110000134b2c954', 'WEAPON_ASSAULTRIFLE_MK2_blueprint', 0, 0),
	(1424, 'steam:110000134b2c954', 'WEAPON_SPEACIALCARBINERIFLE_blueprint', 0, 0),
	(1425, 'steam:110000134b2c954', 'WEAPON_BULLPUPRIFLE_MK2_blueprint', 0, 0),
	(1426, 'steam:110000134b2c954', 'WEAPON_RPG_blueprint', 0, 0),
	(1427, 'steam:110000134b2c954', 'WEAPON_FLAREGUN_blueprint', 0, 0),
	(1428, 'steam:110000134b2c954', 'WEAPON_ASSAULTRIFLE_MK2', 0, 0),
	(1429, 'steam:110000134b2c954', 'WEAPON_HEAVYSNIPER_blueprint', 0, 0),
	(1430, 'steam:110000134b2c954', 'WEAPON_ASSUALTRIFLE_blueprint', 0, 0),
	(1431, 'steam:110000134b2c954', 'WEAPON_BZGAS_blueprint', 0, 0),
	(1432, 'steam:110000134b2c954', 'WEAPON_HEAVYSHOTGUN_blueprint', 0, 0),
	(1433, 'steam:110000134b2c954', 'WEAPON_COMPACTLAUNCHER_blueprint', 0, 0),
	(1434, 'steam:110000134b2c954', 'WEAPON_COMBATSHOTGUN_blueprint', 0, 0),
	(1435, 'steam:110000134b2c954', 'WEAPON_SAWNOFFSHOTGUN_blueprint', 0, 0),
	(1436, 'steam:110000134b2c954', 'WEAPON_SNIPERRIFLE_blueprint', 0, 0),
	(1437, 'steam:110000134b2c954', 'WEAPON_GUSENBERG_blueprint', 0, 0),
	(1438, 'steam:110000134b2c954', 'WEAPON_PUMPSHOTGUN_blueprint', 0, 0),
	(1439, 'steam:110000134b2c954', 'WEAPON_MOLOTOV_blueprint', 0, 0),
	(1440, 'steam:110000134b2c954', 'WEAPON_COMBATMG_MK2_blueprint', 0, 0),
	(1441, 'steam:110000134b2c954', 'WEAPON_SMG_MK2', 0, 0),
	(1442, 'steam:110000134b2c954', 'WEAPON_COMBATPISTOL_blueprint', 0, 0),
	(1443, 'steam:110000134b2c954', 'WEAPON_MICROSMG_blueprint', 0, 0),
	(1444, 'steam:110000134b2c954', 'WEAPON_BULLPUPSHOTGUN_blueprint', 0, 0),
	(1445, 'steam:110000134b2c954', 'WEAPON_ASSAULTSHOTGUN_blueprint', 0, 0),
	(1446, 'steam:110000134b2c954', 'WEAPON_ASSUALTSMG_blueprint', 0, 0),
	(1447, 'steam:110000134b2c954', 'WEAPON_REVOLVER_blueprint', 0, 0),
	(1448, 'steam:110000134b2c954', 'WEAPON_DBSHOTGUN_blueprint', 0, 0),
	(1449, 'steam:110000134b2c954', 'WEAPON_PETROLCAN_blueprint', 0, 0),
	(1450, 'steam:110000134b2c954', 'WEAPON_PISTOL50_blueprint', 0, 0),
	(1451, 'steam:110000134b2c954', 'WEAPON_NAVYREVOLVER_blueprint', 0, 0),
	(1452, 'steam:110000134b2c954', 'WEAPON_MUSKET_blueprint', 0, 0),
	(1453, 'steam:110000134b2c954', 'WEAPON_DOUBLEACTION_blueprint', 0, 0),
	(1454, 'steam:110000134b2c954', 'WEAPON_CARBINERIFLE_blueprint', 0, 0),
	(1455, 'steam:110000134b2c954', 'WEAPON_PARACHUTE_blueprint', 0, 0),
	(1456, 'steam:110000134b2c954', 'WEAPON_SNSPISTOL_MK2', 0, 0),
	(1457, 'steam:110000134b2c954', 'WEAPON_PUMPSHOTGUN_MK2_blueprint', 0, 0),
	(1458, 'steam:110000134b2c954', 'WEAPON_CERAMICPISTOL_blueprint', 0, 0),
	(1459, 'steam:110000134b2c954', 'WEAPON_STICKYBOMB_blueprint', 0, 0),
	(1460, 'steam:110000134b2c954', 'WEAPON_MINIGUN_blueprint', 0, 0),
	(1461, 'steam:110000134b2c954', 'WEAPON_BULLPUPRIFLE_blueprint', 0, 0),
	(1462, 'steam:110000134b2c954', 'WEAPON_FIREWORK_blueprint', 0, 0),
	(1463, 'steam:110000134b2c954', 'WEAPON_MARKSMANRIFLE_MK2', 0, 0),
	(1464, 'steam:110000134b2c954', 'WEAPON_SNSPISTOL_MK2_blueprint', 0, 0),
	(1465, 'steam:110000134b2c954', 'WEAPON_APPISTOL_blueprint', 0, 0),
	(1466, 'steam:110000134b2c954', 'WEAPON_VINTAGEPISTOL_blueprint', 0, 0),
	(1467, 'steam:110000134b2c954', 'WEAPON_FLARE_blueprint', 0, 0),
	(1468, 'steam:110000134b2c954', 'WEAPON_COMBATMG_blueprint', 0, 0),
	(1469, 'steam:110000134b2c954', 'WEAPON_GRENADE_blueprint', 0, 0),
	(1470, 'steam:110000134b2c954', 'WEAPON_COMPACTRIFLE_blueprint', 0, 0),
	(1471, 'steam:110000134b2c954', 'WEAPON_MARKSMANRIFLE_MK2_blueprint', 0, 0),
	(1472, 'steam:110000134b2c954', 'WEAPON_SPECIALCARBINE_MK2', 0, 0),
	(1473, 'steam:110000134b2c954', 'WEAPON_PIPEBOMB_blueprint', 0, 0),
	(1474, 'steam:110000134b2c954', 'WEAPON_PISTOL_blueprint', 0, 0),
	(1475, 'steam:110000134b2c954', 'WEAPON_ADVANCEDRIFLE_blueprint', 0, 0),
	(1476, 'steam:110000134b2c954', 'WEAPON_CARBINERIFLE_MK2_blueprint', 0, 0),
	(1477, 'steam:110000134b2c954', 'WEAPON_SMG_MK2_blueprint', 0, 0),
	(1478, 'steam:110000134b2c954', 'WEAPON_MARKSMANPISTOL_blueprint', 0, 0),
	(1479, 'steam:110000134b2c954', 'WEAPON_SMG_blueprint', 0, 0),
	(1480, 'steam:110000134b2c954', 'WEAPON_SNSPISTOL_blueprint', 0, 0),
	(1481, 'steam:110000134b2c954', 'WEAPON_HOMINGLAUNCHER_blueprint', 0, 0),
	(1482, 'steam:110000134b2c954', 'WEAPON_PROXMINE_blueprint', 0, 0),
	(1483, 'steam:110000134b2c954', 'WEAPON_HEAVYPISTOL_blueprint', 0, 0),
	(1484, 'steam:110000134b2c954', 'WEAPON_AUTOSHOTGUN_blueprint', 0, 0),
	(1485, 'steam:110000134b2c954', 'WEAPON_GRENADELAUNCHER_blueprint', 0, 0),
	(1486, 'steam:110000134b2c954', 'WEAPON_BULLPUPRIFLE_MK2', 0, 0),
	(1487, 'steam:110000134b2c954', 'godsblood', 0, 0),
	(1488, 'steam:11000014149b4eb', 'godsblood', 0, 0),
	(1489, 'steam:110000131e1dcdb', 'godsblood', 0, 0),
	(1490, 'steam:110000131e1dcdb', 'WEAPON_SNSPISTOL_blueprint', 0, 0),
	(1491, 'steam:110000131e1dcdb', 'WEAPON_MINIGUN_blueprint', 0, 0),
	(1492, 'steam:110000131e1dcdb', 'WEAPON_HOMINGLAUNCHER_blueprint', 0, 0),
	(1493, 'steam:110000131e1dcdb', 'WEAPON_MARKSMANRIFLE_MK2_blueprint', 0, 0),
	(1494, 'steam:110000131e1dcdb', 'WEAPON_FLAREGUN_blueprint', 0, 0),
	(1495, 'steam:110000131e1dcdb', 'WEAPON_PIPEBOMB_blueprint', 0, 0),
	(1496, 'steam:110000131e1dcdb', 'WEAPON_RPG_blueprint', 0, 0),
	(1497, 'steam:110000131e1dcdb', 'WEAPON_MARKSMANRIFLE_blueprint', 0, 0),
	(1498, 'steam:110000131e1dcdb', 'WEAPON_SMG_blueprint', 0, 0),
	(1499, 'steam:110000131e1dcdb', 'WEAPON_ADVANCEDRIFLE_blueprint', 0, 0),
	(1500, 'steam:110000131e1dcdb', 'WEAPON_ASSAULTRIFLE_MK2', 0, 0),
	(1501, 'steam:110000131e1dcdb', 'WEAPON_SPEACIALCARBINERIFLE_blueprint', 0, 0),
	(1502, 'steam:110000131e1dcdb', 'WEAPON_PUMPSHOTGUN_MK2_blueprint', 0, 0),
	(1503, 'steam:110000131e1dcdb', 'WEAPON_CARBINERIFLE_MK2', 0, 0),
	(1504, 'steam:110000131e1dcdb', 'WEAPON_CERAMICPISTOL_blueprint', 0, 0),
	(1505, 'steam:110000131e1dcdb', 'WEAPON_GUSENBERG_blueprint', 0, 0),
	(1506, 'steam:110000131e1dcdb', 'WEAPON_VINTAGEPISTOL_blueprint', 0, 0),
	(1507, 'steam:110000131e1dcdb', 'WEAPON_FLARE_blueprint', 0, 0),
	(1508, 'steam:110000131e1dcdb', 'WEAPON_SNSPISTOL_MK2_blueprint', 0, 0),
	(1509, 'steam:110000131e1dcdb', 'WEAPON_REVOLVER_blueprint', 0, 0),
	(1510, 'steam:110000131e1dcdb', 'WEAPON_STICKYBOMB_blueprint', 0, 0),
	(1511, 'steam:110000131e1dcdb', 'WEAPON_COMPACTRIFLE_blueprint', 0, 0),
	(1512, 'steam:110000131e1dcdb', 'WEAPON_CARBINERIFLE_blueprint', 0, 0),
	(1513, 'steam:110000131e1dcdb', 'WEAPON_HEAVYSNIPER_blueprint', 0, 0),
	(1514, 'steam:110000131e1dcdb', 'WEAPON_PARACHUTE_blueprint', 0, 0),
	(1515, 'steam:110000131e1dcdb', 'WEAPON_COMBATMG_blueprint', 0, 0),
	(1516, 'steam:110000131e1dcdb', 'WEAPON_FIREWORK_blueprint', 0, 0),
	(1517, 'steam:110000131e1dcdb', 'WEAPON_COMBATPISTOL_blueprint', 0, 0),
	(1518, 'steam:110000131e1dcdb', 'WEAPON_DBSHOTGUN_blueprint', 0, 0),
	(1519, 'steam:110000131e1dcdb', 'WEAPON_APPISTOL_blueprint', 0, 0),
	(1520, 'steam:110000131e1dcdb', 'WEAPON_MACHINEPISTOL_blueprint', 0, 0),
	(1521, 'steam:110000131e1dcdb', 'WEAPON_SMG_MK2', 0, 0),
	(1522, 'steam:110000131e1dcdb', 'WEAPON_PUMPSHOTGUN_MK2', 0, 0),
	(1523, 'steam:110000131e1dcdb', 'WEAPON_ASSUALTRIFLE_blueprint', 0, 0),
	(1524, 'steam:110000131e1dcdb', 'WEAPON_DOUBLEACTION_blueprint', 0, 0),
	(1525, 'steam:110000131e1dcdb', 'WEAPON_MILITARYRIFLE_blueprint', 0, 0),
	(1526, 'steam:110000131e1dcdb', 'WEAPON_PISTOL50_blueprint', 0, 0),
	(1527, 'steam:110000131e1dcdb', 'WEAPON_CARBINERIFLE_MK2_blueprint', 0, 0),
	(1528, 'steam:110000131e1dcdb', 'WEAPON_SPECIALCARBINE_MK2_blueprint', 0, 0),
	(1529, 'steam:110000131e1dcdb', 'WEAPON_MARKSMANPISTOL_blueprint', 0, 0),
	(1530, 'steam:110000131e1dcdb', 'WEAPON_PETROLCAN_blueprint', 0, 0),
	(1531, 'steam:110000131e1dcdb', 'WEAPON_NAVYREVOLVER_blueprint', 0, 0),
	(1532, 'steam:110000131e1dcdb', 'WEAPON_BULLPUPRIFLE_MK2_blueprint', 0, 0),
	(1533, 'steam:110000131e1dcdb', 'WEAPON_MOLOTOV_blueprint', 0, 0),
	(1534, 'steam:110000131e1dcdb', 'WEAPON_COMBATMG_MK2_blueprint', 0, 0),
	(1535, 'steam:110000131e1dcdb', 'WEAPON_MUSKET_blueprint', 0, 0),
	(1536, 'steam:110000131e1dcdb', 'WEAPON_ASSAULTRIFLE_MK2_blueprint', 0, 0),
	(1537, 'steam:110000131e1dcdb', 'WEAPON_MG_blueprint', 0, 0),
	(1538, 'steam:110000131e1dcdb', 'WEAPON_PROXMINE_blueprint', 0, 0),
	(1539, 'steam:110000131e1dcdb', 'WEAPON_BULLPUPRIFLE_MK2', 0, 0),
	(1540, 'steam:110000131e1dcdb', 'WEAPON_MARKSMANRIFLE_MK2', 0, 0),
	(1541, 'steam:110000131e1dcdb', 'WEAPON_COMBATPDW_blueprint', 0, 0),
	(1542, 'steam:110000131e1dcdb', 'WEAPON_COMBATSHOTGUN_blueprint', 0, 0),
	(1543, 'steam:110000131e1dcdb', 'WEAPON_COMPACTLAUNCHER_blueprint', 0, 0),
	(1544, 'steam:110000131e1dcdb', 'WEAPON_PISTOL_blueprint', 0, 0),
	(1545, 'steam:110000131e1dcdb', 'WEAPON_SNIPERRIFLE_blueprint', 0, 0),
	(1546, 'steam:110000131e1dcdb', 'WEAPON_SMG_MK2_blueprint', 0, 0),
	(1547, 'steam:110000131e1dcdb', 'WEAPON_BULLPUPRIFLE_blueprint', 0, 0),
	(1548, 'steam:110000131e1dcdb', 'WEAPON_SAWNOFFSHOTGUN_blueprint', 0, 0),
	(1549, 'steam:110000131e1dcdb', 'WEAPON_MICROSMG_blueprint', 0, 0),
	(1550, 'steam:110000131e1dcdb', 'WEAPON_PUMPSHOTGUN_blueprint', 0, 0),
	(1551, 'steam:110000131e1dcdb', 'WEAPON_SPECIALCARBINE_MK2', 0, 0),
	(1552, 'steam:110000131e1dcdb', 'WEAPON_MINISMG_blueprint', 0, 0),
	(1553, 'steam:110000131e1dcdb', 'WEAPON_ASSUALTSMG_blueprint', 0, 0),
	(1554, 'steam:110000131e1dcdb', 'WEAPON_AUTOSHOTGUN_blueprint', 0, 0),
	(1555, 'steam:110000131e1dcdb', 'WEAPON_GRENADELAUNCHER_blueprint', 0, 0),
	(1556, 'steam:110000131e1dcdb', 'WEAPON_BULLPUPSHOTGUN_blueprint', 0, 0),
	(1557, 'steam:110000131e1dcdb', 'WEAPON_GRENADE_blueprint', 0, 0),
	(1558, 'steam:110000131e1dcdb', 'WEAPON_ASSAULTSHOTGUN_blueprint', 0, 0),
	(1559, 'steam:110000131e1dcdb', 'WEAPON_HEAVYPISTOL_blueprint', 0, 0),
	(1560, 'steam:110000131e1dcdb', 'WEAPON_SNSPISTOL_MK2', 0, 0),
	(1561, 'steam:110000131e1dcdb', 'WEAPON_HEAVYSHOTGUN_blueprint', 0, 0),
	(1562, 'steam:110000131e1dcdb', 'WEAPON_BZGAS_blueprint', 0, 0),
	(1563, 'steam:11000014371d5b4', 'WEAPON_FLAREGUN_blueprint', 0, 0),
	(1564, 'steam:11000014371d5b4', 'WEAPON_CARBINERIFLE_blueprint', 0, 0),
	(1565, 'steam:11000014371d5b4', 'WEAPON_REVOLVER_blueprint', 0, 0),
	(1566, 'steam:11000014371d5b4', 'WEAPON_COMBATMG_MK2_blueprint', 0, 0),
	(1567, 'steam:11000014371d5b4', 'WEAPON_ADVANCEDRIFLE_blueprint', 0, 0),
	(1568, 'steam:11000014371d5b4', 'WEAPON_AUTOSHOTGUN_blueprint', 0, 0),
	(1569, 'steam:11000014371d5b4', 'WEAPON_MICROSMG_blueprint', 0, 0),
	(1570, 'steam:11000014371d5b4', 'WEAPON_SAWNOFFSHOTGUN_blueprint', 0, 0),
	(1571, 'steam:11000014371d5b4', 'WEAPON_MARKSMANRIFLE_MK2', 0, 0),
	(1572, 'steam:11000014371d5b4', 'WEAPON_COMBATSHOTGUN_blueprint', 0, 0),
	(1573, 'steam:11000014371d5b4', 'WEAPON_MINIGUN_blueprint', 0, 0),
	(1574, 'steam:11000014371d5b4', 'WEAPON_SMG_MK2', 0, 0),
	(1575, 'steam:11000014371d5b4', 'WEAPON_SNSPISTOL_blueprint', 0, 0),
	(1576, 'steam:11000014371d5b4', 'WEAPON_SNIPERRIFLE_blueprint', 0, 0),
	(1577, 'steam:11000014371d5b4', 'WEAPON_SMG_MK2_blueprint', 0, 0),
	(1578, 'steam:11000014371d5b4', 'WEAPON_MARKSMANPISTOL_blueprint', 0, 0),
	(1579, 'steam:11000014371d5b4', 'WEAPON_PISTOL_blueprint', 0, 0),
	(1580, 'steam:11000014371d5b4', 'WEAPON_NAVYREVOLVER_blueprint', 0, 0),
	(1581, 'steam:11000014371d5b4', 'WEAPON_BULLPUPRIFLE_blueprint', 0, 0),
	(1582, 'steam:11000014371d5b4', 'WEAPON_ASSUALTSMG_blueprint', 0, 0),
	(1583, 'steam:11000014371d5b4', 'WEAPON_MOLOTOV_blueprint', 0, 0),
	(1584, 'steam:11000014371d5b4', 'WEAPON_GUSENBERG_blueprint', 0, 0),
	(1585, 'steam:11000014371d5b4', 'WEAPON_PUMPSHOTGUN_MK2', 0, 0),
	(1586, 'steam:11000014371d5b4', 'WEAPON_COMPACTRIFLE_blueprint', 0, 0),
	(1587, 'steam:11000014371d5b4', 'WEAPON_PIPEBOMB_blueprint', 0, 0),
	(1588, 'steam:11000014371d5b4', 'WEAPON_SPECIALCARBINE_MK2_blueprint', 0, 0),
	(1589, 'steam:11000014371d5b4', 'WEAPON_DBSHOTGUN_blueprint', 0, 0),
	(1590, 'steam:11000014371d5b4', 'WEAPON_DOUBLEACTION_blueprint', 0, 0),
	(1591, 'steam:11000014371d5b4', 'WEAPON_ASSAULTRIFLE_MK2', 0, 0),
	(1592, 'steam:11000014371d5b4', 'WEAPON_PISTOL50_blueprint', 0, 0),
	(1593, 'steam:11000014371d5b4', 'WEAPON_MILITARYRIFLE_blueprint', 0, 0),
	(1594, 'steam:11000014371d5b4', 'WEAPON_ASSUALTRIFLE_blueprint', 0, 0),
	(1595, 'steam:11000014371d5b4', 'WEAPON_COMPACTLAUNCHER_blueprint', 0, 0),
	(1596, 'steam:11000014371d5b4', 'WEAPON_COMBATPISTOL_blueprint', 0, 0),
	(1597, 'steam:11000014371d5b4', 'WEAPON_COMBATPDW_blueprint', 0, 0),
	(1598, 'steam:11000014371d5b4', 'WEAPON_MG_blueprint', 0, 0),
	(1599, 'steam:11000014371d5b4', 'WEAPON_PUMPSHOTGUN_blueprint', 0, 0),
	(1600, 'steam:11000014371d5b4', 'WEAPON_BULLPUPSHOTGUN_blueprint', 0, 0),
	(1601, 'steam:11000014371d5b4', 'WEAPON_BULLPUPRIFLE_MK2', 0, 0),
	(1602, 'steam:11000014371d5b4', 'WEAPON_GRENADE_blueprint', 0, 0),
	(1603, 'steam:11000014371d5b4', 'WEAPON_RPG_blueprint', 0, 0),
	(1604, 'steam:11000014371d5b4', 'WEAPON_BULLPUPRIFLE_MK2_blueprint', 0, 0),
	(1605, 'steam:11000014371d5b4', 'WEAPON_CERAMICPISTOL_blueprint', 0, 0),
	(1606, 'steam:11000014371d5b4', 'WEAPON_FIREWORK_blueprint', 0, 0),
	(1607, 'steam:11000014371d5b4', 'WEAPON_CARBINERIFLE_MK2', 0, 0),
	(1608, 'steam:11000014371d5b4', 'WEAPON_HEAVYSNIPER_blueprint', 0, 0),
	(1609, 'steam:11000014371d5b4', 'WEAPON_PARACHUTE_blueprint', 0, 0),
	(1610, 'steam:11000014371d5b4', 'WEAPON_SPEACIALCARBINERIFLE_blueprint', 0, 0),
	(1611, 'steam:11000014371d5b4', 'WEAPON_PROXMINE_blueprint', 0, 0),
	(1612, 'steam:11000014371d5b4', 'WEAPON_VINTAGEPISTOL_blueprint', 0, 0),
	(1613, 'steam:11000014371d5b4', 'WEAPON_BZGAS_blueprint', 0, 0),
	(1614, 'steam:11000014371d5b4', 'WEAPON_COMBATMG_blueprint', 0, 0),
	(1615, 'steam:11000014371d5b4', 'WEAPON_CARBINERIFLE_MK2_blueprint', 0, 0),
	(1616, 'steam:11000014371d5b4', 'WEAPON_HOMINGLAUNCHER_blueprint', 0, 0),
	(1617, 'steam:11000014371d5b4', 'WEAPON_PETROLCAN_blueprint', 0, 0),
	(1618, 'steam:11000014371d5b4', 'WEAPON_PUMPSHOTGUN_MK2_blueprint', 0, 0),
	(1619, 'steam:11000014371d5b4', 'WEAPON_GRENADELAUNCHER_blueprint', 0, 0),
	(1620, 'steam:11000014371d5b4', 'WEAPON_MUSKET_blueprint', 0, 0),
	(1621, 'steam:11000014371d5b4', 'WEAPON_APPISTOL_blueprint', 0, 0),
	(1622, 'steam:11000014371d5b4', 'WEAPON_MARKSMANRIFLE_MK2_blueprint', 0, 0),
	(1623, 'steam:11000014371d5b4', 'WEAPON_ASSAULTRIFLE_MK2_blueprint', 0, 0),
	(1624, 'steam:11000014371d5b4', 'WEAPON_FLARE_blueprint', 0, 0),
	(1625, 'steam:11000014371d5b4', 'WEAPON_SNSPISTOL_MK2', 0, 0),
	(1626, 'steam:11000014371d5b4', 'WEAPON_SPECIALCARBINE_MK2', 0, 0),
	(1627, 'steam:11000014371d5b4', 'WEAPON_MACHINEPISTOL_blueprint', 0, 0),
	(1628, 'steam:11000014371d5b4', 'WEAPON_HEAVYPISTOL_blueprint', 0, 0),
	(1629, 'steam:11000014371d5b4', 'WEAPON_MINISMG_blueprint', 0, 0),
	(1630, 'steam:11000014371d5b4', 'WEAPON_HEAVYSHOTGUN_blueprint', 0, 0),
	(1631, 'steam:11000014371d5b4', 'WEAPON_SMG_blueprint', 0, 0),
	(1632, 'steam:11000014371d5b4', 'WEAPON_ASSAULTSHOTGUN_blueprint', 0, 0),
	(1633, 'steam:11000014371d5b4', 'WEAPON_SNSPISTOL_MK2_blueprint', 0, 0),
	(1634, 'steam:11000014371d5b4', 'WEAPON_MARKSMANRIFLE_blueprint', 0, 0),
	(1635, 'steam:11000014371d5b4', 'WEAPON_STICKYBOMB_blueprint', 0, 0),
	(1636, 'steam:11000014371d5b4', 'godsblood', 0, 0),
	(1637, 'steam:110000134b2c954', 'flared', 0, 0),
	(1638, 'steam:110000134b2c954', 'flashlight', 0, 0),
	(1639, 'steam:110000134b2c954', 'supressor', 0, 0),
	(1640, 'steam:110000134b2c954', 'scope', 0, 0),
	(1641, 'steam:110000134b2c954', 'grip', 0, 0),
	(1642, 'steam:110000134b2c954', 'skin', 0, 0),
	(1643, 'steam:110000134b2c954', 'disc_ammo_rifle', 0, 0),
	(1644, 'steam:110000134b2c954', 'WEAPON_FIREEXTINGUISHER', 0, 0),
	(1645, 'steam:110000134b2c954', 'WEAPON_BAT', 0, 0),
	(1646, 'steam:110000134b2c954', 'WEAPON_CROWBAR', 0, 0),
	(1647, 'steam:110000134b2c954', 'disc_ammo_smg_large', 0, 0),
	(1648, 'steam:110000134b2c954', 'WEAPON_ASSAULTRIFLE', 0, 0),
	(1649, 'steam:110000134b2c954', 'WEAPON_DIGISCANNER', 0, 0),
	(1650, 'steam:110000134b2c954', 'disc_ammo_rifle_large', 0, 0),
	(1651, 'steam:110000134b2c954', 'WEAPON_BOTTLE', 0, 0),
	(1652, 'steam:110000134b2c954', 'WEAPON_FLASHLIGHT', 0, 0),
	(1653, 'steam:110000134b2c954', 'disc_ammo_smg', 0, 0),
	(1654, 'steam:110000134b2c954', 'WEAPON_GARBAGEBAG', 0, 0),
	(1655, 'steam:110000134b2c954', 'disc_ammo_snp', 0, 0),
	(1656, 'steam:110000134b2c954', 'disc_ammo_shotgun_large', 0, 0),
	(1657, 'steam:110000134b2c954', 'WEAPON_ASSAULTSMG', 0, 0),
	(1658, 'steam:110000134b2c954', 'WEAPON_KNUCKLE', 0, 0),
	(1659, 'steam:110000134b2c954', 'WEAPON_HANDCUFFS', 0, 0),
	(1660, 'steam:110000134b2c954', 'WEAPON_MACHETE', 0, 0),
	(1661, 'steam:110000134b2c954', 'WEAPON_GOLFCLUB', 0, 0),
	(1662, 'steam:110000134b2c954', 'disc_ammo_shotgun', 0, 0),
	(1663, 'steam:110000134b2c954', 'WEAPON_HATCHET', 0, 0),
	(1664, 'steam:110000134b2c954', 'WEAPON_DAGGER', 0, 0),
	(1665, 'steam:110000134b2c954', 'disc_ammo_pistol', 0, 0),
	(1666, 'steam:110000134b2c954', 'WEAPON_HAMMER', 0, 0),
	(1667, 'steam:110000134b2c954', 'disc_ammo_pistol_large', 0, 0),
	(1668, 'steam:110000134b2c954', 'WEAPON_KNIFE', 0, 0),
	(1669, 'steam:110000134b2c954', 'WEAPON_BALL', 0, 0),
	(1670, 'steam:110000134b2c954', 'disc_ammo_snp_large', 0, 0),
	(1671, 'steam:110000134b2c954', 'WEAPON_BATTLEAXE', 0, 0),
	(1672, 'steam:110000134b2c954', 'WEAPON_RAILGUN', 0, 0),
	(1673, 'steam:110000134b2c954', 'WEAPON_SWITCHBLADE', 0, 0),
	(1674, 'steam:110000134b2c954', 'WEAPON_SMOKEGRENADE', 0, 0),
	(1675, 'steam:110000134b2c954', 'WEAPON_SPECIALCARBINE', 0, 0),
	(1676, 'steam:110000134b2c954', 'WEAPON_STUNGUN', 0, 0),
	(1677, 'steam:110000134b2c954', 'WEAPON_WRENCH', 0, 0),
	(1678, 'steam:110000134b2c954', 'WEAPON_STINGER', 0, 0),
	(1679, 'steam:110000134b2c954', 'WEAPON_NIGHTSTICK', 0, 0),
	(1680, 'steam:110000134b2c954', 'WEAPON_POOLCUE', 0, 0),
	(1681, 'steam:110000134b2c954', 'WEAPON_SNOWBALL', 0, 0),
	(1682, 'steam:11000014371d5b4', 'WEAPON_DIGISCANNER', 0, 0),
	(1683, 'steam:11000014371d5b4', 'disc_ammo_shotgun_large', 0, 0),
	(1684, 'steam:11000014371d5b4', 'grip', 0, 0),
	(1685, 'steam:11000014371d5b4', 'WEAPON_HANDCUFFS', 0, 0),
	(1686, 'steam:11000014371d5b4', 'flared', 0, 0),
	(1687, 'steam:11000014371d5b4', 'disc_ammo_rifle', 0, 0),
	(1688, 'steam:11000014371d5b4', 'WEAPON_BALL', 0, 0),
	(1689, 'steam:11000014371d5b4', 'WEAPON_STINGER', 0, 0),
	(1690, 'steam:11000014371d5b4', 'disc_ammo_pistol', 0, 0),
	(1691, 'steam:11000014371d5b4', 'WEAPON_BAT', 0, 0),
	(1692, 'steam:11000014371d5b4', 'WEAPON_ASSAULTSMG', 0, 0),
	(1693, 'steam:11000014371d5b4', 'skin', 0, 0),
	(1694, 'steam:11000014371d5b4', 'WEAPON_KNUCKLE', 0, 0),
	(1695, 'steam:11000014371d5b4', 'supressor', 0, 0),
	(1696, 'steam:11000014371d5b4', 'WEAPON_SNOWBALL', 0, 0),
	(1697, 'steam:11000014371d5b4', 'WEAPON_CROWBAR', 0, 0),
	(1698, 'steam:11000014371d5b4', 'disc_ammo_smg_large', 0, 0),
	(1699, 'steam:11000014371d5b4', 'disc_ammo_shotgun', 0, 0),
	(1700, 'steam:11000014371d5b4', 'WEAPON_WRENCH', 0, 0),
	(1701, 'steam:11000014371d5b4', 'WEAPON_MACHETE', 0, 0),
	(1702, 'steam:11000014371d5b4', 'WEAPON_SMOKEGRENADE', 0, 0),
	(1703, 'steam:11000014371d5b4', 'WEAPON_BOTTLE', 0, 0),
	(1704, 'steam:11000014371d5b4', 'WEAPON_FLASHLIGHT', 0, 0),
	(1705, 'steam:11000014371d5b4', 'WEAPON_KNIFE', 0, 0),
	(1706, 'steam:11000014371d5b4', 'WEAPON_HAMMER', 0, 0),
	(1707, 'steam:11000014371d5b4', 'disc_ammo_snp', 0, 0),
	(1708, 'steam:11000014371d5b4', 'flashlight', 0, 0),
	(1709, 'steam:11000014371d5b4', 'WEAPON_GOLFCLUB', 0, 0),
	(1710, 'steam:11000014371d5b4', 'WEAPON_ASSAULTRIFLE', 0, 0),
	(1711, 'steam:11000014371d5b4', 'WEAPON_BATTLEAXE', 0, 0),
	(1712, 'steam:11000014371d5b4', 'disc_ammo_rifle_large', 0, 0),
	(1713, 'steam:11000014371d5b4', 'WEAPON_SPECIALCARBINE', 0, 0),
	(1714, 'steam:11000014371d5b4', 'WEAPON_RAILGUN', 0, 0),
	(1715, 'steam:11000014371d5b4', 'WEAPON_NIGHTSTICK', 0, 0),
	(1716, 'steam:11000014371d5b4', 'disc_ammo_pistol_large', 0, 0),
	(1717, 'steam:11000014371d5b4', 'WEAPON_HATCHET', 0, 0),
	(1718, 'steam:11000014371d5b4', 'WEAPON_STUNGUN', 0, 0),
	(1719, 'steam:11000014371d5b4', 'scope', 0, 0),
	(1720, 'steam:11000014371d5b4', 'WEAPON_GARBAGEBAG', 0, 0),
	(1721, 'steam:11000014371d5b4', 'WEAPON_DAGGER', 0, 0),
	(1722, 'steam:11000014371d5b4', 'WEAPON_SWITCHBLADE', 0, 0),
	(1723, 'steam:11000014371d5b4', 'WEAPON_POOLCUE', 0, 0),
	(1724, 'steam:11000014371d5b4', 'disc_ammo_snp_large', 0, 0),
	(1725, 'steam:11000014371d5b4', 'disc_ammo_smg', 0, 0),
	(1726, 'steam:11000014371d5b4', 'WEAPON_FIREEXTINGUISHER', 0, 0),
	(1727, 'steam:110000134b2c954', 'syringe', 0, 0),
	(1728, 'steam:110000134b2c954', 'craftingbook', 1, 0),
	(1729, 'steam:110000134b2c954', 'steak', 0, 0),
	(1730, 'steam:110000134b2c954', 'formula_tube', 0, 0),
	(1731, 'steam:110000134b2c954', 'campfire', 0, 0),
	(1732, 'steam:11000014149b4eb', 'WEAPON_BAT', 0, 0),
	(1733, 'steam:11000014149b4eb', 'WEAPON_STINGER', 0, 0),
	(1734, 'steam:11000014149b4eb', 'disc_ammo_rifle_large', 0, 0),
	(1735, 'steam:11000014149b4eb', 'WEAPON_FLASHLIGHT', 0, 0),
	(1736, 'steam:11000014149b4eb', 'WEAPON_BALL', 0, 0),
	(1737, 'steam:11000014149b4eb', 'disc_ammo_pistol', 0, 0),
	(1738, 'steam:11000014149b4eb', 'WEAPON_ASSAULTSMG', 0, 0),
	(1739, 'steam:11000014149b4eb', 'WEAPON_RAILGUN', 0, 0),
	(1740, 'steam:11000014149b4eb', 'flared', 0, 0),
	(1741, 'steam:11000014149b4eb', 'WEAPON_GOLFCLUB', 0, 0),
	(1742, 'steam:11000014149b4eb', 'WEAPON_NIGHTSTICK', 0, 0),
	(1743, 'steam:11000014149b4eb', 'WEAPON_MACHETE', 0, 0),
	(1744, 'steam:11000014149b4eb', 'campfire', 0, 0),
	(1745, 'steam:11000014149b4eb', 'steak', 0, 0),
	(1746, 'steam:11000014149b4eb', 'flashlight', 0, 0),
	(1747, 'steam:11000014149b4eb', 'disc_ammo_pistol_large', 0, 0),
	(1748, 'steam:11000014149b4eb', 'WEAPON_GARBAGEBAG', 0, 0),
	(1749, 'steam:11000014149b4eb', 'disc_ammo_smg', 0, 0),
	(1750, 'steam:11000014149b4eb', 'disc_ammo_shotgun_large', 0, 0),
	(1751, 'steam:11000014149b4eb', 'WEAPON_SMOKEGRENADE', 0, 0),
	(1752, 'steam:11000014149b4eb', 'craftingbook', 0, 0),
	(1753, 'steam:11000014149b4eb', 'disc_ammo_rifle', 0, 0),
	(1754, 'steam:11000014149b4eb', 'WEAPON_BATTLEAXE', 0, 0),
	(1755, 'steam:11000014149b4eb', 'WEAPON_HAMMER', 0, 0),
	(1756, 'steam:11000014149b4eb', 'WEAPON_BOTTLE', 0, 0),
	(1757, 'steam:11000014149b4eb', 'supressor', 0, 0),
	(1758, 'steam:11000014149b4eb', 'WEAPON_HANDCUFFS', 0, 0),
	(1759, 'steam:11000014149b4eb', 'WEAPON_POOLCUE', 0, 0),
	(1760, 'steam:11000014149b4eb', 'WEAPON_SPECIALCARBINE', 0, 0),
	(1761, 'steam:11000014149b4eb', 'WEAPON_ASSAULTRIFLE', 0, 0),
	(1762, 'steam:11000014149b4eb', 'WEAPON_KNIFE', 0, 0),
	(1763, 'steam:11000014149b4eb', 'skin', 0, 0),
	(1764, 'steam:11000014149b4eb', 'WEAPON_SNOWBALL', 0, 0),
	(1765, 'steam:11000014149b4eb', 'syringe', 0, 0),
	(1766, 'steam:11000014149b4eb', 'disc_ammo_snp', 0, 0),
	(1767, 'steam:11000014149b4eb', 'scope', 0, 0),
	(1768, 'steam:11000014149b4eb', 'WEAPON_SWITCHBLADE', 0, 0),
	(1769, 'steam:11000014149b4eb', 'WEAPON_DAGGER', 0, 0),
	(1770, 'steam:11000014149b4eb', 'disc_ammo_shotgun', 0, 0),
	(1771, 'steam:11000014149b4eb', 'WEAPON_FIREEXTINGUISHER', 0, 0),
	(1772, 'steam:11000014149b4eb', 'WEAPON_STUNGUN', 0, 0),
	(1773, 'steam:11000014149b4eb', 'WEAPON_CROWBAR', 0, 0),
	(1774, 'steam:11000014149b4eb', 'disc_ammo_smg_large', 0, 0),
	(1775, 'steam:11000014149b4eb', 'WEAPON_HATCHET', 0, 0),
	(1776, 'steam:11000014149b4eb', 'WEAPON_KNUCKLE', 0, 0),
	(1777, 'steam:11000014149b4eb', 'grip', 0, 0),
	(1778, 'steam:11000014149b4eb', 'formula_tube', 0, 0),
	(1779, 'steam:11000014149b4eb', 'disc_ammo_snp_large', 0, 0),
	(1780, 'steam:11000014149b4eb', 'WEAPON_WRENCH', 0, 0),
	(1781, 'steam:11000014149b4eb', 'WEAPON_DIGISCANNER', 0, 0),
	(1782, 'steam:11000014371d5b4', 'steak', 0, 0),
	(1783, 'steam:11000014371d5b4', 'syringe', 0, 0),
	(1784, 'steam:11000014371d5b4', 'craftingbook', 0, 0),
	(1785, 'steam:11000014371d5b4', 'formula_tube', 0, 0),
	(1786, 'steam:11000014371d5b4', 'campfire', 0, 0),
	(1787, 'steam:110000134976b2b', 'WEAPON_HAMMER', 0, 0),
	(1788, 'steam:110000134976b2b', 'WEAPON_ASSUALTRIFLE_blueprint', 0, 0),
	(1789, 'steam:110000134976b2b', 'WEAPON_HOMINGLAUNCHER', 0, 0),
	(1790, 'steam:110000134976b2b', 'WEAPON_BOTTLE', 0, 0),
	(1791, 'steam:110000134976b2b', 'WEAPON_PISTOL_blueprint', 0, 0),
	(1792, 'steam:110000134976b2b', 'skin', 0, 0),
	(1793, 'steam:110000134976b2b', 'WEAPON_REVOLVER_blueprint', 1, 0),
	(1794, 'steam:110000134976b2b', 'lootchest3_blueprint', 0, 0),
	(1795, 'steam:110000134976b2b', 'WEAPON_BULLPUPRIFLE', 0, 0),
	(1796, 'steam:110000134976b2b', 'marijuana', 0, 0),
	(1797, 'steam:110000134976b2b', 'boost2', 0, 0),
	(1798, 'steam:110000134976b2b', 'disc_ammo_smg_large', 0, 0),
	(1799, 'steam:110000134976b2b', 'WEAPON_HATCHET', 0, 0),
	(1800, 'steam:110000134976b2b', 'scope', 0, 0),
	(1801, 'steam:110000134976b2b', 'WEAPON_PUMPSHOTGUN_MK2_blueprint', 0, 0),
	(1802, 'steam:110000134976b2b', 'lightsmg_clip', 0, 0),
	(1803, 'steam:110000134976b2b', 'drugItem', 0, 0),
	(1804, 'steam:110000134976b2b', 'WEAPON_SPECIALCARBINE', 0, 0),
	(1805, 'steam:110000134976b2b', 'lootchest7', 0, 0),
	(1806, 'steam:110000134976b2b', 'WEAPON_MINIGUN_blueprint', 0, 0),
	(1807, 'steam:110000134976b2b', 'lootchest4_blueprint', 0, 0),
	(1808, 'steam:110000134976b2b', 'nos', 0, 0),
	(1809, 'steam:110000134976b2b', 'WEAPON_CARBINERIFLE_blueprint', 0, 0),
	(1810, 'steam:110000134976b2b', 'lootchest_blueprint', 0, 0),
	(1811, 'steam:110000134976b2b', 'armor', 0, 0),
	(1812, 'steam:110000134976b2b', 'WEAPON_HEAVYSNIPER', 0, 0),
	(1813, 'steam:110000134976b2b', 'WEAPON_APPISTOL_blueprint', 0, 0),
	(1814, 'steam:110000134976b2b', 'disc_ammo_rifle_large', 0, 0),
	(1815, 'steam:110000134976b2b', 'WEAPON_PROXMINE_blueprint', 0, 0),
	(1816, 'steam:110000134976b2b', 'WEAPON_MUSKET', 0, 0),
	(1817, 'steam:110000134976b2b', 'meth10g', 0, 0),
	(1818, 'steam:110000134976b2b', 'lootchest5', 0, 0),
	(1819, 'steam:110000134976b2b', 'lootchest7_blueprint', 0, 0),
	(1820, 'steam:110000134976b2b', 'antidot', 0, 0),
	(1821, 'steam:110000134976b2b', 'WEAPON_MARKSMANPISTOL_blueprint', 0, 0),
	(1822, 'steam:110000134976b2b', 'WEAPON_DOUBLEACTION', 0, 0),
	(1823, 'steam:110000134976b2b', 'WEAPON_SPECIALCARBINE_MK2_blueprint', 0, 0),
	(1824, 'steam:110000134976b2b', 'WEAPON_MG_blueprint', 0, 0),
	(1825, 'steam:110000134976b2b', 'WEAPON_HANDCUFFS', 0, 0),
	(1826, 'steam:110000134976b2b', 'rifle_clip', 0, 0),
	(1827, 'steam:110000134976b2b', 'rifleshell', 0, 0),
	(1828, 'steam:110000134976b2b', 'WEAPON_HEAVYSHOTGUN_blueprint', 0, 0),
	(1829, 'steam:110000134976b2b', 'WEAPON_SNSPISTOL_blueprint', 0, 0),
	(1830, 'steam:110000134976b2b', 'WEAPON_CERAMICPISTOL_blueprint', 0, 0),
	(1831, 'steam:110000134976b2b', 'WEAPON_MUSKET_blueprint', 0, 0),
	(1832, 'steam:110000134976b2b', 'disc_ammo_rifle', 0, 0),
	(1833, 'steam:110000134976b2b', 'WEAPON_ADVANCEDRIFLE', 0, 0),
	(1834, 'steam:110000134976b2b', 'heavyshell', 0, 0),
	(1835, 'steam:110000134976b2b', 'formula_tube', 0, 0),
	(1836, 'steam:110000134976b2b', 'mgshell', 0, 0),
	(1837, 'steam:110000134976b2b', 'WEAPON_SNIPERRIFLE_blueprint', 0, 0),
	(1838, 'steam:110000134976b2b', 'WEAPON_SNSPISTOL', 0, 0),
	(1839, 'steam:110000134976b2b', 'race_suspension_blueprint', 0, 0),
	(1840, 'steam:110000134976b2b', 'WEAPON_AUTOSHOTGUN', 0, 0),
	(1841, 'steam:110000134976b2b', 'WEAPON_MILITARYRIFLE_blueprint', 0, 0),
	(1842, 'steam:110000134976b2b', 'WEAPON_SAWNOFFSHOTGUN_blueprint', 0, 0),
	(1843, 'steam:110000134976b2b', 'repairkit_blueprint', 0, 0),
	(1844, 'steam:110000134976b2b', 'v8engine', 0, 0),
	(1845, 'steam:110000134976b2b', 'WEAPON_COMPACTRIFLE', 0, 0),
	(1846, 'steam:110000134976b2b', 'coke1g', 0, 0),
	(1847, 'steam:110000134976b2b', '2jzengine', 0, 0),
	(1848, 'steam:110000134976b2b', 'WEAPON_COMBATSHOTGUN_blueprint', 0, 0),
	(1849, 'steam:110000134976b2b', 'bread', 0, 0),
	(1850, 'steam:110000134976b2b', 'WEAPON_FIREWORK_blueprint', 0, 0),
	(1851, 'steam:110000134976b2b', 'race_transmition_blueprint', 0, 0),
	(1852, 'steam:110000134976b2b', 'lootchest6_blueprint', 0, 0),
	(1853, 'steam:110000134976b2b', 'meth1g', 0, 0),
	(1854, 'steam:110000134976b2b', 'WEAPON_DIGISCANNER', 0, 0),
	(1855, 'steam:110000134976b2b', 'WEAPON_COMBATMG_MK2_blueprint', 0, 0),
	(1856, 'steam:110000134976b2b', 'WEAPON_PROXMINE', 0, 0),
	(1857, 'steam:110000134976b2b', 'monster5', 0, 0),
	(1858, 'steam:110000134976b2b', 'lootchest2_blueprint', 0, 0),
	(1859, 'steam:110000134976b2b', 'WEAPON_PARACHUTE', 0, 0),
	(1860, 'steam:110000134976b2b', 'bombshell', 0, 0),
	(1861, 'steam:110000134976b2b', 'stock_oil', 0, 0),
	(1862, 'steam:110000134976b2b', 'WEAPON_STINGER', 0, 0),
	(1863, 'steam:110000134976b2b', 'flashlight', 0, 0),
	(1864, 'steam:110000134976b2b', 'pistolshell', 0, 0),
	(1865, 'steam:110000134976b2b', 'shotgun_clip', 0, 0),
	(1866, 'steam:110000134976b2b', 'weapon_tint_pink', 0, 0),
	(1867, 'steam:110000134976b2b', 'WEAPON_FIREEXTINGUISHER', 0, 0),
	(1868, 'steam:110000134976b2b', 'WEAPON_GARBAGEBAG', 0, 0),
	(1869, 'steam:110000134976b2b', 'bandage2', 0, 0),
	(1870, 'steam:110000134976b2b', 'WEAPON_FIREWORK', 0, 0),
	(1871, 'steam:110000134976b2b', 'weapon_luxary_finish', 0, 0),
	(1872, 'steam:110000134976b2b', 'WEAPON_CROWBAR', 0, 0),
	(1873, 'steam:110000134976b2b', 'WEAPON_DBSHOTGUN', 0, 0),
	(1874, 'steam:110000134976b2b', 'WEAPON_GOLFCLUB', 0, 0),
	(1875, 'steam:110000134976b2b', 'WEAPON_MG', 0, 0),
	(1876, 'steam:110000134976b2b', 'thermite', 0, 0),
	(1877, 'steam:110000134976b2b', 'WEAPON_DAGGER', 0, 0),
	(1878, 'steam:110000134976b2b', 'disc_ammo_pistol_large', 0, 0),
	(1879, 'steam:110000134976b2b', 'WEAPON_HEAVYSHOTGUN', 0, 0),
	(1880, 'steam:110000134976b2b', 'WEAPON_SMG', 0, 0),
	(1881, 'steam:110000134976b2b', 'WEAPON_BZGAS', 0, 0),
	(1882, 'steam:110000134976b2b', 'monster3', 0, 0),
	(1883, 'steam:110000134976b2b', 'gasmask', 0, 0),
	(1884, 'steam:110000134976b2b', 'WEAPON_STICKYBOMB_blueprint', 0, 0),
	(1885, 'steam:110000134976b2b', 'WEAPON_MINISMG', 0, 0),
	(1886, 'steam:110000134976b2b', 'craftingbook', 0, 0),
	(1887, 'steam:110000134976b2b', 'WEAPON_MACHETE', 0, 0),
	(1888, 'steam:110000134976b2b', 'WEAPON_PARACHUTE_blueprint', 0, 0),
	(1889, 'steam:110000134976b2b', 'steak', 0, 0),
	(1890, 'steam:110000134976b2b', 'WEAPON_CARBINERIFLE', 0, 0),
	(1891, 'steam:110000134976b2b', 'toolbox', 0, 0),
	(1892, 'steam:110000134976b2b', 'WEAPON_STUNGUN', 0, 0),
	(1893, 'steam:110000134976b2b', 'WEAPON_POOLCUE', 0, 0),
	(1894, 'steam:110000134976b2b', 'WEAPON_PETROLCAN_blueprint', 0, 0),
	(1895, 'steam:110000134976b2b', 'lootchest5_blueprint', 0, 0),
	(1896, 'steam:110000134976b2b', 'WEAPON_COMPACTRIFLE_blueprint', 0, 0),
	(1897, 'steam:110000134976b2b', 'weed4g', 0, 0),
	(1898, 'steam:110000134976b2b', 'WEAPON_SNOWBALL', 0, 0),
	(1899, 'steam:110000134976b2b', 'WEAPON_HOMINGLAUNCHER_blueprint', 0, 0),
	(1900, 'steam:110000134976b2b', 'WEAPON_BULLPUPSHOTGUN_blueprint', 0, 0),
	(1901, 'steam:110000134976b2b', 'WEAPON_ASSAULTSHOTGUN_blueprint', 0, 0),
	(1902, 'steam:110000134976b2b', 'copper', 0, 0),
	(1903, 'steam:110000134976b2b', 'michelin_tires_blueprint', 0, 0),
	(1904, 'steam:110000134976b2b', 'WEAPON_ASSAULTSHOTGUN', 0, 0),
	(1905, 'steam:110000134976b2b', 'v8engine_blueprint', 0, 0),
	(1906, 'steam:110000134976b2b', 'gunpower', 0, 0),
	(1907, 'steam:110000134976b2b', 'WEAPON_BULLPUPSHOTGUN', 0, 0),
	(1908, 'steam:110000134976b2b', 'water', 0, 0),
	(1909, 'steam:110000134976b2b', 'WEAPON_HEAVYPISTOL', 0, 0),
	(1910, 'steam:110000134976b2b', 'WEAPON_SMOKEGRENADE', 0, 0),
	(1911, 'steam:110000134976b2b', 'toolbox_blueprint', 0, 0),
	(1912, 'steam:110000134976b2b', 'weapon_tint_green', 0, 0),
	(1913, 'steam:110000134976b2b', 'race_suspension', 0, 0),
	(1914, 'steam:110000134976b2b', 'oxygenmask_blueprint', 0, 0),
	(1915, 'steam:110000134976b2b', 'binoculars', 0, 0),
	(1916, 'steam:110000134976b2b', 'WEAPON_HEAVYSNIPER_blueprint', 0, 0),
	(1917, 'steam:110000134976b2b', 'stock_transmition', 0, 0),
	(1918, 'steam:110000134976b2b', 'wood', 0, 0),
	(1919, 'steam:110000134976b2b', 'WEAPON_SNIPERRIFLE', 0, 0),
	(1920, 'steam:110000134976b2b', 'smgshell', 0, 0),
	(1921, 'steam:110000134976b2b', 'WEAPON_GRENADELAUNCHER_blueprint', 0, 0),
	(1922, 'steam:110000134976b2b', 'WEAPON_PIPEBOMB_blueprint', 0, 0),
	(1923, 'steam:110000134976b2b', 'disc_ammo_shotgun_large', 0, 0),
	(1924, 'steam:110000134976b2b', 'WEAPON_PISTOL50_blueprint', 0, 0),
	(1925, 'steam:110000134976b2b', 'stock_suspension_blueprint', 0, 0),
	(1926, 'steam:110000134976b2b', 'WEAPON_PISTOL', 0, 0),
	(1927, 'steam:110000134976b2b', 'race_brakes_blueprint', 0, 0),
	(1928, 'steam:110000134976b2b', 'WEAPON_GUSENBERG_blueprint', 0, 0),
	(1929, 'steam:110000134976b2b', 'bandage', 0, 0),
	(1930, 'steam:110000134976b2b', 'campfire', 0, 0),
	(1931, 'steam:110000134976b2b', 'WEAPON_COMPACTLAUNCHER_blueprint', 0, 0),
	(1932, 'steam:110000134976b2b', 'WEAPON_BULLPUPRIFLE_blueprint', 0, 0),
	(1933, 'steam:110000134976b2b', 'WEAPON_MICROSMG', 0, 0),
	(1934, 'steam:110000134976b2b', 'lootchest6', 0, 0),
	(1935, 'steam:110000134976b2b', 'WEAPON_BAT', 0, 0),
	(1936, 'steam:110000134976b2b', 'godsblood', 0, 0),
	(1937, 'steam:110000134976b2b', 'cloth', 0, 0),
	(1938, 'steam:110000134976b2b', 'campingset', 0, 0),
	(1939, 'steam:110000134976b2b', 'WEAPON_MICROSMG_blueprint', 0, 0),
	(1940, 'steam:110000134976b2b', 'WEAPON_CARBINERIFLE_MK2_blueprint', 0, 0),
	(1941, 'steam:110000134976b2b', 'WEAPON_MARKSMANPISTOL', 0, 0),
	(1942, 'steam:110000134976b2b', 'grip', 0, 0),
	(1943, 'steam:110000134976b2b', 'WEAPON_VINTAGEPISTOL_blueprint', 0, 0),
	(1944, 'steam:110000134976b2b', 'WEAPON_COMBATPDW_blueprint', 0, 0),
	(1945, 'steam:110000134976b2b', 'cannabis', 0, 0),
	(1946, 'steam:110000134976b2b', 'mechanic_tools', 0, 0),
	(1947, 'steam:110000134976b2b', 'weapon_tint_platinum', 0, 0),
	(1948, 'steam:110000134976b2b', 'WEAPON_SWITCHBLADE', 0, 0),
	(1949, 'steam:110000134976b2b', 'WEAPON_DBSHOTGUN_blueprint', 0, 0),
	(1950, 'steam:110000134976b2b', 'WEAPON_PUMPSHOTGUN_blueprint', 0, 0),
	(1951, 'steam:110000134976b2b', 'WEAPON_RPG', 0, 0),
	(1952, 'steam:110000134976b2b', 'disc_ammo_snp_large', 0, 0),
	(1953, 'steam:110000134976b2b', 'WEAPON_FLAREGUN', 0, 0),
	(1954, 'steam:110000134976b2b', 'syringe', 0, 0),
	(1955, 'steam:110000134976b2b', 'rubber', 0, 0),
	(1956, 'steam:110000134976b2b', 'WEAPON_REVOLVER', 0, 0),
	(1957, 'steam:110000134976b2b', 'stock_tires', 0, 0),
	(1958, 'steam:110000134976b2b', 'WEAPON_MACHINEPISTOL', 0, 0),
	(1959, 'steam:110000134976b2b', 'turbo_lvl_1', 0, 0),
	(1960, 'steam:110000134976b2b', 'disc_ammo_pistol', 0, 0),
	(1961, 'steam:110000134976b2b', 'health', 0, 0),
	(1962, 'steam:110000134976b2b', 'beerbottle', 0, 0),
	(1963, 'steam:110000134976b2b', 'WEAPON_ASSUALTSMG_blueprint', 0, 0),
	(1964, 'steam:110000134976b2b', 'nos_blueprint', 0, 0),
	(1965, 'steam:110000134976b2b', 'wheat', 0, 0),
	(1966, 'steam:110000134976b2b', 'WEAPON_MARKSMANRIFLE', 0, 0),
	(1967, 'steam:110000134976b2b', 'weedbrick', 0, 0),
	(1968, 'steam:110000134976b2b', 'WEAPON_SAWNOFFSHOTGUN', 0, 0),
	(1969, 'steam:110000134976b2b', 'smg_clip', 0, 0),
	(1970, 'steam:110000134976b2b', 'gunpowder', 0, 0),
	(1971, 'steam:110000134976b2b', 'weed20g', 0, 0),
	(1972, 'steam:110000134976b2b', 'WEAPON_GRENADE', 0, 0),
	(1973, 'steam:110000134976b2b', 'WEAPON_PUMPSHOTGUN', 0, 0),
	(1974, 'steam:110000134976b2b', 'weapon_tint_orange', 0, 0),
	(1975, 'steam:110000134976b2b', 'weapon_tint_lspd', 0, 0),
	(1976, 'steam:110000134976b2b', 'phone', 0, 0),
	(1977, 'steam:110000134976b2b', 'weapon_tint_gold', 0, 0),
	(1978, 'steam:110000134976b2b', 'WEAPON_MARKSMANRIFLE_blueprint', 0, 0),
	(1979, 'steam:110000134976b2b', 'weapon_tint_army', 0, 0),
	(1980, 'steam:110000134976b2b', 'WEAPON_ASSAULTRIFLE', 0, 0),
	(1981, 'steam:110000134976b2b', 'disc_ammo_shotgun', 0, 0),
	(1982, 'steam:110000134976b2b', 'WEAPON_APPISTOL', 0, 0),
	(1983, 'steam:110000134976b2b', 'weapon_suppressor', 0, 0),
	(1984, 'steam:110000134976b2b', 'WEAPON_AUTOSHOTGUN_blueprint', 0, 0),
	(1985, 'steam:110000134976b2b', 'shotgunshell', 0, 0),
	(1986, 'steam:110000134976b2b', 'weapon_flashlight', 0, 0),
	(1987, 'steam:110000134976b2b', 'weapon_clip_extended', 0, 0),
	(1988, 'steam:110000134976b2b', 'boost1', 0, 0),
	(1989, 'steam:110000134976b2b', 'turbo_lvl_1_blueprint', 0, 0),
	(1990, 'steam:110000134976b2b', 'WEAPON_ADVANCEDRIFLE_blueprint', 0, 0),
	(1991, 'steam:110000134976b2b', 'supressor', 0, 0),
	(1992, 'steam:110000134976b2b', 'WEAPON_BALL', 0, 0),
	(1993, 'steam:110000134976b2b', 'stock_transmition_blueprint', 0, 0),
	(1994, 'steam:110000134976b2b', 'stock_tires_blueprint', 0, 0),
	(1995, 'steam:110000134976b2b', 'iron', 0, 0),
	(1996, 'steam:110000134976b2b', 'WEAPON_NAVYREVOLVER_blueprint', 0, 0),
	(1997, 'steam:110000134976b2b', 'stock_oil_blueprint', 0, 0),
	(1998, 'steam:110000134976b2b', 'WEAPON_COMPACTLAUNCHER', 0, 0),
	(1999, 'steam:110000134976b2b', 'disc_ammo_smg', 0, 0),
	(2000, 'steam:110000134976b2b', 'WEAPON_SMG_MK2_blueprint', 0, 0),
	(2001, 'steam:110000134976b2b', 'WEAPON_GRENADELAUNCHER', 0, 0),
	(2002, 'steam:110000134976b2b', 'stock_engine_blueprint', 0, 0),
	(2003, 'steam:110000134976b2b', 'stock_engine', 0, 0),
	(2004, 'steam:110000134976b2b', 'hqscale', 0, 0),
	(2005, 'steam:110000134976b2b', 'WEAPON_SMG_blueprint', 0, 0),
	(2006, 'steam:110000134976b2b', 'WEAPON_KNUCKLE', 0, 0),
	(2007, 'steam:110000134976b2b', 'WEAPON_PISTOL50', 0, 0),
	(2008, 'steam:110000134976b2b', 'WEAPON_FLARE', 0, 0),
	(2009, 'steam:110000134976b2b', 'michelin_tires', 0, 0),
	(2010, 'steam:110000134976b2b', 'piston_blueprint', 0, 0),
	(2011, 'steam:110000134976b2b', 'WEAPON_COMBATPISTOL', 0, 0),
	(2012, 'steam:110000134976b2b', 'coke10g', 0, 0),
	(2013, 'steam:110000134976b2b', 'shell_oil_blueprint', 0, 0),
	(2014, 'steam:110000134976b2b', 'WEAPON_MINIGUN', 0, 0),
	(2015, 'steam:110000134976b2b', 'WEAPON_MOLOTOV_blueprint', 0, 0),
	(2016, 'steam:110000134976b2b', 'scrap', 0, 0),
	(2017, 'steam:110000134976b2b', 'WEAPON_RPG_blueprint', 0, 0),
	(2018, 'steam:110000134976b2b', 'WEAPON_RAILGUN', 0, 0),
	(2019, 'steam:110000134976b2b', '2jzengine_blueprint', 0, 0),
	(2020, 'steam:110000134976b2b', 'methbrick', 0, 0),
	(2021, 'steam:110000134976b2b', 'snipershell', 0, 0),
	(2022, 'steam:110000134976b2b', 'WEAPON_GUSENBERG', 0, 0),
	(2023, 'steam:110000134976b2b', 'WEAPON_MARKSMANRIFLE_MK2_blueprint', 0, 0),
	(2024, 'steam:110000134976b2b', 'WEAPON_BATTLEAXE', 0, 0),
	(2025, 'steam:110000134976b2b', 'c4', 0, 0),
	(2026, 'steam:110000134976b2b', 'rolpaper', 0, 0),
	(2027, 'steam:110000134976b2b', 'WEAPON_DOUBLEACTION_blueprint', 0, 0),
	(2028, 'steam:110000134976b2b', 'WEAPON_KNIFE', 0, 0),
	(2029, 'steam:110000134976b2b', 'repairkit', 0, 0),
	(2030, 'steam:110000134976b2b', 'WEAPON_SNSPISTOL_MK2_blueprint', 0, 0),
	(2031, 'steam:110000134976b2b', 'WEAPON_MACHINEPISTOL_blueprint', 0, 0),
	(2032, 'steam:110000134976b2b', 'WEAPON_WRENCH', 0, 0),
	(2033, 'steam:110000134976b2b', 'emptybottle', 0, 0),
	(2034, 'steam:110000134976b2b', 'lootchest', 0, 0),
	(2035, 'steam:110000134976b2b', 'WEAPON_ASSAULTSMG', 0, 0),
	(2036, 'steam:110000134976b2b', 'race_brakes', 0, 0),
	(2037, 'steam:110000134976b2b', 'WEAPON_MINISMG_blueprint', 0, 0),
	(2038, 'steam:110000134976b2b', 'piston', 0, 0),
	(2039, 'steam:110000134976b2b', 'WEAPON_VINTAGEPISTOL', 0, 0),
	(2040, 'steam:110000134976b2b', 'pistol_clip', 0, 0),
	(2041, 'steam:110000134976b2b', 'WEAPON_COMBATPDW', 0, 0),
	(2042, 'steam:110000134976b2b', 'oxygenmask', 0, 0),
	(2043, 'steam:110000134976b2b', 'green_keycard', 0, 0),
	(2044, 'steam:110000134976b2b', 'monster4', 0, 0),
	(2045, 'steam:110000134976b2b', 'boost3', 0, 0),
	(2046, 'steam:110000134976b2b', 'sniper_clip', 0, 0),
	(2047, 'steam:110000134976b2b', 'WEAPON_COMBATPISTOL_blueprint', 0, 0),
	(2048, 'steam:110000134976b2b', 'WEAPON_HEAVYPISTOL_blueprint', 1, 0),
	(2049, 'steam:110000134976b2b', 'WEAPON_FLAREGUN_blueprint', 0, 0),
	(2050, 'steam:110000134976b2b', 'medikit', 0, 0),
	(2051, 'steam:110000134976b2b', 'mechanic_tools_blueprint', 0, 0),
	(2052, 'steam:110000134976b2b', 'WEAPON_MOLOTOV', 0, 0),
	(2053, 'steam:110000134976b2b', 'WEAPON_FLARE_blueprint', 0, 0),
	(2054, 'steam:110000134976b2b', 'WEAPON_COMBATMG_blueprint', 0, 0),
	(2055, 'steam:110000134976b2b', 'WEAPON_BZGAS_blueprint', 0, 0),
	(2056, 'steam:110000134976b2b', 'lootchest4', 0, 0),
	(2057, 'steam:110000134976b2b', 'lootchest2', 0, 0),
	(2058, 'steam:110000134976b2b', 'race_transmition', 0, 0),
	(2059, 'steam:110000134976b2b', 'joint2g', 0, 0),
	(2060, 'steam:110000134976b2b', 'ct', 0, 0),
	(2061, 'steam:110000134976b2b', 'shell_oil', 0, 0),
	(2062, 'steam:110000134976b2b', 'hackerDevice', 0, 0),
	(2063, 'steam:110000134976b2b', 'stock_suspension', 0, 0),
	(2064, 'steam:110000134976b2b', 'alcohol', 0, 0),
	(2065, 'steam:110000134976b2b', 'flared', 0, 0),
	(2066, 'steam:110000134976b2b', 'WEAPON_STICKYBOMB', 0, 0),
	(2067, 'steam:110000134976b2b', 'WEAPON_PETROLCAN', 0, 0),
	(2068, 'steam:110000134976b2b', 'WEAPON_SPEACIALCARBINERIFLE_blueprint', 0, 0),
	(2069, 'steam:110000134976b2b', 'WEAPON_FLASHLIGHT', 0, 0),
	(2070, 'steam:110000134976b2b', 'drugbags', 0, 0),
	(2071, 'steam:110000134976b2b', 'lootchest3', 0, 0),
	(2072, 'steam:110000134976b2b', 'WEAPON_GRENADE_blueprint', 0, 0),
	(2073, 'steam:110000134976b2b', 'WEAPON_COMBATMG', 0, 0),
	(2074, 'steam:110000134976b2b', 'WEAPON_NIGHTSTICK', 0, 0),
	(2075, 'steam:110000134976b2b', 'disc_ammo_snp', 0, 0),
	(2076, 'steam:110000134976b2b', 'cokebrick', 0, 0),
	(2077, 'steam:110000134976b2b', 'WEAPON_PIPEBOMB', 0, 0);
/*!40000 ALTER TABLE `user_inventory` ENABLE KEYS */;

-- Dumping structure for table project.user_licenses
CREATE TABLE IF NOT EXISTS `user_licenses` (
  `id` int(11) NOT NULL AUTO_INCREMENT,
  `type` varchar(60) NOT NULL,
  `owner` varchar(40) NOT NULL,
  PRIMARY KEY (`id`)
) ENGINE=InnoDB DEFAULT CHARSET=utf8mb4;

-- Dumping data for table project.user_licenses: ~0 rows (approximately)
/*!40000 ALTER TABLE `user_licenses` DISABLE KEYS */;
/*!40000 ALTER TABLE `user_licenses` ENABLE KEYS */;

-- Dumping structure for table project.vehicles
CREATE TABLE IF NOT EXISTS `vehicles` (
  `name` varchar(60) NOT NULL,
  `model` varchar(60) NOT NULL,
  `price` int(11) NOT NULL,
  `category` varchar(60) DEFAULT NULL,
  PRIMARY KEY (`model`)
) ENGINE=InnoDB DEFAULT CHARSET=utf8mb4;

-- Dumping data for table project.vehicles: ~240 rows (approximately)
/*!40000 ALTER TABLE `vehicles` DISABLE KEYS */;
INSERT INTO `vehicles` (`name`, `model`, `price`, `category`) VALUES
	('Adder', 'adder', 900000, 'super'),
	('Akuma', 'AKUMA', 7500, 'motorcycles'),
	('Alpha', 'alpha', 60000, 'sports'),
	('Ardent', 'ardent', 1150000, 'sportsclassics'),
	('Asea', 'asea', 5500, 'sedans'),
	('Autarch', 'autarch', 1955000, 'super'),
	('Avarus', 'avarus', 18000, 'motorcycles'),
	('Bagger', 'bagger', 13500, 'motorcycles'),
	('Baller', 'baller2', 40000, 'suvs'),
	('Baller Sport', 'baller3', 60000, 'suvs'),
	('Banshee', 'banshee', 70000, 'sports'),
	('Banshee 900R', 'banshee2', 255000, 'super'),
	('Bati 801', 'bati', 12000, 'motorcycles'),
	('Bati 801RR', 'bati2', 19000, 'motorcycles'),
	('Bestia GTS', 'bestiagts', 55000, 'sports'),
	('BF400', 'bf400', 6500, 'motorcycles'),
	('Bf Injection', 'bfinjection', 16000, 'offroad'),
	('Bifta', 'bifta', 12000, 'offroad'),
	('Bison', 'bison', 45000, 'vans'),
	('Blade', 'blade', 15000, 'muscle'),
	('Blazer', 'blazer', 6500, 'offroad'),
	('Blazer Sport', 'blazer4', 8500, 'offroad'),
	('blazer5', 'blazer5', 1755600, 'offroad'),
	('Blista', 'blista', 8000, 'compacts'),
	('BMX (velo)', 'bmx', 160, 'motorcycles'),
	('Bobcat XL', 'bobcatxl', 32000, 'vans'),
	('Brawler', 'brawler', 45000, 'offroad'),
	('Brioso R/A', 'brioso', 18000, 'compacts'),
	('Btype', 'btype', 62000, 'sportsclassics'),
	('Btype Hotroad', 'btype2', 155000, 'sportsclassics'),
	('Btype Luxe', 'btype3', 85000, 'sportsclassics'),
	('Buccaneer', 'buccaneer', 18000, 'muscle'),
	('Buccaneer Rider', 'buccaneer2', 24000, 'muscle'),
	('Buffalo', 'buffalo', 12000, 'sports'),
	('Buffalo S', 'buffalo2', 20000, 'sports'),
	('Bullet', 'bullet', 90000, 'super'),
	('Burrito', 'burrito3', 19000, 'vans'),
	('Camper', 'camper', 42000, 'vans'),
	('Carbonizzare', 'carbonizzare', 75000, 'sports'),
	('Carbon RS', 'carbonrs', 18000, 'motorcycles'),
	('Casco', 'casco', 30000, 'sportsclassics'),
	('Cavalcade', 'cavalcade2', 55000, 'suvs'),
	('Cheetah', 'cheetah', 375000, 'super'),
	('Chimera', 'chimera', 38000, 'motorcycles'),
	('Chino', 'chino', 15000, 'muscle'),
	('Chino Luxe', 'chino2', 19000, 'muscle'),
	('Cliffhanger', 'cliffhanger', 9500, 'motorcycles'),
	('Cognoscenti Cabrio', 'cogcabrio', 55000, 'coupes'),
	('Cognoscenti', 'cognoscenti', 55000, 'sedans'),
	('Comet', 'comet2', 65000, 'sports'),
	('Comet 5', 'comet5', 1145000, 'sports'),
	('Contender', 'contender', 70000, 'suvs'),
	('Coquette', 'coquette', 65000, 'sports'),
	('Coquette Classic', 'coquette2', 40000, 'sportsclassics'),
	('Coquette BlackFin', 'coquette3', 55000, 'muscle'),
	('Cruiser (velo)', 'cruiser', 510, 'motorcycles'),
	('Cyclone', 'cyclone', 1890000, 'super'),
	('Daemon', 'daemon', 11500, 'motorcycles'),
	('Daemon High', 'daemon2', 13500, 'motorcycles'),
	('Defiler', 'defiler', 9800, 'motorcycles'),
	('Deluxo', 'deluxo', 4721500, 'sportsclassics'),
	('Dominator', 'dominator', 35000, 'muscle'),
	('Double T', 'double', 28000, 'motorcycles'),
	('Dubsta', 'dubsta', 45000, 'suvs'),
	('Dubsta Luxuary', 'dubsta2', 60000, 'suvs'),
	('Bubsta 6x6', 'dubsta3', 120000, 'offroad'),
	('Dukes', 'dukes', 28000, 'muscle'),
	('Dune Buggy', 'dune', 8000, 'offroad'),
	('Elegy', 'elegy2', 38500, 'sports'),
	('Emperor', 'emperor', 8500, 'sedans'),
	('Enduro', 'enduro', 5500, 'motorcycles'),
	('Entity XF', 'entityxf', 425000, 'super'),
	('Esskey', 'esskey', 4200, 'motorcycles'),
	('Exemplar', 'exemplar', 32000, 'coupes'),
	('F620', 'f620', 40000, 'coupes'),
	('Faction', 'faction', 20000, 'muscle'),
	('Faction Rider', 'faction2', 30000, 'muscle'),
	('Faction XL', 'faction3', 40000, 'muscle'),
	('Faggio', 'faggio', 1900, 'motorcycles'),
	('Vespa', 'faggio2', 2800, 'motorcycles'),
	('Felon', 'felon', 42000, 'coupes'),
	('Felon GT', 'felon2', 55000, 'coupes'),
	('Feltzer', 'feltzer2', 55000, 'sports'),
	('Stirling GT', 'feltzer3', 65000, 'sportsclassics'),
	('Fixter (velo)', 'fixter', 225, 'motorcycles'),
	('FMJ', 'fmj', 185000, 'super'),
	('Fhantom', 'fq2', 17000, 'suvs'),
	('Fugitive', 'fugitive', 12000, 'sedans'),
	('Furore GT', 'furoregt', 45000, 'sports'),
	('Fusilade', 'fusilade', 40000, 'sports'),
	('Gargoyle', 'gargoyle', 16500, 'motorcycles'),
	('Gauntlet', 'gauntlet', 30000, 'muscle'),
	('Gang Burrito', 'gburrito', 45000, 'vans'),
	('Burrito', 'gburrito2', 29000, 'vans'),
	('Glendale', 'glendale', 6500, 'sedans'),
	('Grabger', 'granger', 50000, 'suvs'),
	('Gresley', 'gresley', 47500, 'suvs'),
	('GT 500', 'gt500', 785000, 'sportsclassics'),
	('Guardian', 'guardian', 45000, 'offroad'),
	('Hakuchou', 'hakuchou', 31000, 'motorcycles'),
	('Hakuchou Sport', 'hakuchou2', 55000, 'motorcycles'),
	('Hermes', 'hermes', 535000, 'muscle'),
	('Hexer', 'hexer', 12000, 'motorcycles'),
	('Hotknife', 'hotknife', 125000, 'muscle'),
	('Huntley S', 'huntley', 40000, 'suvs'),
	('Hustler', 'hustler', 625000, 'muscle'),
	('Infernus', 'infernus', 180000, 'super'),
	('Innovation', 'innovation', 23500, 'motorcycles'),
	('Intruder', 'intruder', 7500, 'sedans'),
	('Issi', 'issi2', 10000, 'compacts'),
	('Jackal', 'jackal', 38000, 'coupes'),
	('Jester', 'jester', 65000, 'sports'),
	('Jester(Racecar)', 'jester2', 135000, 'sports'),
	('Journey', 'journey', 6500, 'vans'),
	('Kamacho', 'kamacho', 345000, 'offroad'),
	('Khamelion', 'khamelion', 38000, 'sports'),
	('Kuruma', 'kuruma', 30000, 'sports'),
	('Landstalker', 'landstalker', 35000, 'suvs'),
	('RE-7B', 'le7b', 325000, 'super'),
	('Lynx', 'lynx', 40000, 'sports'),
	('Mamba', 'mamba', 70000, 'sports'),
	('Manana', 'manana', 12800, 'sportsclassics'),
	('Manchez', 'manchez', 5300, 'motorcycles'),
	('Massacro', 'massacro', 65000, 'sports'),
	('Massacro(Racecar)', 'massacro2', 130000, 'sports'),
	('Mesa', 'mesa', 16000, 'suvs'),
	('Mesa Trail', 'mesa3', 40000, 'suvs'),
	('Minivan', 'minivan', 13000, 'vans'),
	('Monroe', 'monroe', 55000, 'sportsclassics'),
	('The Liberator', 'monster', 210000, 'offroad'),
	('Moonbeam', 'moonbeam', 18000, 'vans'),
	('Moonbeam Rider', 'moonbeam2', 35000, 'vans'),
	('Nemesis', 'nemesis', 5800, 'motorcycles'),
	('Neon', 'neon', 1500000, 'sports'),
	('Nightblade', 'nightblade', 35000, 'motorcycles'),
	('Nightshade', 'nightshade', 65000, 'muscle'),
	('9F', 'ninef', 65000, 'sports'),
	('9F Cabrio', 'ninef2', 80000, 'sports'),
	('Omnis', 'omnis', 35000, 'sports'),
	('Oppressor', 'oppressor', 3524500, 'super'),
	('Oracle XS', 'oracle2', 35000, 'coupes'),
	('Osiris', 'osiris', 160000, 'super'),
	('Panto', 'panto', 10000, 'compacts'),
	('Paradise', 'paradise', 19000, 'vans'),
	('Pariah', 'pariah', 1420000, 'sports'),
	('Patriot', 'patriot', 55000, 'suvs'),
	('PCJ-600', 'pcj', 6200, 'motorcycles'),
	('Penumbra', 'penumbra', 28000, 'sports'),
	('Pfister', 'pfister811', 85000, 'super'),
	('Phoenix', 'phoenix', 12500, 'muscle'),
	('Picador', 'picador', 18000, 'muscle'),
	('Pigalle', 'pigalle', 20000, 'sportsclassics'),
	('Prairie', 'prairie', 12000, 'compacts'),
	('Premier', 'premier', 8000, 'sedans'),
	('Primo Custom', 'primo2', 14000, 'sedans'),
	('X80 Proto', 'prototipo', 2500000, 'super'),
	('Radius', 'radi', 29000, 'suvs'),
	('raiden', 'raiden', 1375000, 'sports'),
	('Rapid GT', 'rapidgt', 35000, 'sports'),
	('Rapid GT Convertible', 'rapidgt2', 45000, 'sports'),
	('Rapid GT3', 'rapidgt3', 885000, 'sportsclassics'),
	('Reaper', 'reaper', 150000, 'super'),
	('Rebel', 'rebel2', 35000, 'offroad'),
	('Regina', 'regina', 5000, 'sedans'),
	('Retinue', 'retinue', 615000, 'sportsclassics'),
	('Revolter', 'revolter', 1610000, 'sports'),
	('riata', 'riata', 380000, 'offroad'),
	('Rocoto', 'rocoto', 45000, 'suvs'),
	('Ruffian', 'ruffian', 6800, 'motorcycles'),
	('Ruiner 2', 'ruiner2', 5745600, 'muscle'),
	('Rumpo', 'rumpo', 15000, 'vans'),
	('Rumpo Trail', 'rumpo3', 19500, 'vans'),
	('Sabre Turbo', 'sabregt', 20000, 'muscle'),
	('Sabre GT', 'sabregt2', 25000, 'muscle'),
	('Sanchez', 'sanchez', 5300, 'motorcycles'),
	('Sanchez Sport', 'sanchez2', 5300, 'motorcycles'),
	('Sanctus', 'sanctus', 25000, 'motorcycles'),
	('Sandking', 'sandking', 55000, 'offroad'),
	('Savestra', 'savestra', 990000, 'sportsclassics'),
	('SC 1', 'sc1', 1603000, 'super'),
	('Schafter', 'schafter2', 25000, 'sedans'),
	('Schafter V12', 'schafter3', 50000, 'sports'),
	('Scorcher (velo)', 'scorcher', 280, 'motorcycles'),
	('Seminole', 'seminole', 25000, 'suvs'),
	('Sentinel', 'sentinel', 32000, 'coupes'),
	('Sentinel XS', 'sentinel2', 40000, 'coupes'),
	('Sentinel3', 'sentinel3', 650000, 'sports'),
	('Seven 70', 'seven70', 39500, 'sports'),
	('ETR1', 'sheava', 220000, 'super'),
	('Shotaro Concept', 'shotaro', 320000, 'motorcycles'),
	('Slam Van', 'slamvan3', 11500, 'muscle'),
	('Sovereign', 'sovereign', 22000, 'motorcycles'),
	('Stinger', 'stinger', 80000, 'sportsclassics'),
	('Stinger GT', 'stingergt', 75000, 'sportsclassics'),
	('Streiter', 'streiter', 500000, 'sports'),
	('Stretch', 'stretch', 90000, 'sedans'),
	('Stromberg', 'stromberg', 3185350, 'sports'),
	('Sultan', 'sultan', 15000, 'sports'),
	('Sultan RS', 'sultanrs', 65000, 'super'),
	('Super Diamond', 'superd', 130000, 'sedans'),
	('Surano', 'surano', 50000, 'sports'),
	('Surfer', 'surfer', 12000, 'vans'),
	('T20', 't20', 300000, 'super'),
	('Tailgater', 'tailgater', 30000, 'sedans'),
	('Tampa', 'tampa', 16000, 'muscle'),
	('Drift Tampa', 'tampa2', 80000, 'sports'),
	('Thrust', 'thrust', 24000, 'motorcycles'),
	('Tri bike (velo)', 'tribike3', 520, 'motorcycles'),
	('Trophy Truck', 'trophytruck', 60000, 'offroad'),
	('Trophy Truck Limited', 'trophytruck2', 80000, 'offroad'),
	('Tropos', 'tropos', 40000, 'sports'),
	('Turismo R', 'turismor', 350000, 'super'),
	('Tyrus', 'tyrus', 600000, 'super'),
	('Vacca', 'vacca', 120000, 'super'),
	('Vader', 'vader', 7200, 'motorcycles'),
	('Verlierer', 'verlierer2', 70000, 'sports'),
	('Vigero', 'vigero', 12500, 'muscle'),
	('Virgo', 'virgo', 14000, 'muscle'),
	('Viseris', 'viseris', 875000, 'sportsclassics'),
	('Visione', 'visione', 2250000, 'super'),
	('Voltic', 'voltic', 90000, 'super'),
	('Voltic 2', 'voltic2', 3830400, 'super'),
	('Voodoo', 'voodoo', 7200, 'muscle'),
	('Vortex', 'vortex', 9800, 'motorcycles'),
	('Warrener', 'warrener', 4000, 'sedans'),
	('Washington', 'washington', 9000, 'sedans'),
	('Windsor', 'windsor', 95000, 'coupes'),
	('Windsor Drop', 'windsor2', 125000, 'coupes'),
	('Woflsbane', 'wolfsbane', 9000, 'motorcycles'),
	('XLS', 'xls', 32000, 'suvs'),
	('Yosemite', 'yosemite', 485000, 'muscle'),
	('Youga', 'youga', 10800, 'vans'),
	('Youga Luxuary', 'youga2', 14500, 'vans'),
	('Z190', 'z190', 900000, 'sportsclassics'),
	('Zentorno', 'zentorno', 1500000, 'super'),
	('Zion', 'zion', 36000, 'coupes'),
	('Zion Cabrio', 'zion2', 45000, 'coupes'),
	('Zombie', 'zombiea', 9500, 'motorcycles'),
	('Zombie Luxuary', 'zombieb', 12000, 'motorcycles'),
	('Z-Type', 'ztype', 220000, 'sportsclassics');
/*!40000 ALTER TABLE `vehicles` ENABLE KEYS */;

-- Dumping structure for table project.vehicle_categories
CREATE TABLE IF NOT EXISTS `vehicle_categories` (
  `name` varchar(60) NOT NULL,
  `label` varchar(60) NOT NULL,
  PRIMARY KEY (`name`)
) ENGINE=InnoDB DEFAULT CHARSET=utf8mb4;

-- Dumping data for table project.vehicle_categories: ~11 rows (approximately)
/*!40000 ALTER TABLE `vehicle_categories` DISABLE KEYS */;
INSERT INTO `vehicle_categories` (`name`, `label`) VALUES
	('compacts', 'Compacts'),
	('coupes', 'Coups'),
	('motorcycles', 'Motos'),
	('muscle', 'Muscle'),
	('offroad', 'Off Road'),
	('sedans', 'Sedans'),
	('sports', 'Sports'),
	('sportsclassics', 'Sports Classics'),
	('super', 'Super'),
	('suvs', 'SUVs'),
	('vans', 'Vans');
/*!40000 ALTER TABLE `vehicle_categories` ENABLE KEYS */;

-- Dumping structure for table project.vehicle_parts
CREATE TABLE IF NOT EXISTS `vehicle_parts` (
  `id` int(11) NOT NULL,
  `plate` varchar(100) NOT NULL,
  `parts` longtext NOT NULL,
  `mileage` float NOT NULL
) ENGINE=InnoDB DEFAULT CHARSET=utf8mb4;

-- Dumping data for table project.vehicle_parts: ~308 rows (approximately)
/*!40000 ALTER TABLE `vehicle_parts` DISABLE KEYS */;
INSERT INTO `vehicle_parts` (`id`, `plate`, `parts`, `mileage`) VALUES
	(0, '42IZW781', '{"oil":{"health":99.08427113210355,"type":"stock_oil"},"brakes":{"health":99.7180436546782,"type":"stock_brakes"},"tires":{"health":99.763253248694,"type":"stock_tires"},"suspension":{"health":99.89510552304738,"type":"stock_suspension"},"transmition":{"health":99.87482592209342,"type":"stock_transmition"},"engine":{"health":97.97713623046875,"type":"stock_engine"}}', 2987.45),
	(0, '03RMY401', '{"transmition":{"type":"stock_transmition","health":99.97730631514644},"suspension":{"type":"stock_suspension","health":99.9809972371685},"brakes":{"type":"stock_brakes","health":99.94899220258159},"oil":{"type":"stock_oil","health":99.8334151715633},"tires":{"type":"stock_tires","health":99.95779379866237},"engine":{"type":"stock_engine","health":99.63224487304687}}', 542.064),
	(0, '06PBL783', '{"transmition":{"type":"stock_transmition","health":99.61037448549807},"suspension":{"type":"stock_suspension","health":99.68063893846363},"brakes":{"type":"stock_brakes","health":99.17734698707584},"oil":{"type":"stock_oil","health":96.86686469951742},"tires":{"type":"stock_tires","health":99.62048072589694},"engine":{"type":"stock_engine","health":10.56227798461914}}', 0.079886),
	(0, '01VSQ547', '{"transmition":{"type":"stock_transmition","health":99.99958038557675},"suspension":{"type":"stock_suspension","health":99.99965667910822},"brakes":{"type":"stock_brakes","health":99.9991188097111},"oil":{"type":"stock_oil","health":99.99660112317148},"tires":{"type":"stock_tires","health":99.99962234701906},"engine":{"type":"stock_engine","health":99.98458862304688}}', 0),
	(0, '46HWA339', '{"transmition":{"type":"stock_transmition","health":99.99301149129333},"suspension":{"type":"stock_suspension","health":99.99417791214046},"brakes":{"type":"stock_brakes","health":99.98452166004953},"oil":{"type":"stock_oil","health":99.94752007661822},"tires":{"type":"stock_tires","health":99.98849427633164},"engine":{"type":"stock_engine","health":99.8839111328125}}', 169.258),
	(0, '41LFQ466', '{"transmition":{"type":"stock_transmition","health":99.96261132854672},"suspension":{"type":"stock_suspension","health":99.96851174648512},"brakes":{"type":"stock_brakes","health":99.91457286804031},"oil":{"type":"stock_oil","health":99.73269364532475},"tires":{"type":"stock_tires","health":99.92142920329194},"engine":{"type":"stock_engine","health":99.41083984375}}', 872.603),
	(0, '23HQH800', '{"transmition":{"type":"stock_transmition","health":99.9995430066202},"suspension":{"type":"stock_suspension","health":99.99956877436738},"brakes":{"type":"stock_brakes","health":99.99859893482437},"oil":{"type":"stock_oil","health":99.99856830316782},"tires":{"type":"stock_tires","health":99.99671974195084},"engine":{"type":"stock_engine","health":99.99706420898437}}', 108.58),
	(0, '60NMV758', '{"oil":{"health":99.4002640845526,"type":"stock_oil"},"tires":{"health":99.80642699294416,"type":"stock_tires"},"transmition":{"health":99.91456138569044,"type":"stock_transmition"},"suspension":{"health":99.92776444535127,"type":"stock_suspension"},"brakes":{"health":99.80262840931334,"type":"stock_brakes"},"engine":{"health":96.19838256835938,"type":"stock_engine"}}', 2010.17),
	(0, '20JOD233', '{"engine":{"type":"stock_engine","health":99.36591186523438},"suspension":{"type":"stock_suspension","health":99.99024748734456},"transmition":{"type":"stock_transmition","health":99.98848975103404},"tires":{"type":"stock_tires","health":99.97287221268813},"oil":{"type":"stock_oil","health":99.92003441802976},"brakes":{"type":"stock_brakes","health":99.97324869821148}}', 263.642),
	(0, '41DYI062', '{"brakes":{"type":"stock_brakes","health":99.8779784399449},"transmition":{"type":"stock_transmition","health":99.94565125693694},"oil":{"type":"stock_oil","health":99.60034820782343},"suspension":{"type":"stock_suspension","health":99.95450827520514},"engine":{"type":"stock_engine","health":97.3917724609375},"tires":{"type":"stock_tires","health":99.89980633369248}}', 1325.5),
	(0, '49EFR451', '{"engine":{"health":91.133056640625,"type":"stock_engine"},"brakes":{"health":98.94467344508453,"type":"stock_brakes"},"tires":{"health":99.28398535616712,"type":"stock_tires"},"transmition":{"health":99.51814839504861,"type":"stock_transmition"},"suspension":{"health":99.60011645510234,"type":"stock_suspension"},"oil":{"health":96.32039837742747,"type":"stock_oil"}}', 12678.8),
	(0, '85FVR128', '{"tires":{"health":99.99727721535358,"type":"stock_tires"},"brakes":{"health":99.99868313789153,"type":"stock_brakes"},"suspension":{"health":99.99957927545778,"type":"stock_suspension"},"oil":{"health":99.99812020780189,"type":"stock_oil"},"transmition":{"health":99.99954221026988,"type":"stock_transmition"},"engine":{"health":99.9960693359375,"type":"stock_engine"}}', 5.26632),
	(0, '42IZW781', '{"oil":{"health":99.08427113210355,"type":"stock_oil"},"brakes":{"health":99.7180436546782,"type":"stock_brakes"},"tires":{"health":99.763253248694,"type":"stock_tires"},"suspension":{"health":99.89510552304738,"type":"stock_suspension"},"transmition":{"health":99.87482592209342,"type":"stock_transmition"},"engine":{"health":97.97713623046875,"type":"stock_engine"}}', 2987.45),
	(0, '03RMY401', '{"transmition":{"type":"stock_transmition","health":99.97730631514644},"suspension":{"type":"stock_suspension","health":99.9809972371685},"brakes":{"type":"stock_brakes","health":99.94899220258159},"oil":{"type":"stock_oil","health":99.8334151715633},"tires":{"type":"stock_tires","health":99.95779379866237},"engine":{"type":"stock_engine","health":99.63224487304687}}', 542.064),
	(0, '06PBL783', '{"transmition":{"type":"stock_transmition","health":99.61037448549807},"suspension":{"type":"stock_suspension","health":99.68063893846363},"brakes":{"type":"stock_brakes","health":99.17734698707584},"oil":{"type":"stock_oil","health":96.86686469951742},"tires":{"type":"stock_tires","health":99.62048072589694},"engine":{"type":"stock_engine","health":10.56227798461914}}', 0.079886),
	(0, '01VSQ547', '{"transmition":{"type":"stock_transmition","health":99.99958038557675},"suspension":{"type":"stock_suspension","health":99.99965667910822},"brakes":{"type":"stock_brakes","health":99.9991188097111},"oil":{"type":"stock_oil","health":99.99660112317148},"tires":{"type":"stock_tires","health":99.99962234701906},"engine":{"type":"stock_engine","health":99.98458862304688}}', 0),
	(0, '46HWA339', '{"transmition":{"type":"stock_transmition","health":99.99301149129333},"suspension":{"type":"stock_suspension","health":99.99417791214046},"brakes":{"type":"stock_brakes","health":99.98452166004953},"oil":{"type":"stock_oil","health":99.94752007661822},"tires":{"type":"stock_tires","health":99.98849427633164},"engine":{"type":"stock_engine","health":99.8839111328125}}', 169.258),
	(0, '41LFQ466', '{"transmition":{"type":"stock_transmition","health":99.96261132854672},"suspension":{"type":"stock_suspension","health":99.96851174648512},"brakes":{"type":"stock_brakes","health":99.91457286804031},"oil":{"type":"stock_oil","health":99.73269364532475},"tires":{"type":"stock_tires","health":99.92142920329194},"engine":{"type":"stock_engine","health":99.41083984375}}', 872.603),
	(0, '23HQH800', '{"transmition":{"type":"stock_transmition","health":99.9995430066202},"suspension":{"type":"stock_suspension","health":99.99956877436738},"brakes":{"type":"stock_brakes","health":99.99859893482437},"oil":{"type":"stock_oil","health":99.99856830316782},"tires":{"type":"stock_tires","health":99.99671974195084},"engine":{"type":"stock_engine","health":99.99706420898437}}', 108.58),
	(0, '60NMV758', '{"oil":{"health":99.4002640845526,"type":"stock_oil"},"tires":{"health":99.80642699294416,"type":"stock_tires"},"transmition":{"health":99.91456138569044,"type":"stock_transmition"},"suspension":{"health":99.92776444535127,"type":"stock_suspension"},"brakes":{"health":99.80262840931334,"type":"stock_brakes"},"engine":{"health":96.19838256835938,"type":"stock_engine"}}', 2010.17),
	(0, '20JOD233', '{"engine":{"type":"stock_engine","health":99.36591186523438},"suspension":{"type":"stock_suspension","health":99.99024748734456},"transmition":{"type":"stock_transmition","health":99.98848975103404},"tires":{"type":"stock_tires","health":99.97287221268813},"oil":{"type":"stock_oil","health":99.92003441802976},"brakes":{"type":"stock_brakes","health":99.97324869821148}}', 263.642),
	(0, '41DYI062', '{"brakes":{"type":"stock_brakes","health":99.8779784399449},"transmition":{"type":"stock_transmition","health":99.94565125693694},"oil":{"type":"stock_oil","health":99.60034820782343},"suspension":{"type":"stock_suspension","health":99.95450827520514},"engine":{"type":"stock_engine","health":97.3917724609375},"tires":{"type":"stock_tires","health":99.89980633369248}}', 1325.5),
	(0, '49EFR451', '{"engine":{"health":91.133056640625,"type":"stock_engine"},"brakes":{"health":98.94467344508453,"type":"stock_brakes"},"tires":{"health":99.28398535616712,"type":"stock_tires"},"transmition":{"health":99.51814839504861,"type":"stock_transmition"},"suspension":{"health":99.60011645510234,"type":"stock_suspension"},"oil":{"health":96.32039837742747,"type":"stock_oil"}}', 12678.8),
	(0, '85FVR128', '{"tires":{"health":99.99727721535358,"type":"stock_tires"},"brakes":{"health":99.99868313789153,"type":"stock_brakes"},"suspension":{"health":99.99957927545778,"type":"stock_suspension"},"oil":{"health":99.99812020780189,"type":"stock_oil"},"transmition":{"health":99.99954221026988,"type":"stock_transmition"},"engine":{"health":99.9960693359375,"type":"stock_engine"}}', 5.26632),
	(0, '00OQD562', '{"tires":{"health":100,"type":"stock_tires"},"suspension":{"health":100,"type":"stock_suspension"},"brakes":{"health":100,"type":"stock_brakes"},"transmition":{"health":100,"type":"stock_transmition"},"engine":{"health":100.0,"type":"stock_engine"},"oil":{"health":100,"type":"stock_oil"}}', 0),
	(0, '07TTQ478', '{"brakes":{"health":99.96996493931441,"type":"stock_brakes"},"oil":{"health":99.89931023406405,"type":"stock_oil"},"engine":{"health":99.7774658203125,"type":"stock_engine"},"suspension":{"health":99.98873553923801,"type":"stock_suspension"},"transmition":{"health":99.9864996935281,"type":"stock_transmition"},"tires":{"health":99.97690101306044,"type":"stock_tires"}}', 348.236),
	(0, '87OJP476', '{"brakes":{"health":99.99218920549136,"type":"stock_brakes"},"oil":{"health":99.97548371415576,"type":"stock_oil"},"engine":{"health":99.94595336914063,"type":"stock_engine"},"suspension":{"health":99.99711876878894,"type":"stock_suspension"},"transmition":{"health":99.99657745575796,"type":"stock_transmition"},"tires":{"health":99.99286727477976,"type":"stock_tires"}}', 81.212),
	(0, '67AZO655', '{"suspension":{"health":99.97621191877737,"type":"stock_suspension"},"tires":{"health":99.93816438208201,"type":"stock_tires"},"oil":{"health":99.80056749670148,"type":"stock_oil"},"brakes":{"health":99.93520338403808,"type":"stock_brakes"},"engine":{"health":99.56066284179687,"type":"stock_engine"},"transmition":{"health":99.97181628346398,"type":"stock_transmition"}}', 667.429),
	(0, '46TVF371', '{"suspension":{"health":99.97140728745917,"type":"stock_suspension"},"tires":{"health":99.92159672732106,"type":"stock_tires"},"oil":{"health":99.7644109773011,"type":"stock_oil"},"brakes":{"health":99.92168830714236,"type":"stock_brakes"},"engine":{"health":86.7323486328125,"type":"stock_engine"},"transmition":{"health":99.96622566816495,"type":"stock_transmition"}}', 791.408),
	(0, '83HQQ412', '{"suspension":{"health":99.9980229483302,"type":"stock_suspension"},"tires":{"health":99.99400052614274,"type":"stock_tires"},"oil":{"health":99.98429487983845,"type":"stock_oil"},"brakes":{"health":99.9945244734612,"type":"stock_brakes"},"transmition":{"health":99.99767910206704,"type":"stock_transmition"},"engine":{"health":99.96583862304688,"type":"stock_engine"}}', 52.1062),
	(0, '47DNJ606', '{"suspension":{"health":99.99996339345599,"type":"stock_suspension"},"tires":{"health":99.99972999312917,"type":"stock_tires"},"oil":{"health":99.99986991623142,"type":"stock_oil"},"brakes":{"health":99.9998819506538,"type":"stock_brakes"},"transmition":{"health":99.99996099498982,"type":"stock_transmition"},"engine":{"health":99.91375732421875,"type":"stock_engine"}}', 0.432975),
	(0, '25WPQ664', '{"suspension":{"health":99.98983058464629,"type":"stock_suspension"},"tires":{"health":99.9763120476713,"type":"stock_tires"},"oil":{"health":99.91196485080219,"type":"stock_oil"},"brakes":{"health":99.97258747185676,"type":"stock_brakes"},"transmition":{"health":99.98788286426651,"type":"stock_transmition"},"engine":{"health":94.63738403320312,"type":"stock_engine"}}', 296.326),
	(0, '22TAF833', '{"suspension":{"health":99.98039095669381,"type":"stock_suspension"},"tires":{"health":99.95109738114467,"type":"stock_tires"},"oil":{"health":99.83351025115356,"type":"stock_oil"},"brakes":{"health":99.94680377463759,"type":"stock_brakes"},"engine":{"health":89.78353881835938,"type":"stock_engine"},"transmition":{"health":99.97671585521558,"type":"stock_transmition"}}', 561.167),
	(0, '08FUV939', '{"suspension":{"health":99.99997586918805,"type":"stock_suspension"},"tires":{"health":99.99975985610368,"type":"stock_tires"},"oil":{"health":99.999977104965,"type":"stock_oil"},"brakes":{"health":99.99991566424903,"type":"stock_brakes"},"transmition":{"health":99.99997584011882,"type":"stock_transmition"},"engine":{"health":99.99996948242188,"type":"stock_engine"}}', 0.0032208),
	(0, '81TDS937', '{"suspension":{"health":99.95786007095666,"type":"stock_suspension"},"tires":{"health":99.8672611205187,"type":"stock_tires"},"oil":{"health":99.6701702775214,"type":"stock_oil"},"brakes":{"health":99.8827817521257,"type":"stock_brakes"},"engine":{"health":99.27403564453125,"type":"stock_engine"},"transmition":{"health":99.95065257005945,"type":"stock_transmition"}}', 1081.74),
	(0, '81FPX357', '{"suspension":{"health":99.94707892187374,"type":"stock_suspension"},"tires":{"health":99.85258776938868,"type":"stock_tires"},"oil":{"health":99.56628260768972,"type":"stock_oil"},"brakes":{"health":99.85481502588169,"type":"stock_brakes"},"transmition":{"health":99.9375458744172,"type":"stock_transmition"},"engine":{"health":98.9696044921875,"type":"stock_engine"}}', 1488.72),
	(0, '62AXN475', '{"suspension":{"health":99.99993750857097,"type":"stock_suspension"},"tires":{"health":99.99947808615753,"type":"stock_tires"},"oil":{"health":99.99983959995761,"type":"stock_oil"},"brakes":{"health":99.99979208154352,"type":"stock_brakes"},"transmition":{"health":99.99993493677454,"type":"stock_transmition"},"engine":{"health":99.99970092773438,"type":"stock_engine"}}', 0.353806),
	(0, '62FKH208', '{"suspension":{"health":99.96860913010572,"type":"stock_suspension"},"tires":{"health":99.92019643731523,"type":"stock_tires"},"oil":{"health":99.73501268605179,"type":"stock_oil"},"brakes":{"health":99.91468230673972,"type":"stock_brakes"},"transmition":{"health":99.96276380835163,"type":"stock_transmition"},"engine":{"health":-0.97760229110717,"type":"stock_engine"}}', 892.441),
	(0, '48QOV578', '{"suspension":{"health":99.99999968544005,"type":"stock_suspension"},"tires":{"health":99.99999965398408,"type":"stock_tires"},"oil":{"health":99.9999968858566,"type":"stock_oil"},"brakes":{"health":99.99999919262948,"type":"stock_brakes"},"transmition":{"health":99.99999961553788,"type":"stock_transmition"},"engine":{"health":null,"type":"stock_engine"}}', 0.0126508),
	(0, '03BMD318', '{"suspension":{"health":99.99648888337268,"type":"stock_suspension"},"tires":{"health":99.96488906527996,"type":"stock_tires"},"oil":{"health":99.99683976089173,"type":"stock_oil"},"brakes":{"health":99.987711116092,"type":"stock_brakes"},"transmition":{"health":99.99648887759138,"type":"stock_transmition"},"engine":{"health":99.99463500976563,"type":"stock_engine"}}', 0.000728479),
	(0, '03NIH689', '{"suspension":{"health":99.99150050373085,"type":"stock_suspension"},"tires":{"health":99.96905709022525,"type":"stock_tires"},"oil":{"health":99.93769107400913,"type":"stock_oil"},"brakes":{"health":99.97592014314134,"type":"stock_brakes"},"transmition":{"health":99.99015088942604,"type":"stock_transmition"},"engine":{"health":-0.63979692459106,"type":"stock_engine"}}', 202.331),
	(0, '85KXX238', '{"suspension":{"health":99.99999991034454,"type":"stock_suspension"},"tires":{"health":99.999999901379,"type":"stock_tires"},"oil":{"health":99.99999911241095,"type":"stock_oil"},"brakes":{"health":99.99999976988431,"type":"stock_brakes"},"transmition":{"health":99.99999989042111,"type":"stock_transmition"},"engine":{"health":null,"type":"stock_engine"}}', 0.0047982),
	(0, '00WZB910', '{"suspension":{"health":99.94302482089538,"type":"stock_suspension"},"tires":{"health":99.87104324269017,"type":"stock_tires"},"oil":{"health":99.50297455189431,"type":"stock_oil"},"brakes":{"health":99.84681256956101,"type":"stock_brakes"},"transmition":{"health":99.93201870270026,"type":"stock_transmition"},"engine":{"health":98.63853759765625,"type":"stock_engine"}}', 1873.34),
	(0, '23WRE265', '{"suspension":{"health":99.95335955158216,"type":"stock_suspension"},"tires":{"health":99.90096323187817,"type":"stock_tires"},"oil":{"health":99.58652815322084,"type":"stock_oil"},"brakes":{"health":99.87528388390712,"type":"stock_brakes"},"transmition":{"health":99.94418682458951,"type":"stock_transmition"},"engine":{"health":99.08643188476563,"type":"stock_engine"}}', 1384.42),
	(0, '40RDE612', '{"brakes":{"type":"stock_brakes","health":99.90637748101553},"engine":{"type":"stock_engine","health":99.37412719726562},"suspension":{"type":"stock_suspension","health":99.9657956462364},"tires":{"type":"stock_tires","health":99.90676917744186},"oil":{"type":"stock_oil","health":99.7176077180592},"transmition":{"type":"stock_transmition","health":99.95958309404984}}', 967.823),
	(0, '41WTW513', '{"brakes":{"type":"stock_brakes","health":99.98421838361698},"engine":{"type":"stock_engine","health":99.9904541015625},"suspension":{"type":"stock_suspension","health":99.99545665164722},"tires":{"type":"stock_tires","health":99.95571178289456},"oil":{"type":"stock_oil","health":99.99475285191183},"transmition":{"type":"stock_transmition","health":99.99542805573192}}', 876.703),
	(0, '82QGX130', '{"suspension":{"type":"stock_suspension","health":99.91061005993042},"engine":{"type":"stock_engine","health":96.67976684570313},"transmition":{"type":"stock_transmition","health":99.89299960042766},"tires":{"type":"stock_tires","health":99.81139950240359},"oil":{"type":"stock_oil","health":99.20632544406483},"brakes":{"type":"stock_brakes","health":99.76109913967076}}', 2866.62),
	(0, '64HXC138', '{"brakes":{"type":"stock_brakes","health":99.99999933535928},"engine":{"type":"stock_engine","health":100.0},"suspension":{"type":"stock_suspension","health":99.99999974104907},"tires":{"type":"stock_tires","health":99.99999971515398},"oil":{"type":"stock_oil","health":99.99999743638581},"transmition":{"type":"stock_transmition","health":99.99999968350442}}', 0.0084683),
	(0, '80QUD559', '{"brakes":{"type":"stock_brakes","health":99.98522922660968},"engine":{"type":"stock_engine","health":99.92416381835938},"suspension":{"type":"stock_suspension","health":99.9948913502483},"tires":{"type":"stock_tires","health":99.97856481309978},"oil":{"type":"stock_oil","health":99.9654177438174},"transmition":{"type":"stock_transmition","health":99.99415099292959}}', 2491.46),
	(0, '23TLO691', '{"tires":{"type":"stock_tires","health":99.92234283632848,"label":"STOCK TIRES"},"oil":{"type":"stock_oil","health":99.79716655377007,"label":"STOCK OIL"},"transmition":{"type":"stock_transmition","health":99.97000977753928,"label":"STOCK TRANSMITION"},"brakes":{"type":"race_brakes","health":99.9435633997822},"suspension":{"type":"stock_suspension","health":99.97445023829721,"label":"STOCK SUSPENSION"},"engine":{"type":"stock_engine","health":93.35433959960938,"label":"STOCK ENGINE"}}', 230.438),
	(0, '46GRN371', '{"engine":{"type":"stock_engine","health":99.96082153320313},"tires":{"type":"stock_tires","health":99.99389443140108},"suspension":{"type":"stock_suspension","health":99.99782175285347},"brakes":{"type":"stock_brakes","health":99.99402015476338},"oil":{"type":"stock_oil","health":99.98218652972547},"transmition":{"type":"stock_transmition","health":99.9974303195734}}', 59.2406),
	(0, '22XBJ908', '{"engine":{"type":"stock_engine","health":99.279443359375},"tires":{"type":"stock_tires","health":99.94147100090302},"suspension":{"type":"stock_suspension","health":99.96642439617333},"brakes":{"type":"stock_brakes","health":99.91155788509669},"oil":{"type":"stock_oil","health":99.68944000683485},"transmition":{"type":"stock_transmition","health":99.95950237272349}}', 1066.78),
	(0, '21RCG214', '{"tires":{"type":"stock_tires","health":99.61562294557869},"transmition":{"type":"stock_transmition","health":99.81599887561498},"suspension":{"type":"stock_suspension","health":99.84508247580335},"engine":{"type":"stock_engine","health":97.19920043945312},"brakes":{"type":"stock_brakes","health":99.5799397861031},"oil":{"type":"stock_oil","health":98.68268842059345}}', 45.887),
	(0, '05SDO940', '{"brakes":{"type":"stock_brakes","health":86.44877030533906},"oil":{"type":"stock_oil","health":51.95406966412074},"transmition":{"type":"stock_transmition","health":93.77047784309187},"suspension":{"type":"stock_suspension","health":94.84217886315908},"tires":{"type":"stock_tires","health":91.34341448528264},"engine":{"type":"stock_engine","health":-1.99184303283691}}', 1682.83),
	(0, '01ERH241', '{"oil":{"label":"STOCK OIL","health":0,"type":"stock_oil"},"transmition":{"label":"STOCK TRANSMITION","health":0,"type":"stock_transmition"},"brakes":{"label":"STOCK BRAKES","health":0,"type":"stock_brakes"},"engine":{"type":"v8engine","health":-35.0453125},"suspension":{"label":"STOCK SUSPENSION","health":0,"type":"stock_suspension"},"tires":{"label":"STOCK TIRES","health":0,"type":"stock_tires"}}', 5291.76),
	(0, '27YUD919', '{"engine":{"label":"STOCK ENGINE","health":53.63224487304687,"type":"stock_engine"},"tires":{"label":"STOCK TIRES","health":99.77916075694002,"type":"stock_tires"},"brakes":{"label":"STOCK BRAKES","health":99.84398511498942,"type":"stock_brakes"},"transmition":{"label":"STOCK TRANSMITION","health":99.93778372474543,"type":"stock_transmition"},"suspension":{"label":"STOCK SUSPENSION","health":99.94580217648344,"type":"stock_suspension"},"oil":{"label":"STOCK OIL","health":99.62647466344774,"type":"stock_oil"}}', 122.337),
	(0, '82PDT202', '{"engine":{"health":75.45119018554688,"type":"2jzengine"},"tires":{"label":"STOCK TIRES","health":92.14666454475497,"type":"stock_tires"},"brakes":{"label":"STOCK BRAKES","health":88.12435628187598,"type":"stock_brakes"},"transmition":{"label":"STOCK TRANSMITION","health":94.56169814019454,"type":"stock_transmition"},"suspension":{"label":"STOCK SUSPENSION","health":95.49136213905176,"type":"stock_suspension"},"oil":{"type":"shell_oil","health":97.53889262293349,"label":"SHELL OIL"}}', 14429.8),
	(0, '45BAH603', '{"transmition":{"type":"stock_transmition","health":100},"engine":{"type":"stock_engine","health":100.0},"oil":{"type":"stock_oil","health":100},"brakes":{"type":"stock_brakes","health":100},"tires":{"type":"stock_tires","health":100},"suspension":{"type":"stock_suspension","health":100}}', 0),
	(0, '68RXD650', '{"suspension":{"health":99.624393378612,"type":"stock_suspension"},"engine":{"health":92.25211791992187,"type":"stock_engine"},"tires":{"health":99.28896906197112,"type":"stock_tires"},"oil":{"health":96.58270488539515,"type":"stock_oil"},"brakes":{"health":99.00470636717863,"type":"stock_brakes"},"transmition":{"health":99.54836253526979,"type":"stock_transmition"}}', 1151.59),
	(0, '41SIR568', '{"suspension":{"type":"stock_suspension","health":98.79970327888529},"tires":{"type":"stock_tires","health":97.35669503777571},"transmition":{"type":"stock_transmition","health":98.56600384695227},"oil":{"type":"stock_oil","health":89.45490595770545},"engine":{"type":"stock_engine","health":72.7878662109375},"brakes":{"type":"stock_brakes","health":96.7804990902144}}', 3326.36),
	(0, '40MHF307', '{"transmition":{"health":99.59834854551487,"type":"stock_transmition"},"brakes":{"health":99.10855558311985,"type":"stock_brakes"},"tires":{"health":99.32666733496854,"type":"stock_tires"},"suspension":{"health":99.66514538627051,"type":"stock_suspension"},"engine":{"health":93.3525390625,"type":"stock_engine"},"oil":{"health":96.9933587970401,"type":"stock_oil"}}', 955.638),
	(0, '22GEW075', '{"tires":{"type":"stock_tires","health":99.55929877912407},"transmition":{"type":"stock_transmition","health":99.78311437664576},"suspension":{"type":"stock_suspension","health":99.81764294832738},"brakes":{"type":"stock_brakes","health":99.50677032020856},"engine":{"type":"stock_engine","health":96.3149169921875},"oil":{"type":"stock_oil","health":98.43747150038873}}', 493.255),
	(0, 'LEGNA', '{"tires":{"type":"stock_tires","health":99.93107977217844},"transmition":{"type":"stock_transmition","health":99.98075528722069},"suspension":{"type":"stock_suspension","health":99.98322335715023},"brakes":{"type":"stock_brakes","health":99.95164764372922},"engine":{"type":"stock_engine","health":99.74993896484375},"oil":{"type":"stock_oil","health":99.88494418929013}}', 34.8633),
	(0, '49LMJ632', '{"tires":{"type":"stock_tires","health":99.49566032310924},"transmition":{"type":"stock_transmition","health":99.73293824098397},"suspension":{"type":"stock_suspension","health":99.77622051697327},"brakes":{"type":"stock_brakes","health":99.39855736856211},"engine":{"type":"stock_engine","health":95.4072509765625},"oil":{"type":"stock_oil","health":98.04566628770475}}', 563.093),
	(0, '89VYD040', '{"tires":{"type":"stock_tires","health":97.79528648736535},"brakes":{"type":"stock_brakes","health":97.08489257136348},"suspension":{"type":"stock_suspension","health":98.90511580581894},"engine":{"type":"stock_engine","health":78.28916015625},"transmition":{"type":"stock_transmition","health":98.68678550796182},"oil":{"type":"stock_oil","health":90.17222716202612}}', 3119.87),
	(0, '88SRT039', '{"tires":{"type":"stock_tires","health":99.30130429848608},"brakes":{"type":"stock_brakes","health":99.04852906648749},"suspension":{"type":"stock_suspension","health":99.64174291886106},"engine":{"type":"stock_engine","health":92.83703002929687},"transmition":{"type":"stock_transmition","health":99.5697360497005},"oil":{"type":"stock_oil","health":96.76129042597704}}', 1025.96),
	(0, '89XJR716', '{"transmition":{"health":99.832592362708,"type":"stock_transmition"},"tires":{"health":99.69410053964401,"type":"stock_tires"},"engine":{"health":97.27665405273437,"type":"stock_engine"},"brakes":{"health":99.62456202525689,"type":"stock_brakes"},"suspension":{"health":99.85992856475733,"type":"stock_suspension"},"oil":{"health":98.76681952528716,"type":"stock_oil"}}', 391.681),
	(0, '03JTJ017', '{"transmition":{"type":"stock_transmition","health":99.79821495604165},"tires":{"type":"stock_tires","health":99.652858356454},"brakes":{"type":"stock_brakes","health":99.55078446861292},"suspension":{"type":"stock_suspension","health":99.8315957511673},"engine":{"type":"stock_engine","health":96.67711181640625},"oil":{"type":"stock_oil","health":98.49651397346256}}', 474.034),
	(0, '47QJJ099', '{"transmition":{"type":"stock_transmition","health":99.7983943965602},"tires":{"type":"stock_tires","health":99.67199776552028},"brakes":{"type":"stock_brakes","health":99.55408097256331},"suspension":{"type":"stock_suspension","health":99.83212174520988},"engine":{"type":"stock_engine","health":96.36991577148437},"oil":{"type":"stock_oil","health":98.48295195037473}}', 482.528),
	(0, '22KAX048', '{"engine":{"health":99.04262084960938,"type":"stock_engine"},"suspension":{"health":99.95104135835611,"type":"stock_suspension"},"tires":{"health":99.89524202518949,"type":"stock_tires"},"oil":{"health":99.56678486581848,"type":"stock_oil"},"brakes":{"health":99.86900129494167,"type":"stock_brakes"},"transmition":{"health":99.94143265819067,"type":"stock_transmition"}}', 137.475),
	(0, '06TSE757', '{"brakes":{"type":"stock_brakes","health":99.99888467921939},"suspension":{"type":"stock_suspension","health":99.9996776918232},"tires":{"type":"stock_tires","health":99.99689857333212},"engine":{"type":"stock_engine","health":99.99942016601563},"oil":{"type":"stock_oil","health":99.99958690062958},"transmition":{"type":"stock_transmition","health":99.99967465424268}}', 0.0796551),
	(0, '64THC791', '{"engine":{"health":97.89945068359376,"type":"stock_engine"},"suspension":{"health":99.88776847561943,"type":"stock_suspension"},"tires":{"health":99.72028890380025,"type":"stock_tires"},"oil":{"health":99.04692001811881,"type":"stock_oil"},"brakes":{"health":99.695552646439,"type":"stock_brakes"},"transmition":{"health":99.86672967043573,"type":"stock_transmition"}}', 300.761),
	(0, '05URK258', '{"brakes":{"health":90.79052070617172,"type":"stock_brakes"},"suspension":{"health":96.50881722712872,"type":"stock_suspension"},"tires":{"health":93.7874340497214,"type":"stock_tires"},"engine":{"health":28.79861755371093,"type":"stock_engine"},"oil":{"health":67.83621011049438,"type":"stock_oil"},"transmition":{"health":95.79223141493334,"type":"stock_transmition"}}', 10711.7),
	(0, '65JYB162', '{"engine":{"health":92.52962036132813,"type":"stock_engine"},"suspension":{"health":99.6350226016715,"type":"stock_suspension"},"tires":{"health":99.28726878532814,"type":"stock_tires"},"oil":{"health":96.70147709234378,"type":"stock_oil"},"brakes":{"health":99.03058359094702,"type":"stock_brakes"},"transmition":{"health":99.56168820045757,"type":"stock_transmition"}}', 1043.3),
	(0, '02CPO646', '{"engine":{"type":"stock_engine","health":100.0},"transmition":{"type":"stock_transmition","health":100},"tires":{"type":"stock_tires","health":100},"brakes":{"type":"stock_brakes","health":100},"oil":{"type":"stock_oil","health":100},"suspension":{"type":"stock_suspension","health":100}}', 0),
	(0, '62FEC217', '{"transmition":{"health":99.38149272916832,"type":"stock_transmition"},"brakes":{"health":98.65252122213376,"type":"stock_brakes"},"engine":{"health":89.45722045898438,"type":"stock_engine"},"oil":{"health":95.24010343887974,"type":"stock_oil"},"tires":{"health":99.12735564697323,"type":"stock_tires"},"suspension":{"health":99.48763515384947,"type":"stock_suspension"}}', 1597.97),
	(0, '41LYB182', '{"tires":{"health":99.84117156069869,"type":"stock_tires"},"suspension":{"health":99.94669256613995,"type":"stock_suspension"},"brakes":{"health":99.85267074246468,"type":"stock_brakes"},"transmition":{"health":99.93734809924112,"type":"stock_transmition"},"oil":{"health":99.76309577784542,"type":"stock_oil"},"engine":{"health":98.46285400390625,"type":"stock_engine"}}', 134.007),
	(0, '85BKP808', '{"oil":{"health":99.12255892725905,"type":"stock_oil"},"suspension":{"health":99.82168929054999,"type":"stock_suspension"},"engine":{"health":96.67236328125,"type":"stock_engine"},"transmition":{"health":99.78665436974922,"type":"stock_transmition"},"tires":{"health":99.62004148356641,"type":"stock_tires"},"brakes":{"health":99.52305918428664,"type":"stock_brakes"}}', 522.736),
	(0, '00ZHZ761', '{"tires":{"health":99.8432895973484,"type":"stock_tires"},"suspension":{"health":99.93633984704727,"type":"stock_suspension"},"brakes":{"health":99.82751512590998,"type":"stock_brakes"},"transmition":{"health":99.92435754675076,"type":"stock_transmition"},"oil":{"health":99.69856816685105,"type":"stock_oil"},"engine":{"health":98.80369262695312,"type":"stock_engine"}}', 178.886),
	(0, '89JMS812', '{"tires":{"health":99.88272765236582,"type":"stock_tires"},"suspension":{"health":99.97055327650506,"type":"stock_suspension"},"brakes":{"health":99.91551870314075,"type":"stock_brakes"},"transmition":{"health":99.96612893474947,"type":"stock_transmition"},"oil":{"health":99.88572894874878,"type":"stock_oil"},"engine":{"health":98.40108032226563,"type":"stock_engine"}}', 60.7395),
	(0, '48YMP776', '{"tires":{"health":99.80101732548344,"type":"stock_tires"},"suspension":{"health":99.8900320508983,"type":"stock_suspension"},"brakes":{"health":99.70956727500539,"type":"stock_brakes"},"transmition":{"health":99.8675427421217,"type":"stock_transmition"},"oil":{"health":99.4390065779767,"type":"stock_oil"},"engine":{"health":97.7643798828125,"type":"stock_engine"}}', 335.512),
	(0, '21YSC560', '{"oil":{"health":99.10963659040101,"type":"stock_oil"},"suspension":{"health":99.82698076784918,"type":"stock_suspension"},"engine":{"health":96.45028076171875,"type":"stock_engine"},"transmition":{"health":99.7912539325816,"type":"stock_transmition"},"tires":{"health":99.70066743096412,"type":"stock_tires"},"brakes":{"health":99.54448539559663,"type":"stock_brakes"}}', 528.741),
	(0, '68VJJ830', '{"tires":{"health":99.97102420842424,"type":"stock_tires"},"suspension":{"health":99.99062233379037,"type":"stock_suspension"},"brakes":{"health":99.97397376517475,"type":"stock_brakes"},"transmition":{"health":99.98900433452634,"type":"stock_transmition"},"oil":{"health":99.95890618345652,"type":"stock_oil"},"engine":{"health":99.83770751953125,"type":"stock_engine"}}', 24.1309),
	(0, '60WPF735', '{"tires":{"health":99.83447646089611,"type":"stock_tires"},"suspension":{"health":99.96862293094658,"type":"stock_suspension"},"brakes":{"health":99.90572677606423,"type":"stock_brakes"},"transmition":{"health":99.96492137910059,"type":"stock_transmition"},"oil":{"health":99.9010265489373,"type":"stock_oil"},"engine":{"health":99.61829833984375,"type":"stock_engine"}}', 54.1786),
	(0, '02KHP135', '{"tires":{"health":99.96319704763984,"type":"stock_tires"},"suspension":{"health":99.9873290794722,"type":"stock_suspension"},"brakes":{"health":99.96508014924523,"type":"stock_brakes"},"transmition":{"health":99.98508422921209,"type":"stock_transmition"},"oil":{"health":99.94315540888351,"type":"stock_oil"},"engine":{"health":99.7752197265625,"type":"stock_engine"}}', 33.553),
	(0, '68DAG717', '{"tires":{"health":99.89098417463046,"type":"stock_tires"},"suspension":{"health":99.9539157852234,"type":"stock_suspension"},"brakes":{"health":99.87560089257815,"type":"stock_brakes"},"transmition":{"health":99.94513110801002,"type":"stock_transmition"},"oil":{"health":99.77930265531029,"type":"stock_oil"},"engine":{"health":94.12412109375,"type":"stock_engine"}}', 129.262),
	(0, '60LOC230', '{"tires":{"health":99.89619187624622,"type":"stock_tires"},"suspension":{"health":99.96552020740845,"type":"stock_suspension"},"brakes":{"health":99.90459306473271,"type":"stock_brakes"},"transmition":{"health":99.95950298388383,"type":"stock_transmition"},"oil":{"health":99.84737257439957,"type":"stock_oil"},"engine":{"health":99.39695434570312,"type":"stock_engine"}}', 89.3663),
	(0, '05NGT487', '{"oil":{"type":"stock_oil","health":99.99994894873946},"suspension":{"type":"stock_suspension","health":99.99989789747895},"transmition":{"type":"stock_transmition","health":99.99989789747895},"brakes":{"type":"stock_brakes","health":99.99964264117628},"engine":{"type":"stock_engine","health":99.99993286132812},"tires":{"type":"stock_tires","health":99.9989789747894}}', 0),
	(0, '07ZWJ180', '{"oil":{"type":"stock_oil","health":100.0},"suspension":{"type":"stock_suspension","health":100.0},"transmition":{"type":"stock_transmition","health":100.0},"brakes":{"type":"stock_brakes","health":100.0},"engine":{"type":"stock_engine","health":100.0},"tires":{"type":"stock_tires","health":100.0}}', 0.150604),
	(0, '60NMY463', '{"oil":{"type":"stock_oil","health":100},"suspension":{"type":"stock_suspension","health":100},"transmition":{"type":"stock_transmition","health":100},"brakes":{"type":"stock_brakes","health":100},"engine":{"type":"stock_engine","health":100.0},"tires":{"type":"stock_tires","health":100}}', 0),
	(0, '48HRT004', '{"oil":{"type":"stock_oil","health":100.0},"suspension":{"type":"stock_suspension","health":100.0},"transmition":{"type":"stock_transmition","health":100.0},"brakes":{"type":"stock_brakes","health":100.0},"engine":{"type":"stock_engine","health":100.0},"tires":{"type":"stock_tires","health":100.0}}', 0.488281),
	(0, '43TLT197', '{"oil":{"type":"stock_oil","health":100.0},"suspension":{"type":"stock_suspension","health":100.0},"transmition":{"type":"stock_transmition","health":100.0},"brakes":{"type":"stock_brakes","health":100.0},"engine":{"type":"stock_engine","health":100.0},"tires":{"type":"stock_tires","health":100.0}}', 0.418023),
	(0, '61QBR830', '{"oil":{"type":"stock_oil","health":99.99999843098},"suspension":{"type":"stock_suspension","health":99.99999686196},"transmition":{"type":"stock_transmition","health":99.99999686196},"brakes":{"type":"stock_brakes","health":99.99998901685999},"engine":{"type":"stock_engine","health":100.0},"tires":{"type":"stock_tires","health":99.99996861959994}}', 0),
	(0, '02LNX095', '{"oil":{"type":"stock_oil","health":99.99995531076937},"suspension":{"type":"stock_suspension","health":99.99991062153876},"transmition":{"type":"stock_transmition","health":99.99991062153876},"brakes":{"type":"stock_brakes","health":99.99968717538565},"engine":{"type":"stock_engine","health":100.0},"tires":{"type":"stock_tires","health":99.9991062153876}}', 1.11304),
	(0, '61VZK332', '{"oil":{"type":"stock_oil","health":100.0},"suspension":{"type":"stock_suspension","health":100.0},"transmition":{"type":"stock_transmition","health":100.0},"brakes":{"type":"stock_brakes","health":100.0},"engine":{"type":"stock_engine","health":100.0},"tires":{"type":"stock_tires","health":100.0}}', 0.833734),
	(0, '82UEH021', '{"oil":{"type":"stock_oil","health":100.0},"suspension":{"type":"stock_suspension","health":100.0},"transmition":{"type":"stock_transmition","health":100.0},"brakes":{"type":"stock_brakes","health":100.0},"engine":{"type":"stock_engine","health":100.0},"tires":{"type":"stock_tires","health":100.0}}', 0.637169),
	(0, '09QOB124', '{"oil":{"type":"stock_oil","health":99.99998771411032},"suspension":{"type":"stock_suspension","health":99.99997542822064},"transmition":{"type":"stock_transmition","health":99.99997542822064},"brakes":{"type":"stock_brakes","health":99.9999139987722},"engine":{"type":"stock_engine","health":100.0},"tires":{"type":"stock_tires","health":99.9997542822063}}', 0),
	(0, '67THR941', '{"oil":{"type":"stock_oil","health":100.0},"suspension":{"type":"stock_suspension","health":100.0},"transmition":{"type":"stock_transmition","health":100.0},"brakes":{"type":"stock_brakes","health":100.0},"engine":{"type":"stock_engine","health":100.0},"tires":{"type":"stock_tires","health":100.0}}', 1.23592),
	(0, '69EEL053', '{"oil":{"type":"stock_oil","health":100.0},"suspension":{"type":"stock_suspension","health":100.0},"transmition":{"type":"stock_transmition","health":100.0},"brakes":{"type":"stock_brakes","health":100.0},"engine":{"type":"stock_engine","health":100.0},"tires":{"type":"stock_tires","health":100.0}}', 0.0661703),
	(0, '87SRZ249', '{"oil":{"type":"stock_oil","health":100.0},"suspension":{"type":"stock_suspension","health":100.0},"transmition":{"type":"stock_transmition","health":100.0},"brakes":{"type":"stock_brakes","health":100.0},"engine":{"type":"stock_engine","health":100.0},"tires":{"type":"stock_tires","health":100.0}}', 0.335304),
	(0, '47UXB579', '{"oil":{"type":"stock_oil","health":100.0},"suspension":{"type":"stock_suspension","health":100.0},"transmition":{"type":"stock_transmition","health":100.0},"brakes":{"type":"stock_brakes","health":100.0},"engine":{"type":"stock_engine","health":100.0},"tires":{"type":"stock_tires","health":100.0}}', 0),
	(0, '84IGS144', '{"oil":{"type":"stock_oil","health":100.0},"suspension":{"type":"stock_suspension","health":100.0},"transmition":{"type":"stock_transmition","health":100.0},"brakes":{"type":"stock_brakes","health":100.0},"engine":{"type":"stock_engine","health":100.0},"tires":{"type":"stock_tires","health":100.0}}', 0.0934067),
	(0, '45WJW601', '{"oil":{"type":"stock_oil","health":100.0},"suspension":{"type":"stock_suspension","health":100.0},"transmition":{"type":"stock_transmition","health":100.0},"brakes":{"type":"stock_brakes","health":100.0},"engine":{"type":"stock_engine","health":100.0},"tires":{"type":"stock_tires","health":100.0}}', 0),
	(0, '66BMM931', '{"oil":{"type":"stock_oil","health":100.0},"suspension":{"type":"stock_suspension","health":100.0},"transmition":{"type":"stock_transmition","health":100.0},"brakes":{"type":"stock_brakes","health":100.0},"engine":{"type":"stock_engine","health":100.0},"tires":{"type":"stock_tires","health":100.0}}', 0.000930786),
	(0, '29DBU105', '{"oil":{"type":"stock_oil","health":100.0},"suspension":{"type":"stock_suspension","health":100.0},"transmition":{"type":"stock_transmition","health":100.0},"brakes":{"type":"stock_brakes","health":100.0},"engine":{"type":"stock_engine","health":100.0},"tires":{"type":"stock_tires","health":100.0}}', 0),
	(0, '20LTH195', '{"oil":{"type":"stock_oil","health":100.0},"suspension":{"type":"stock_suspension","health":100.0},"transmition":{"type":"stock_transmition","health":100.0},"brakes":{"type":"stock_brakes","health":100.0},"engine":{"type":"stock_engine","health":100.0},"tires":{"type":"stock_tires","health":100.0}}', 0.165925),
	(0, '84LIR203', '{"oil":{"type":"stock_oil","health":100.0},"suspension":{"type":"stock_suspension","health":100.0},"transmition":{"type":"stock_transmition","health":100.0},"brakes":{"type":"stock_brakes","health":100.0},"engine":{"type":"stock_engine","health":100.0},"tires":{"type":"stock_tires","health":100.0}}', 0),
	(0, '43WZY189', '{"oil":{"type":"stock_oil","health":100.0},"suspension":{"type":"stock_suspension","health":100.0},"transmition":{"type":"stock_transmition","health":100.0},"brakes":{"type":"stock_brakes","health":100.0},"engine":{"type":"stock_engine","health":100.0},"tires":{"type":"stock_tires","health":100.0}}', 0.136673),
	(0, '23WQN743', '{"oil":{"type":"stock_oil","health":100.0},"suspension":{"type":"stock_suspension","health":100.0},"transmition":{"type":"stock_transmition","health":100.0},"brakes":{"type":"stock_brakes","health":100.0},"engine":{"type":"stock_engine","health":100.0},"tires":{"type":"stock_tires","health":100.0}}', 2499.13),
	(0, '08QRL962', '{"oil":{"type":"stock_oil","health":99.99999673049972},"suspension":{"type":"stock_suspension","health":99.99999346099944},"transmition":{"type":"stock_transmition","health":99.99999346099944},"brakes":{"type":"stock_brakes","health":99.999977113498},"engine":{"type":"stock_engine","health":100.0},"tires":{"type":"stock_tires","health":99.9999346099943}}', 1.37528),
	(0, '20PAT131', '{"oil":{"type":"stock_oil","health":100.0},"suspension":{"type":"stock_suspension","health":100.0},"transmition":{"type":"stock_transmition","health":100.0},"brakes":{"type":"stock_brakes","health":100.0},"engine":{"type":"stock_engine","health":100.0},"tires":{"type":"stock_tires","health":100.0}}', 0),
	(0, '64LGW611', '{"oil":{"type":"stock_oil","health":100},"suspension":{"type":"stock_suspension","health":100},"transmition":{"type":"stock_transmition","health":100},"brakes":{"type":"stock_brakes","health":100},"engine":{"type":"stock_engine","health":100.0},"tires":{"type":"stock_tires","health":100}}', 0),
	(0, '88MFO780', '{"oil":{"type":"stock_oil","health":100},"suspension":{"type":"stock_suspension","health":100},"transmition":{"type":"stock_transmition","health":100},"brakes":{"type":"stock_brakes","health":100},"engine":{"type":"stock_engine","health":100.0},"tires":{"type":"stock_tires","health":100}}', 0),
	(0, '41SQD167', '{"oil":{"type":"stock_oil","health":100.0},"suspension":{"type":"stock_suspension","health":100.0},"transmition":{"type":"stock_transmition","health":100.0},"brakes":{"type":"stock_brakes","health":100.0},"engine":{"type":"stock_engine","health":100.0},"tires":{"type":"stock_tires","health":100.0}}', 0.349338),
	(0, '05SRB378', '{"oil":{"type":"stock_oil","health":100},"suspension":{"type":"stock_suspension","health":100},"transmition":{"type":"stock_transmition","health":100},"brakes":{"type":"stock_brakes","health":100},"engine":{"type":"stock_engine","health":100.0},"tires":{"type":"stock_tires","health":100}}', 0),
	(0, '20GEW274', '{"oil":{"type":"stock_oil","health":100.0},"suspension":{"type":"stock_suspension","health":100.0},"transmition":{"type":"stock_transmition","health":100.0},"brakes":{"type":"stock_brakes","health":100.0},"engine":{"type":"stock_engine","health":100.0},"tires":{"type":"stock_tires","health":100.0}}', 0.143868),
	(0, '47OKY642', '{"oil":{"type":"stock_oil","health":100.0},"suspension":{"type":"stock_suspension","health":100.0},"transmition":{"type":"stock_transmition","health":100.0},"brakes":{"type":"stock_brakes","health":100.0},"engine":{"type":"stock_engine","health":100.0},"tires":{"type":"stock_tires","health":100.0}}', 0.368279),
	(0, '03HKC549', '{"oil":{"type":"stock_oil","health":100.0},"suspension":{"type":"stock_suspension","health":100.0},"transmition":{"type":"stock_transmition","health":100.0},"brakes":{"type":"stock_brakes","health":100.0},"engine":{"type":"stock_engine","health":100.0},"tires":{"type":"stock_tires","health":100.0}}', 0.124642),
	(0, '09ASM663', '{"oil":{"type":"stock_oil","health":100.0},"suspension":{"type":"stock_suspension","health":100.0},"transmition":{"type":"stock_transmition","health":100.0},"brakes":{"type":"stock_brakes","health":100.0},"engine":{"type":"stock_engine","health":100.0},"tires":{"type":"stock_tires","health":100.0}}', 0.0984425),
	(0, '64ASU498', '{"oil":{"type":"stock_oil","health":100.0},"suspension":{"type":"stock_suspension","health":100.0},"transmition":{"type":"stock_transmition","health":100.0},"brakes":{"type":"stock_brakes","health":100.0},"engine":{"type":"stock_engine","health":100.0},"tires":{"type":"stock_tires","health":100.0}}', 0.544595),
	(0, '60GIZ008', '{"oil":{"type":"stock_oil","health":100.0},"suspension":{"type":"stock_suspension","health":100.0},"transmition":{"type":"stock_transmition","health":100.0},"brakes":{"type":"stock_brakes","health":100.0},"engine":{"type":"stock_engine","health":100.0},"tires":{"type":"stock_tires","health":100.0}}', 0.0470428),
	(0, '83JVJ978', '{"oil":{"type":"stock_oil","health":100},"suspension":{"type":"stock_suspension","health":100},"transmition":{"type":"stock_transmition","health":100},"brakes":{"type":"stock_brakes","health":100},"engine":{"type":"stock_engine","health":100.0},"tires":{"type":"stock_tires","health":100}}', 0),
	(0, '29RLX292', '{"oil":{"type":"stock_oil","health":100},"suspension":{"type":"stock_suspension","health":100},"transmition":{"type":"stock_transmition","health":100},"brakes":{"type":"stock_brakes","health":100},"engine":{"type":"stock_engine","health":100.0},"tires":{"type":"stock_tires","health":100}}', 0),
	(0, '03BHS642', '{"oil":{"type":"stock_oil","health":100.0},"suspension":{"type":"stock_suspension","health":100.0},"transmition":{"type":"stock_transmition","health":100.0},"brakes":{"type":"stock_brakes","health":100.0},"engine":{"type":"stock_engine","health":100.0},"tires":{"type":"stock_tires","health":100.0}}', 0),
	(0, '68KVZ041', '{"oil":{"type":"stock_oil","health":100.0},"suspension":{"type":"stock_suspension","health":100.0},"transmition":{"type":"stock_transmition","health":100.0},"brakes":{"type":"stock_brakes","health":100.0},"engine":{"type":"stock_engine","health":100.0},"tires":{"type":"stock_tires","health":100.0}}', 0.453342),
	(0, '26JRV998', '{"oil":{"type":"stock_oil","health":100.0},"suspension":{"type":"stock_suspension","health":100.0},"transmition":{"type":"stock_transmition","health":100.0},"brakes":{"type":"stock_brakes","health":100.0},"engine":{"type":"stock_engine","health":100.0},"tires":{"type":"stock_tires","health":100.0}}', 1.63487),
	(0, '61UUL865', '{"oil":{"type":"stock_oil","health":100.0},"suspension":{"type":"stock_suspension","health":100.0},"transmition":{"type":"stock_transmition","health":100.0},"brakes":{"type":"stock_brakes","health":100.0},"engine":{"type":"stock_engine","health":100.0},"tires":{"type":"stock_tires","health":100.0}}', 1.65536),
	(0, '20IPU259', '{"oil":{"type":"stock_oil","health":99.99987823606819},"suspension":{"type":"stock_suspension","health":99.99975647213646},"transmition":{"type":"stock_transmition","health":99.99975647213646},"brakes":{"type":"stock_brakes","health":99.99914765247756},"engine":{"type":"stock_engine","health":100.0},"tires":{"type":"stock_tires","health":99.99756472136457}}', 0.0940857),
	(0, '40ETM260', '{"brakes":{"health":99.22026983714791,"type":"stock_brakes"},"suspension":{"health":99.71220211914803,"type":"stock_suspension"},"engine":{"health":94.5910888671875,"type":"stock_engine"},"tires":{"health":99.29199141202514,"type":"stock_tires"},"transmition":{"health":99.65802059054512,"type":"stock_transmition"},"oil":{"health":98.63701666600727,"type":"stock_oil"}}', 1006.97),
	(0, '25IGH920', '{"brakes":{"type":"stock_brakes","health":98.5822392697756},"suspension":{"type":"stock_suspension","health":99.4711877917572},"oil":{"type":"stock_oil","health":97.41551176037784},"tires":{"type":"stock_tires","health":98.84162411876094},"transmition":{"type":"stock_transmition","health":99.36807303017943},"engine":{"type":"stock_engine","health":89.75247192382813}}', 1873.6),
	(0, '61TMQ083', '{"engine":{"health":69.722900390625,"type":"stock_engine"},"suspension":{"health":98.5162169746422,"type":"stock_suspension"},"oil":{"health":92.40281223793889,"type":"stock_oil"},"tires":{"health":97.3645970703177,"type":"stock_tires"},"brakes":{"health":96.08641471112915,"type":"stock_brakes"},"transmition":{"health":98.21153714133649,"type":"stock_transmition"}}', 4989.44),
	(0, '80SQR313', '{"engine":{"health":29.94382019042968,"type":"stock_engine"},"suspension":{"health":97.06202488498383,"type":"stock_suspension"},"oil":{"health":84.55804201791314,"type":"stock_oil"},"tires":{"health":95.49213620558725,"type":"stock_tires"},"brakes":{"health":92.32537491003083,"type":"stock_brakes"},"transmition":{"health":96.44100397722467,"type":"stock_transmition"}}', 9171.23),
	(0, '27FCQ589', '{"engine":{"type":"stock_engine","health":84.49948120117188},"tires":{"type":"stock_tires","health":98.83351967692998},"oil":{"type":"stock_oil","health":96.11342415489706},"brakes":{"type":"stock_brakes","health":98.05785320798604},"transmition":{"type":"stock_transmition","health":99.10137460195924},"suspension":{"type":"stock_suspension","health":99.25761383587205}}', 3211.36),
	(0, '00YUQ308', '{"engine":{"type":"stock_engine","health":94.78195190429688},"tires":{"type":"stock_tires","health":99.55953497078251},"oil":{"type":"stock_oil","health":98.69102220156984},"brakes":{"type":"stock_brakes","health":99.33018878492746},"transmition":{"type":"stock_transmition","health":99.69307389264684},"suspension":{"type":"stock_suspension","health":99.74559729013572}}', 748.266),
	(0, '88NSL371', '{"engine":{"type":"stock_engine","health":92.17097778320313},"tires":{"type":"stock_tires","health":99.48540465518436},"oil":{"type":"stock_oil","health":98.11552780283516},"brakes":{"type":"stock_brakes","health":99.07514297894086},"transmition":{"type":"stock_transmition","health":99.56886468297499},"suspension":{"type":"stock_suspension","health":99.64472398018646}}', 1066.88),
	(0, '87MSN829', '{"engine":{"type":"stock_engine","health":99.69630126953125},"tires":{"type":"stock_tires","health":99.94506189853378},"oil":{"type":"stock_oil","health":99.9231028075275},"brakes":{"type":"stock_brakes","health":99.95106161667346},"transmition":{"type":"stock_transmition","health":99.97935989096827},"suspension":{"type":"stock_suspension","health":99.98238612451179}}', 43.0238),
	(0, '89NDD676', '{"engine":{"health":99.07649536132813,"type":"stock_engine"},"suspension":{"health":99.94449680962879,"type":"stock_suspension"},"oil":{"health":99.7620861295587,"type":"stock_oil"},"tires":{"health":99.81905694624096,"type":"stock_tires"},"brakes":{"health":99.84496912508027,"type":"stock_brakes"},"transmition":{"health":99.93515626406196,"type":"stock_transmition"}}', 3993.62),
	(0, '86YYN455', '{"tires":{"health":96.90617638315696,"type":"stock_tires"},"suspension":{"health":98.04756384126205,"type":"stock_suspension"},"oil":{"health":89.79314261133978,"type":"stock_oil"},"engine":{"health":59.31820678710937,"type":"stock_engine"},"brakes":{"health":94.88952611548301,"type":"stock_brakes"},"transmition":{"health":97.63731320529378,"type":"stock_transmition"}}', 6191.44),
	(0, '41LFN751', '{"engine":{"type":"stock_engine","health":95.7629150390625},"tires":{"type":"stock_tires","health":99.62792382882344},"oil":{"type":"stock_oil","health":98.93674577086338},"brakes":{"type":"stock_brakes","health":99.45120970356007},"transmition":{"type":"stock_transmition","health":99.74940699955457},"suspension":{"type":"stock_suspension","health":99.79204144177787}}', 614.325),
	(0, '89FNO082', '{"transmition":{"type":"stock_transmition","health":100},"suspension":{"type":"stock_suspension","health":100},"brakes":{"type":"stock_brakes","health":100},"engine":{"type":"stock_engine","health":100.0},"tires":{"type":"stock_tires","health":100},"oil":{"type":"stock_oil","health":100}}', 0),
	(0, '66NKE999', '{"engine":{"health":96.54373168945313,"type":"stock_engine"},"suspension":{"health":99.83108467418022,"type":"stock_suspension"},"oil":{"health":99.13283893467843,"type":"stock_oil"},"tires":{"health":99.70405879809485,"type":"stock_tires"},"brakes":{"health":99.55490099474754,"type":"stock_brakes"},"transmition":{"health":99.79629785629531,"type":"stock_transmition"}}', 528.056),
	(0, '86MHC381', '{"tires":{"type":"stock_tires","health":99.91871163722516},"suspension":{"type":"stock_suspension","health":99.98125687729751},"oil":{"type":"stock_oil","health":99.93099761603628},"engine":{"type":"stock_engine","health":99.73045654296875},"brakes":{"type":"stock_brakes","health":99.94553015742858},"transmition":{"type":"stock_transmition","health":99.97860661851482}}', 9773.54),
	(0, '65VFY925', '{"tires":{"type":"stock_tires","health":97.01560608493746},"suspension":{"type":"stock_suspension","health":98.33048769722044},"oil":{"type":"stock_oil","health":91.4625870437018},"engine":{"type":"stock_engine","health":65.97820434570312},"brakes":{"type":"stock_brakes","health":95.59453621051847},"transmition":{"type":"stock_transmition","health":97.98814739478005}}', 5829.45),
	(0, '82NSD236', '{"engine":{"health":98.1137451171875,"type":"stock_engine"},"suspension":{"health":99.85173348133,"type":"stock_suspension"},"oil":{"health":99.51290294521428,"type":"stock_oil"},"tires":{"health":99.25241036918577,"type":"stock_tires"},"brakes":{"health":99.55815375979479,"type":"stock_brakes"},"transmition":{"health":99.83337953486594,"type":"stock_transmition"}}', 308.463),
	(0, '88IPQ249', '{"tires":{"type":"stock_tires","health":97.1447889838718},"suspension":{"type":"stock_suspension","health":99.23514455462383},"oil":{"type":"stock_oil","health":96.9246827055788},"engine":{"type":"stock_engine","health":87.8767333984375},"brakes":{"type":"stock_brakes","health":97.82567866120587},"transmition":{"type":"stock_transmition","health":99.11546057365917}}', 1982.29),
	(0, '67LTA772', '{"brakes":{"type":"stock_brakes","health":99.99819816976862},"engine":{"type":"stock_engine","health":99.99949340820312},"tires":{"type":"stock_tires","health":99.99485284751867},"transmition":{"type":"stock_transmition","health":99.99948511811589},"oil":{"type":"stock_oil","health":99.99974182659212},"suspension":{"type":"stock_suspension","health":99.9994851514098}}', 0.000206237),
	(0, '61KFL225', '{"suspension":{"type":"stock_suspension","health":99.93747194953099},"brakes":{"type":"stock_brakes","health":99.83222513032863},"engine":{"type":"stock_engine","health":98.819091796875},"tires":{"type":"stock_tires","health":99.86173995820379},"transmition":{"type":"stock_transmition","health":99.92531163834774},"oil":{"type":"stock_oil","health":99.69512897313982}}', 172.962),
	(0, '86MIS619', '{"suspension":{"type":"stock_suspension","health":99.79330476937986},"brakes":{"type":"stock_brakes","health":99.44941929265925},"engine":{"type":"stock_engine","health":95.27147827148437},"tires":{"type":"stock_tires","health":99.58132069931743},"transmition":{"type":"stock_transmition","health":99.75214938846809},"oil":{"type":"stock_oil","health":98.97065631417387}}', 594.501),
	(0, '08SIS910', '{"transmition":{"health":99.74281601444045,"type":"stock_transmition"},"brakes":{"health":99.42339443679588,"type":"stock_brakes"},"engine":{"health":95.813818359375,"type":"stock_engine"},"oil":{"health":98.94701261791873,"type":"stock_oil"},"suspension":{"health":99.78483398668142,"type":"stock_suspension"},"tires":{"health":99.53115965506332,"type":"stock_tires"}}', 606.689),
	(0, '89CQQ801', '{"transmition":{"health":97.78250463239569,"type":"stock_transmition"},"brakes":{"health":95.24261044845692,"type":"stock_brakes"},"engine":{"health":57.3046875,"type":"stock_engine"},"oil":{"health":90.30884021599003,"type":"stock_oil"},"suspension":{"health":98.17261427331411,"type":"stock_suspension"},"tires":{"health":97.35003385192839,"type":"stock_tires"}}', 5622.72),
	(0, '40XSN633', '{"brakes":{"health":89.15875722267048,"type":"stock_brakes"},"tires":{"health":93.57223838593227,"type":"stock_tires"},"engine":{"health":7.12045516967773,"type":"stock_engine"},"transmition":{"health":94.97723008324903,"type":"stock_transmition"},"oil":{"health":78.23589523791397,"type":"stock_oil"},"suspension":{"health":95.85235371069025,"type":"stock_suspension"}}', 12439.5),
	(0, '40FWL732', '{"transmition":{"health":98.4599405225552,"type":"stock_transmition"},"brakes":{"health":96.63848478566777,"type":"stock_brakes"},"engine":{"health":73.8252197265625,"type":"stock_engine"},"oil":{"health":93.43370467063201,"type":"stock_oil"},"suspension":{"health":98.72340714031152,"type":"stock_suspension"},"tires":{"health":97.78590944426833,"type":"stock_tires"}}', 3820.81),
	(0, '49QOW020', '{"brakes":{"health":98.35573528686062,"type":"stock_brakes"},"tires":{"health":98.80003957431369,"type":"stock_tires"},"engine":{"health":87.59471435546875,"type":"stock_engine"},"transmition":{"health":99.2558619443375,"type":"stock_transmition"},"oil":{"health":96.8844495959282,"type":"stock_oil"},"suspension":{"health":99.38056564325741,"type":"stock_suspension"}}', 1766.74),
	(0, '40IZC982', '{"transmition":{"health":99.39290109117138,"type":"stock_transmition"},"brakes":{"health":98.69143479989867,"type":"stock_brakes"},"engine":{"health":89.53616943359376,"type":"stock_engine"},"oil":{"health":97.36421917187444,"type":"stock_oil"},"suspension":{"health":99.4989116081582,"type":"stock_suspension"},"tires":{"health":99.2348372869066,"type":"stock_tires"}}', 1533.58),
	(0, '85JLJ718', '{"transmition":{"health":99.17844243274827,"type":"stock_transmition"},"brakes":{"health":98.22273443675494,"type":"stock_brakes"},"engine":{"health":85.9601806640625,"type":"stock_engine"},"oil":{"health":96.45154715312896,"type":"stock_oil"},"suspension":{"health":99.32106398107772,"type":"stock_suspension"},"tires":{"health":98.92263282136638,"type":"stock_tires"}}', 2075.82),
	(0, '43HHB283', '{"brakes":{"health":99.96845311569189,"type":"stock_brakes"},"tires":{"health":99.95246928157055,"type":"stock_tires"},"engine":{"health":99.84534301757813,"type":"stock_engine"},"suspension":{"health":99.98916400612038,"type":"stock_suspension"},"oil":{"health":99.96040828375256,"type":"stock_oil"},"transmition":{"health":99.98764517415109,"type":"stock_transmition"}}', 22.7919),
	(0, '25ATH606', '{"oil":{"type":"stock_oil","health":99.69878416820633},"transmition":{"type":"stock_transmition","health":99.91889600062523},"tires":{"type":"stock_tires","health":99.78197022429039},"brakes":{"type":"stock_brakes","health":99.80736834342329},"suspension":{"type":"stock_suspension","health":99.93074435663002},"engine":{"type":"stock_engine","health":98.810400390625}}', 205.978),
	(0, '49MXO520', '{"oil":{"health":99.39378447669724,"type":"stock_oil"},"transmition":{"health":99.85200048498709,"type":"stock_transmition"},"suspension":{"health":99.87619211070516,"type":"stock_suspension"},"engine":{"health":99.85380249023437,"type":"stock_engine"},"brakes":{"health":99.66827721548336,"type":"stock_brakes"},"tires":{"health":99.73079571705724,"type":"stock_tires"}}', 361.083),
	(0, '45NLQ132', '{"engine":{"type":"stock_engine","health":96.84920654296875},"oil":{"type":"stock_oil","health":99.2079649450052},"tires":{"type":"stock_tires","health":99.66824322590787},"suspension":{"type":"stock_suspension","health":99.84007537447363},"transmition":{"type":"stock_transmition","health":99.80842769704114},"brakes":{"type":"stock_brakes","health":99.57318405587385}}', 451.457),
	(0, '04ROZ208', '{"suspension":{"health":99.99996936659633,"type":"stock_suspension"},"engine":{"health":99.99998168945312,"type":"stock_engine"},"transmition":{"health":99.99996914333414,"type":"stock_transmition"},"brakes":{"health":99.9998937207883,"type":"stock_brakes"},"tires":{"health":99.9997026076136,"type":"stock_tires"},"oil":{"health":99.99997965989907,"type":"stock_oil"}}', 0.0015821),
	(0, '83WJZ543', '{"engine":{"type":"stock_engine","health":90.6154541015625},"suspension":{"type":"stock_suspension","health":99.98464232622855},"transmition":{"type":"stock_transmition","health":99.9821028503873},"tires":{"type":"stock_tires","health":99.94812926972848},"brakes":{"type":"stock_brakes","health":99.95691394033337},"oil":{"type":"stock_oil","health":99.93518295668572}}', 37.3477),
	(0, '45LHK867', '{"suspension":{"health":99.99060484663292,"type":"stock_suspension"},"oil":{"health":99.9952334528819,"type":"stock_oil"},"brakes":{"health":99.9671298376945,"type":"stock_brakes"},"engine":{"health":99.98968505859375,"type":"stock_engine"},"transmition":{"health":99.99060178128033,"type":"stock_transmition"},"tires":{"health":99.90617123369978,"type":"stock_tires"}}', 0.0312921),
	(0, '88XCF081', '{"oil":{"type":"stock_oil","health":93.06262011277832},"suspension":{"type":"stock_suspension","health":98.64252734217169},"tires":{"type":"stock_tires","health":97.56565895550264},"engine":{"type":"stock_engine","health":72.35598754882813},"brakes":{"type":"stock_brakes","health":96.41712582848378},"transmition":{"type":"stock_transmition","health":98.36436540624696}}', 5714.88),
	(0, '87HYT299', '{"oil":{"type":"stock_oil","health":99.87718247140103},"suspension":{"type":"stock_suspension","health":99.94396455354831},"tires":{"type":"stock_tires","health":99.60838918903646},"engine":{"type":"stock_engine","health":99.54463500976563},"brakes":{"type":"stock_brakes","health":99.82157190108156},"transmition":{"type":"stock_transmition","health":99.93975122886536}}', 61.3239),
	(0, '84VPZ246', '{"oil":{"health":99.67829368654884,"type":"stock_oil"},"engine":{"health":98.71980590820313,"type":"stock_engine"},"tires":{"health":99.87032976076512,"type":"stock_tires"},"suspension":{"health":99.93550895526379,"type":"stock_suspension"},"brakes":{"health":99.82831402442523,"type":"stock_brakes"},"transmition":{"health":99.92264403121563,"type":"stock_transmition"}}', 182.826),
	(0, '87NQM068', '{"oil":{"health":99.10714858476607,"type":"stock_oil"},"engine":{"health":96.45996704101563,"type":"stock_engine"},"tires":{"health":99.51082228393305,"type":"stock_tires"},"suspension":{"health":99.80914111706302,"type":"stock_suspension"},"brakes":{"health":99.48084601149033,"type":"stock_brakes"},"transmition":{"health":99.77370014045128,"type":"stock_transmition"}}', 497.71),
	(0, '09NBY773', '{"transmition":{"health":99.99962486283616,"type":"stock_transmition"},"oil":{"health":99.99979992830308,"type":"stock_oil"},"suspension":{"health":99.99962543115956,"type":"stock_suspension"},"engine":{"health":99.99959106445313,"type":"stock_engine"},"tires":{"health":99.99627707294808,"type":"stock_tires"},"brakes":{"health":99.99869139601671,"type":"stock_brakes"}}', 0.00187435),
	(0, '05EGN906', '{"transmition":{"health":99.94800614557528,"type":"stock_transmition"},"oil":{"health":99.79361019193807,"type":"stock_oil"},"suspension":{"health":99.95620582197752,"type":"stock_suspension"},"engine":{"health":97.55029296875,"type":"stock_engine"},"tires":{"health":99.89045525968541,"type":"stock_tires"},"brakes":{"health":99.88115901781076,"type":"stock_brakes"}}', 121.631),
	(0, '68SDO315', '{"transmition":{"health":99.98897437033881,"type":"stock_transmition"},"oil":{"health":99.95946628277113,"type":"stock_oil"},"suspension":{"health":99.99056622953869,"type":"stock_suspension"},"engine":{"health":99.8399658203125,"type":"stock_engine"},"tires":{"health":99.9694162563437,"type":"stock_tires"},"brakes":{"health":99.97366761202501,"type":"stock_brakes"}}', 24.0372),
	(0, '83GDT312', '{"oil":{"health":100,"type":"stock_oil"},"transmition":{"health":100,"type":"stock_transmition"},"suspension":{"health":100,"type":"stock_suspension"},"engine":{"health":100.0,"type":"stock_engine"},"brakes":{"health":100,"type":"stock_brakes"},"tires":{"health":100,"type":"stock_tires"}}', 0),
	(0, '62CDV875', '{"oil":{"health":99.86828646844869,"type":"stock_oil"},"suspension":{"health":99.95969391905685,"type":"stock_suspension"},"tires":{"health":99.79551686468673,"type":"stock_tires"},"engine":{"health":99.50198364257813,"type":"stock_engine"},"brakes":{"health":99.8797533416981,"type":"stock_brakes"},"transmition":{"health":99.95473567500898,"type":"stock_transmition"}}', 72.0609),
	(0, '01CEE888', '{"oil":{"health":99.99567217691154,"type":"stock_oil"},"suspension":{"health":99.99244948661074,"type":"stock_suspension"},"tires":{"health":99.9254784342862,"type":"stock_tires"},"engine":{"health":99.70972290039065,"type":"stock_engine"},"brakes":{"health":99.97367634886297,"type":"stock_brakes"},"transmition":{"health":99.9924249281044,"type":"stock_transmition"}}', 60.2852),
	(0, '65PMT079', '{"oil":{"health":99.95563641169245,"type":"stock_oil"},"suspension":{"health":99.98865631501569,"type":"stock_suspension"},"tires":{"health":99.95543445770848,"type":"stock_tires"},"engine":{"health":99.826171875,"type":"stock_engine"},"brakes":{"health":99.96751956177387,"type":"stock_brakes"},"transmition":{"health":99.98693668186833,"type":"stock_transmition"}}', 24.8711),
	(0, '21KNC363', '{"oil":{"health":99.99415469578767,"type":"stock_oil"},"suspension":{"health":99.99717963336701,"type":"stock_suspension"},"tires":{"health":99.97969084886474,"type":"stock_tires"},"engine":{"health":99.97846069335938,"type":"stock_engine"},"brakes":{"health":99.99095660601836,"type":"stock_brakes"},"transmition":{"health":99.99698251688277,"type":"stock_transmition"}}', 17.7743),
	(0, '28ICB749', '{"oil":{"health":99.9999745760611,"type":"stock_oil"},"suspension":{"health":99.99995901382876,"type":"stock_suspension"},"tires":{"health":99.99959891520632,"type":"stock_tires"},"engine":{"health":99.99992065429687,"type":"stock_engine"},"brakes":{"health":99.99985746882658,"type":"stock_brakes"},"transmition":{"health":99.99995879467972,"type":"stock_transmition"}}', 0.00532532),
	(0, '01TRN984', '{"oil":{"health":100,"type":"stock_oil"},"suspension":{"health":100,"type":"stock_suspension"},"tires":{"health":100,"type":"stock_tires"},"engine":{"health":100.0,"type":"stock_engine"},"brakes":{"health":100,"type":"stock_brakes"},"transmition":{"health":100,"type":"stock_transmition"}}', 0),
	(0, '67AML202', '{"oil":{"health":99.98293561905918,"type":"stock_oil"},"suspension":{"health":99.99610879969919,"type":"stock_suspension"},"tires":{"health":99.98799942679912,"type":"stock_tires"},"engine":{"health":99.93269653320313,"type":"stock_engine"},"brakes":{"health":99.98920297136147,"type":"stock_brakes"},"transmition":{"health":99.9954368538863,"type":"stock_transmition"}}', 10.4946),
	(0, '00KRE896', '{"oil":{"health":99.99991888528102,"type":"stock_oil"},"suspension":{"health":99.99984711466692,"type":"stock_suspension"},"tires":{"health":99.99847946292242,"type":"stock_tires"},"engine":{"health":99.9998291015625,"type":"stock_engine"},"brakes":{"health":99.99946577345063,"type":"stock_brakes"},"transmition":{"health":99.99984690702014,"type":"stock_transmition"}}', 0.00106845),
	(0, '89TQA157', '{"oil":{"health":99.9648833436922,"type":"stock_oil"},"suspension":{"health":99.98980869214019,"type":"stock_suspension"},"tires":{"health":99.9515243056348,"type":"stock_tires"},"engine":{"health":99.86375122070312,"type":"stock_engine"},"brakes":{"health":99.96993434293465,"type":"stock_brakes"},"transmition":{"health":99.98847442536786,"type":"stock_transmition"}}', 19.1667),
	(0, '26DGI295', '{"oil":{"health":99.96179753219157,"type":"stock_oil"},"suspension":{"health":99.99029376444322,"type":"stock_suspension"},"tires":{"health":99.9622994874858,"type":"stock_tires"},"engine":{"health":99.85025024414063,"type":"stock_engine"},"brakes":{"health":99.97225338755692,"type":"stock_brakes"},"transmition":{"health":99.98881157110856,"type":"stock_transmition"}}', 22.1514),
	(0, '01HRT489', '{"oil":{"health":99.96185395900211,"type":"stock_oil"},"suspension":{"health":99.99069479524148,"type":"stock_suspension"},"tires":{"health":99.96656627315625,"type":"stock_tires"},"engine":{"health":99.85007934570312,"type":"stock_engine"},"brakes":{"health":99.97368389188746,"type":"stock_brakes"},"transmition":{"health":99.98920619796961,"type":"stock_transmition"}}', 21.7782),
	(0, '87KPV772', '{"oil":{"health":99.96729104174281,"type":"stock_oil"},"suspension":{"health":99.9916980323649,"type":"stock_suspension"},"tires":{"health":99.9678135181515,"type":"stock_tires"},"engine":{"health":99.87172241210938,"type":"stock_engine"},"brakes":{"health":99.97627393517255,"type":"stock_brakes"},"transmition":{"health":99.99042878905643,"type":"stock_transmition"}}', 18.4522),
	(0, '44FHT514', '{"oil":{"health":99.96781235215383,"type":"stock_oil"},"suspension":{"health":99.9922234438609,"type":"stock_suspension"},"tires":{"health":99.97260731681169,"type":"stock_tires"},"engine":{"health":99.87330322265625,"type":"stock_engine"},"brakes":{"health":99.97806460253826,"type":"stock_brakes"},"transmition":{"health":99.99096569409302,"type":"stock_transmition"}}', 18.8695),
	(0, '05JJL563', '{"oil":{"health":99.955514013029,"type":"stock_oil"},"suspension":{"health":99.9862535637142,"type":"stock_suspension"},"tires":{"health":99.92948636565586,"type":"stock_tires"},"engine":{"health":99.42120361328125,"type":"stock_engine"},"brakes":{"health":99.95890852318091,"type":"stock_brakes"},"transmition":{"health":99.98458188509962,"type":"stock_transmition"}}', 24.4869),
	(0, '48LHJ000', '{"oil":{"health":99.90366224140166,"type":"stock_oil"},"suspension":{"health":99.97588767577889,"type":"stock_suspension"},"tires":{"health":99.90889799953699,"type":"stock_tires"},"engine":{"health":99.62197875976563,"type":"stock_engine"},"brakes":{"health":99.93133942990376,"type":"stock_brakes"},"transmition":{"health":99.97214182704616,"type":"stock_transmition"}}', 56.8485),
	(0, '25FRJ010', '{"oil":{"health":99.97161608530704,"type":"stock_oil"},"suspension":{"health":99.99269889982743,"type":"stock_suspension"},"tires":{"health":99.9710143872743,"type":"stock_tires"},"engine":{"health":99.88890380859375,"type":"stock_engine"},"brakes":{"health":99.97906304412261,"type":"stock_brakes"},"transmition":{"health":99.99159963917826,"type":"stock_transmition"}}', 16.9851),
	(0, '07BNJ901', '{"oil":{"health":99.97218804693907,"type":"stock_oil"},"suspension":{"health":99.99198096237663,"type":"stock_suspension"},"tires":{"health":99.96217795672955,"type":"stock_tires"},"engine":{"health":99.8920654296875,"type":"stock_engine"},"brakes":{"health":99.97637648937793,"type":"stock_brakes"},"transmition":{"health":99.99092307640997,"type":"stock_transmition"}}', 15.8949),
	(0, '62DPH680', '{"oil":{"health":99.96939333684506,"type":"stock_oil"},"suspension":{"health":99.99013111292729,"type":"stock_suspension"},"tires":{"health":99.94700768019429,"type":"stock_tires"},"engine":{"health":99.88237915039062,"type":"stock_engine"},"brakes":{"health":99.97025104290769,"type":"stock_brakes"},"transmition":{"health":99.98899012538868,"type":"stock_transmition"}}', 17.6987),
	(0, '40UIZ474', '{"oil":{"health":99.95949214397177,"type":"stock_oil"},"suspension":{"health":99.98994192894712,"type":"stock_suspension"},"tires":{"health":99.96257158996491,"type":"stock_tires"},"engine":{"health":99.84096069335938,"type":"stock_engine"},"brakes":{"health":99.9714194644754,"type":"stock_brakes"},"transmition":{"health":99.9883650924804,"type":"stock_transmition"}}', 24.406),
	(0, '42KUU288', '{"oil":{"health":98.24305057567055,"type":"stock_oil"},"engine":{"health":92.99457397460938,"type":"stock_engine"},"transmition":{"health":99.58947587483938,"type":"stock_transmition"},"tires":{"health":99.42484749637214,"type":"stock_tires"},"suspension":{"health":99.66000711855526,"type":"stock_suspension"},"brakes":{"health":99.10625613854926,"type":"stock_brakes"}}', 1030.07),
	(0, '21BHF283', '{"oil":{"health":97.1759465704664,"type":"stock_oil"},"engine":{"health":88.6314697265625,"type":"stock_engine"},"transmition":{"health":99.3026766978862,"type":"stock_transmition"},"tires":{"health":98.65828327489303,"type":"stock_tires"},"suspension":{"health":99.41519450599886,"type":"stock_suspension"},"brakes":{"health":98.42575556506603,"type":"stock_brakes"}}', 1640.86),
	(0, '61STO649', '{"oil":{"health":96.57371929500555,"type":"stock_oil"},"engine":{"health":86.40401611328125,"type":"stock_engine"},"transmition":{"health":99.13916968332312,"type":"stock_transmition"},"tires":{"health":98.20729095185851,"type":"stock_tires"},"suspension":{"health":99.27534538998906,"type":"stock_suspension"},"brakes":{"health":98.03564683295129,"type":"stock_brakes"}}', 3850.61),
	(0, '23CQI211', '{"oil":{"health":98.65945777822289,"type":"stock_oil"},"engine":{"health":91.51842041015625,"type":"stock_engine"},"transmition":{"health":99.67297563530038,"type":"stock_transmition"},"tires":{"health":99.40749969269609,"type":"stock_tires"},"suspension":{"health":99.72647700072884,"type":"stock_suspension"},"brakes":{"health":99.26737523734824,"type":"stock_brakes"}}', 776.177),
	(0, '63DVN510', '{"oil":{"health":98.40986721351458,"type":"stock_oil"},"engine":{"health":93.68384399414063,"type":"stock_engine"},"transmition":{"health":99.60684378273062,"type":"stock_transmition"},"tires":{"health":99.2387747194141,"type":"stock_tires"},"suspension":{"health":99.67018717717827,"type":"stock_suspension"},"brakes":{"health":99.1116973768033,"type":"stock_brakes"}}', 5916.49),
	(0, '83LYR819', '{"oil":{"health":99.99980744175551,"type":"stock_oil"},"engine":{"health":99.99960327148438,"type":"stock_engine"},"transmition":{"health":99.99962377857156,"type":"stock_transmition"},"tires":{"health":99.9962479038469,"type":"stock_tires"},"suspension":{"health":99.99962398073203,"type":"stock_suspension"},"brakes":{"health":99.99868478163599,"type":"stock_brakes"}}', 0.00519595),
	(0, '43ISD360', '{"oil":{"health":99.99980747745627,"type":"stock_oil"},"engine":{"health":99.9996337890625,"type":"stock_engine"},"transmition":{"health":99.99961495491267,"type":"stock_transmition"},"tires":{"health":99.99614954912669,"type":"stock_tires"},"suspension":{"health":99.99961495491267,"type":"stock_suspension"},"brakes":{"health":99.99865234219428,"type":"stock_brakes"}}', 0),
	(0, '85RVQ280', '{"oil":{"health":99.99972693884513,"type":"stock_oil"},"engine":{"health":100.0,"type":"stock_engine"},"transmition":{"health":99.99945387769044,"type":"stock_transmition"},"tires":{"health":99.99453877690444,"type":"stock_tires"},"suspension":{"health":99.99945387769044,"type":"stock_suspension"},"brakes":{"health":99.99808857191646,"type":"stock_brakes"}}', 2511.31),
	(0, 'ZWJQ9416', '{"oil":{"health":96.79290672946832,"type":"stock_oil"},"engine":{"health":null,"type":"stock_engine"},"brakes":{"health":98.18960759602571,"type":"stock_brakes"},"tires":{"health":98.40773015523544,"type":"stock_tires"},"suspension":{"health":99.3295779737091,"type":"stock_suspension"},"transmition":{"health":99.20193876226957,"type":"stock_transmition"}}', 1870.88),
	(0, '83JNG676', '{"oil":{"health":99.41102814640533,"type":"stock_oil"},"engine":{"health":96.96567993164062,"type":"stock_engine"},"transmition":{"health":99.86215542575413,"type":"stock_transmition"},"tires":{"health":99.8046670212647,"type":"stock_tires"},"suspension":{"health":99.88579404241193,"type":"stock_suspension"},"brakes":{"health":99.6995613384046,"type":"stock_brakes"}}', 349.972),
	(0, '83CBV117', '{"oil":{"health":99.99998622188866,"type":"stock_oil"},"engine":{"health":100.0,"type":"stock_engine"},"transmition":{"health":99.99997244377733,"type":"stock_transmition"},"tires":{"health":99.99972443777323,"type":"stock_tires"},"suspension":{"health":99.99997244377733,"type":"stock_suspension"},"brakes":{"health":99.99990355322064,"type":"stock_brakes"}}', 0),
	(0, '66ERN797', '{"oil":{"health":100.0,"type":"stock_oil"},"engine":{"health":100.0,"type":"stock_engine"},"transmition":{"health":100.0,"type":"stock_transmition"},"tires":{"health":100.0,"type":"stock_tires"},"suspension":{"health":100.0,"type":"stock_suspension"},"brakes":{"health":100.0,"type":"stock_brakes"}}', 0.690163),
	(0, '03KYC396', '{"oil":{"health":100.0,"type":"stock_oil"},"engine":{"health":100.0,"type":"stock_engine"},"transmition":{"health":100.0,"type":"stock_transmition"},"tires":{"health":100.0,"type":"stock_tires"},"suspension":{"health":100.0,"type":"stock_suspension"},"brakes":{"health":100.0,"type":"stock_brakes"}}', 0),
	(0, '88AWL098', '{"oil":{"health":100.0,"type":"stock_oil"},"engine":{"health":100.0,"type":"stock_engine"},"transmition":{"health":100.0,"type":"stock_transmition"},"tires":{"health":100.0,"type":"stock_tires"},"suspension":{"health":100.0,"type":"stock_suspension"},"brakes":{"health":100.0,"type":"stock_brakes"}}', 0.129471),
	(0, '04GAK334', '{"oil":{"health":100.0,"type":"stock_oil"},"engine":{"health":100.0,"type":"stock_engine"},"transmition":{"health":100.0,"type":"stock_transmition"},"tires":{"health":100.0,"type":"stock_tires"},"suspension":{"health":100.0,"type":"stock_suspension"},"brakes":{"health":100.0,"type":"stock_brakes"}}', 0),
	(0, '20ICX177', '{"oil":{"health":100,"type":"stock_oil"},"engine":{"health":100.0,"type":"stock_engine"},"transmition":{"health":100,"type":"stock_transmition"},"tires":{"health":100,"type":"stock_tires"},"suspension":{"health":100,"type":"stock_suspension"},"brakes":{"health":100,"type":"stock_brakes"}}', 0),
	(0, '41KDE822', '{"oil":{"health":100.0,"type":"stock_oil"},"engine":{"health":100.0,"type":"stock_engine"},"transmition":{"health":100.0,"type":"stock_transmition"},"tires":{"health":100.0,"type":"stock_tires"},"suspension":{"health":100.0,"type":"stock_suspension"},"brakes":{"health":100.0,"type":"stock_brakes"}}', 0),
	(0, '04HIF195', '{"oil":{"health":100.0,"type":"stock_oil"},"engine":{"health":100.0,"type":"stock_engine"},"transmition":{"health":100.0,"type":"stock_transmition"},"tires":{"health":100.0,"type":"stock_tires"},"suspension":{"health":100.0,"type":"stock_suspension"},"brakes":{"health":100.0,"type":"stock_brakes"}}', 0),
	(0, '06EAD294', '{"oil":{"health":100,"type":"stock_oil"},"engine":{"health":100.0,"type":"stock_engine"},"transmition":{"health":100,"type":"stock_transmition"},"tires":{"health":100,"type":"stock_tires"},"suspension":{"health":100,"type":"stock_suspension"},"brakes":{"health":100,"type":"stock_brakes"}}', 0),
	(0, '41NMT861', '{"oil":{"health":100.0,"type":"stock_oil"},"engine":{"health":100.0,"type":"stock_engine"},"transmition":{"health":100.0,"type":"stock_transmition"},"tires":{"health":100.0,"type":"stock_tires"},"suspension":{"health":100.0,"type":"stock_suspension"},"brakes":{"health":100.0,"type":"stock_brakes"}}', 0),
	(0, '87QJY824', '{"oil":{"health":99.99954208605274,"type":"stock_oil"},"engine":{"health":100.0,"type":"stock_engine"},"transmition":{"health":99.99908417210581,"type":"stock_transmition"},"tires":{"health":99.99084172105805,"type":"stock_tires"},"suspension":{"health":99.99908417210581,"type":"stock_suspension"},"brakes":{"health":99.99679460237016,"type":"stock_brakes"}}', 3236.27),
	(0, 'WOHW9419', '{"transmition":{"health":93.42277042416458,"type":"stock_transmition"},"brakes":{"health":85.82606012198683,"type":"stock_brakes"},"oil":{"health":71.43606053376374,"type":"stock_oil"},"suspension":{"health":94.571648818634,"type":"stock_suspension"},"tires":{"health":91.72906788481959,"type":"stock_tires"},"engine":{"health":-1.77486972808837,"type":"stock_engine"}}', 21936.2),
	(0, '44VKF589', '{"transmition":{"type":"stock_transmition","health":99.888645216985},"suspension":{"type":"stock_suspension","health":99.90199625279982},"engine":{"type":"stock_engine","health":98.6385498046875},"tires":{"type":"stock_tires","health":99.55467151237842},"oil":{"type":"stock_oil","health":99.65059982056369},"brakes":{"type":"stock_brakes","health":99.71306123521673}}', 6640.16),
	(0, '24ZHT330', '{"tires":{"health":100,"type":"stock_tires"},"brakes":{"health":100,"type":"stock_brakes"},"suspension":{"health":100,"type":"stock_suspension"},"transmition":{"health":100,"type":"stock_transmition"},"oil":{"health":100,"type":"stock_oil"},"engine":{"health":100.0,"type":"stock_engine"}}', 0),
	(0, '82MDX904', '{"oil":{"health":99.99974043300958,"type":"stock_oil"},"transmition":{"health":99.9995937929304,"type":"stock_transmition"},"tires":{"health":99.99606638366541,"type":"stock_tires"},"engine":{"health":99.99937744140625,"type":"stock_engine"},"brakes":{"health":99.99859803746578,"type":"stock_brakes"},"suspension":{"health":99.9995963594511,"type":"stock_suspension"}}', 0),
	(0, '80YCZ571', '{"oil":{"health":98.52404882267745,"type":"stock_oil"},"transmition":{"health":99.61358281590698,"type":"stock_transmition"},"tires":{"health":99.05406754057151,"type":"stock_tires"},"engine":{"health":94.16154174804687,"type":"stock_engine"},"brakes":{"health":99.09649976052042,"type":"stock_brakes"},"suspension":{"health":99.67188929705589,"type":"stock_suspension"}}', 824.506),
	(0, '49FUI622', '{"transmition":{"type":"stock_transmition","health":99.93451314256085},"oil":{"type":"stock_oil","health":99.76465637611739},"brakes":{"type":"stock_brakes","health":99.84170606726882},"tires":{"type":"stock_tires","health":99.8060468696023},"suspension":{"type":"stock_suspension","health":99.94372224234093},"engine":{"type":"stock_engine","health":99.07771606445313}}', 136.949),
	(0, '20MAF253', '{"transmition":{"type":"stock_transmition","health":99.9919484402289},"oil":{"type":"stock_oil","health":99.99597395062989},"brakes":{"type":"stock_brakes","health":99.97181963511879},"tires":{"type":"stock_tires","health":99.91948501536304},"suspension":{"type":"stock_suspension","health":99.99194845247813},"engine":{"type":"stock_engine","health":99.99143676757812}}', 0.000424067),
	(0, '65HDH969', '{"transmition":{"type":"stock_transmition","health":100.0},"oil":{"type":"stock_oil","health":100.0},"brakes":{"type":"stock_brakes","health":100.0},"tires":{"type":"stock_tires","health":100.0},"suspension":{"type":"stock_suspension","health":100.0},"engine":{"type":"stock_engine","health":100.0}}', 0),
	(0, '40ZBA676', '{"transmition":{"type":"stock_transmition","health":100.0},"oil":{"type":"stock_oil","health":100.0},"brakes":{"type":"stock_brakes","health":100.0},"tires":{"type":"stock_tires","health":100.0},"suspension":{"type":"stock_suspension","health":100.0},"engine":{"type":"stock_engine","health":100.0}}', 0),
	(0, '08YRW315', '{"transmition":{"type":"stock_transmition","health":100},"oil":{"type":"stock_oil","health":100},"brakes":{"type":"stock_brakes","health":100},"tires":{"type":"stock_tires","health":100},"suspension":{"type":"stock_suspension","health":100},"engine":{"type":"stock_engine","health":100.0}}', 0),
	(0, '47ZSC781', '{"transmition":{"type":"stock_transmition","health":100.0},"oil":{"type":"stock_oil","health":100.0},"brakes":{"type":"stock_brakes","health":100.0},"tires":{"type":"stock_tires","health":100.0},"suspension":{"type":"stock_suspension","health":100.0},"engine":{"type":"stock_engine","health":100.0}}', 0),
	(0, '09XJU121', '{"transmition":{"type":"stock_transmition","health":100.0},"oil":{"type":"stock_oil","health":100.0},"brakes":{"type":"stock_brakes","health":100.0},"tires":{"type":"stock_tires","health":100.0},"suspension":{"type":"stock_suspension","health":100.0},"engine":{"type":"stock_engine","health":100.0}}', 0),
	(0, '00VIR663', '{"transmition":{"type":"stock_transmition","health":100.0},"oil":{"type":"stock_oil","health":100.0},"brakes":{"type":"stock_brakes","health":100.0},"tires":{"type":"stock_tires","health":100.0},"suspension":{"type":"stock_suspension","health":100.0},"engine":{"type":"stock_engine","health":100.0}}', 0),
	(0, '26ANR235', '{"transmition":{"type":"stock_transmition","health":100.0},"oil":{"type":"stock_oil","health":100.0},"brakes":{"type":"stock_brakes","health":100.0},"tires":{"type":"stock_tires","health":100.0},"suspension":{"type":"stock_suspension","health":100.0},"engine":{"type":"stock_engine","health":100.0}}', 0),
	(0, '27UOM439', '{"transmition":{"type":"stock_transmition","health":100.0},"oil":{"type":"stock_oil","health":100.0},"brakes":{"type":"stock_brakes","health":100.0},"tires":{"type":"stock_tires","health":100.0},"suspension":{"type":"stock_suspension","health":100.0},"engine":{"type":"stock_engine","health":100.0}}', 0),
	(0, '64LOQ608', '{"transmition":{"type":"stock_transmition","health":99.99998230758011},"oil":{"type":"stock_oil","health":99.99999115379007},"brakes":{"type":"stock_brakes","health":99.9999380765304},"tires":{"type":"stock_tires","health":99.99982307580113},"suspension":{"type":"stock_suspension","health":99.99998230758011},"engine":{"type":"stock_engine","health":100.0}}', 0),
	(0, '08CWO493', '{"transmition":{"type":"stock_transmition","health":100.0},"oil":{"type":"stock_oil","health":100.0},"brakes":{"type":"stock_brakes","health":100.0},"tires":{"type":"stock_tires","health":100.0},"suspension":{"type":"stock_suspension","health":100.0},"engine":{"type":"stock_engine","health":100.0}}', 0),
	(0, '44ZSS750', '{"transmition":{"type":"stock_transmition","health":100.0},"oil":{"type":"stock_oil","health":100.0},"brakes":{"type":"stock_brakes","health":100.0},"tires":{"type":"stock_tires","health":100.0},"suspension":{"type":"stock_suspension","health":100.0},"engine":{"type":"stock_engine","health":100.0}}', 0),
	(0, '49HZA934', '{"transmition":{"type":"stock_transmition","health":100.0},"oil":{"type":"stock_oil","health":100.0},"brakes":{"type":"stock_brakes","health":100.0},"tires":{"type":"stock_tires","health":100.0},"suspension":{"type":"stock_suspension","health":100.0},"engine":{"type":"stock_engine","health":100.0}}', 0),
	(0, '21UXB595', '{"transmition":{"type":"stock_transmition","health":99.9999745818019},"oil":{"type":"stock_oil","health":99.99998729090095},"brakes":{"type":"stock_brakes","health":99.99991103630662},"tires":{"type":"stock_tires","health":99.99974581801891},"suspension":{"type":"stock_suspension","health":99.9999745818019},"engine":{"type":"stock_engine","health":100.0}}', 0),
	(0, '24DJT633', '{"transmition":{"type":"stock_transmition","health":100.0},"oil":{"type":"stock_oil","health":100.0},"brakes":{"type":"stock_brakes","health":100.0},"tires":{"type":"stock_tires","health":100.0},"suspension":{"type":"stock_suspension","health":100.0},"engine":{"type":"stock_engine","health":100.0}}', 0),
	(0, '48IJZ356', '{"transmition":{"type":"stock_transmition","health":100.0},"oil":{"type":"stock_oil","health":100.0},"brakes":{"type":"stock_brakes","health":100.0},"tires":{"type":"stock_tires","health":100.0},"suspension":{"type":"stock_suspension","health":100.0},"engine":{"type":"stock_engine","health":100.0}}', 0),
	(0, '64UIT877', '{"transmition":{"type":"stock_transmition","health":100.0},"oil":{"type":"stock_oil","health":100.0},"brakes":{"type":"stock_brakes","health":100.0},"tires":{"type":"stock_tires","health":100.0},"suspension":{"type":"stock_suspension","health":100.0},"engine":{"type":"stock_engine","health":100.0}}', 0),
	(0, '82NLQ667', '{"transmition":{"type":"stock_transmition","health":100.0},"oil":{"type":"stock_oil","health":100.0},"brakes":{"type":"stock_brakes","health":100.0},"tires":{"type":"stock_tires","health":100.0},"suspension":{"type":"stock_suspension","health":100.0},"engine":{"type":"stock_engine","health":100.0}}', 0),
	(0, '84UVC069', '{"transmition":{"type":"stock_transmition","health":100.0},"oil":{"type":"stock_oil","health":100.0},"brakes":{"type":"stock_brakes","health":100.0},"tires":{"type":"stock_tires","health":100.0},"suspension":{"type":"stock_suspension","health":100.0},"engine":{"type":"stock_engine","health":100.0}}', 0),
	(0, '02DXG435', '{"transmition":{"type":"stock_transmition","health":100.0},"oil":{"type":"stock_oil","health":100.0},"brakes":{"type":"stock_brakes","health":100.0},"tires":{"type":"stock_tires","health":100.0},"suspension":{"type":"stock_suspension","health":100.0},"engine":{"type":"stock_engine","health":100.0}}', 0),
	(0, '03UTB234', '{"transmition":{"type":"stock_transmition","health":100.0},"oil":{"type":"stock_oil","health":100.0},"brakes":{"type":"stock_brakes","health":100.0},"tires":{"type":"stock_tires","health":100.0},"suspension":{"type":"stock_suspension","health":100.0},"engine":{"type":"stock_engine","health":100.0}}', 0),
	(0, '08XSL066', '{"transmition":{"type":"stock_transmition","health":100.0},"oil":{"type":"stock_oil","health":100.0},"brakes":{"type":"stock_brakes","health":100.0},"tires":{"type":"stock_tires","health":100.0},"suspension":{"type":"stock_suspension","health":100.0},"engine":{"type":"stock_engine","health":100.0}}', 0),
	(0, '03DWL977', '{"transmition":{"type":"stock_transmition","health":99.9972466121972},"oil":{"type":"stock_oil","health":99.99862330609813},"brakes":{"type":"stock_brakes","health":99.99036314268975},"tires":{"type":"stock_tires","health":99.97246612197209},"suspension":{"type":"stock_suspension","health":99.9972466121972},"engine":{"type":"stock_engine","health":100.0}}', 2415.27),
	(0, 'YRZJ7379', '{"transmition":{"type":"stock_transmition","health":98.74149060622655},"oil":{"type":"stock_oil","health":96.14707792145845},"brakes":{"type":"stock_brakes","health":96.72350070529098},"tires":{"type":"stock_tires","health":94.74874935539278},"suspension":{"type":"stock_suspension","health":98.88802094175351},"engine":{"type":"stock_engine","health":81.28397216796876}}', 8807.94),
	(0, '09MXF879', '{"transmition":{"type":"stock_transmition","health":99.36695197372704},"oil":{"type":"stock_oil","health":97.77351011747511},"brakes":{"type":"stock_brakes","health":98.45281996231287},"tires":{"type":"stock_tires","health":98.01469209009838},"suspension":{"type":"stock_suspension","health":99.45376860415296},"engine":{"type":"stock_engine","health":90.65286865234376}}', 1272.04),
	(0, '28OIY126', '{"oil":{"type":"stock_oil","health":99.7963236886249},"engine":{"type":"stock_engine","health":99.2007080078125},"suspension":{"type":"stock_suspension","health":99.9485474192474},"transmition":{"type":"stock_transmition","health":99.94063852942523},"tires":{"type":"stock_tires","health":99.80222522984954},"brakes":{"type":"stock_brakes","health":99.85313330461745}}', 116.614),
	(0, '65KXP028', '{"oil":{"health":98.35963771823407,"type":"stock_oil"},"suspension":{"health":99.64921278154719,"type":"stock_suspension"},"tires":{"health":99.0997720525874,"type":"stock_tires"},"transmition":{"health":99.5841030627678,"type":"stock_transmition"},"brakes":{"health":99.04570555428586,"type":"stock_brakes"},"engine":{"health":93.49530029296875,"type":"stock_engine"}}', 948.937),
	(0, '47MQV972', '{"oil":{"health":96.29034367627485,"type":"stock_oil"},"suspension":{"health":99.15682236073671,"type":"stock_suspension"},"tires":{"health":97.42098376462794,"type":"stock_tires"},"transmition":{"health":99.01068602722202,"type":"stock_transmition"},"brakes":{"health":97.66265086332516,"type":"stock_brakes"},"engine":{"health":84.54714965820313,"type":"stock_engine"}}', 2118.81),
	(0, '25AKX719', '{"suspension":{"type":"stock_suspension","health":99.67130341815668},"engine":{"type":"stock_engine","health":94.78944702148438},"oil":{"type":"stock_oil","health":98.53049656213178},"transmition":{"type":"stock_transmition","health":99.61329652273723},"tires":{"type":"stock_tires","health":99.0362103431248},"brakes":{"type":"stock_brakes","health":99.09319092430707}}', 892.833),
	(0, '25BSK490', '{"suspension":{"type":"stock_suspension","health":99.99973768251539},"engine":{"type":"stock_engine","health":99.99976196289063},"oil":{"type":"stock_oil","health":99.99986884125765},"transmition":{"type":"stock_transmition","health":99.99973768251539},"tires":{"type":"stock_tires","health":99.99737682515387},"brakes":{"type":"stock_brakes","health":99.99908188880382}}', 0),
	(0, '09CCB262', '{"suspension":{"type":"stock_suspension","health":100},"engine":{"type":"stock_engine","health":100.0},"oil":{"type":"stock_oil","health":100},"transmition":{"type":"stock_transmition","health":100},"tires":{"type":"stock_tires","health":100},"brakes":{"type":"stock_brakes","health":100}}', 0),
	(0, '81ARN456', '{"suspension":{"type":"stock_suspension","health":100.0},"engine":{"type":"stock_engine","health":100.0},"oil":{"type":"stock_oil","health":100.0},"transmition":{"type":"stock_transmition","health":100.0},"tires":{"type":"stock_tires","health":100.0},"brakes":{"type":"stock_brakes","health":100.0}}', 0.0910804),
	(0, '46SIC120', '{"suspension":{"type":"stock_suspension","health":100.0},"engine":{"type":"stock_engine","health":100.0},"oil":{"type":"stock_oil","health":100.0},"transmition":{"type":"stock_transmition","health":100.0},"tires":{"type":"stock_tires","health":100.0},"brakes":{"type":"stock_brakes","health":100.0}}', 0),
	(0, '67JRK782', '{"suspension":{"type":"stock_suspension","health":100.0},"engine":{"type":"stock_engine","health":100.0},"oil":{"type":"stock_oil","health":100.0},"transmition":{"type":"stock_transmition","health":100.0},"tires":{"type":"stock_tires","health":100.0},"brakes":{"type":"stock_brakes","health":100.0}}', 0.721922),
	(0, '89RJT980', '{"suspension":{"type":"stock_suspension","health":100.0},"engine":{"type":"stock_engine","health":100.0},"oil":{"type":"stock_oil","health":100.0},"transmition":{"type":"stock_transmition","health":100.0},"tires":{"type":"stock_tires","health":100.0},"brakes":{"type":"stock_brakes","health":100.0}}', 8605.41),
	(0, 'KQLF7727', '{"suspension":{"type":"stock_suspension","health":96.4213980386681},"transmition":{"type":"stock_transmition","health":95.75252436537035},"brakes":{"type":"stock_brakes","health":90.28416256315757},"tires":{"type":"stock_tires","health":91.00237100224487},"engine":{"type":"stock_engine","health":65.3194091796875},"oil":{"type":"stock_oil","health":83.16104137011058}}', 21356.8),
	(0, '40ZYA402', '{"suspension":{"type":"stock_suspension","health":99.93218650020586},"engine":{"type":"stock_engine","health":98.66767578125},"oil":{"type":"stock_oil","health":99.6779754030886},"transmition":{"type":"stock_transmition","health":99.91938126256076},"tires":{"type":"stock_tires","health":99.83471476974374},"brakes":{"type":"stock_brakes","health":99.81643474882974}}', 175.17),
	(0, '21OHZ074', '{"suspension":{"type":"stock_suspension","health":99.85738967470596},"engine":{"type":"stock_engine","health":97.0962158203125},"oil":{"type":"stock_oil","health":99.28922316806988},"transmition":{"type":"stock_transmition","health":99.82896871162679},"tires":{"type":"stock_tires","health":99.71215631838366},"brakes":{"type":"stock_brakes","health":99.6202319064036}}', 424.552),
	(0, '80MFC182', '{"suspension":{"type":"stock_suspension","health":99.71795209928517},"engine":{"type":"stock_engine","health":90.05142211914063},"oil":{"type":"stock_oil","health":98.61185189742106},"transmition":{"type":"stock_transmition","health":99.66252435918647},"tires":{"type":"stock_tires","health":99.39940198380566},"brakes":{"type":"stock_brakes","health":99.24562885591253}}', 800.135),
	(0, '63SHX479', '{"suspension":{"type":"stock_suspension","health":99.95028894064117},"engine":{"type":"stock_engine","health":93.80233764648438},"oil":{"type":"stock_oil","health":99.76866285407631},"transmition":{"type":"stock_transmition","health":99.94111197991929},"tires":{"type":"stock_tires","health":99.87042668332659},"brakes":{"type":"stock_brakes","health":99.86455452727633}}', 131.475),
	(0, '24DBW269', '{"suspension":{"type":"stock_suspension","health":99.62151502083295},"engine":{"type":"stock_engine","health":92.13881225585938},"oil":{"type":"stock_oil","health":98.46815491851807},"transmition":{"type":"stock_transmition","health":99.56184379452677},"tires":{"type":"stock_tires","health":98.60498282188928},"brakes":{"type":"stock_brakes","health":98.92592172339066}}', 871.765),
	(0, '67APK139', '{"tires":{"health":98.03673182767382,"type":"stock_tires"},"suspension":{"health":98.9281141068895,"type":"stock_suspension"},"engine":{"health":78.27914428710938,"type":"stock_engine"},"transmition":{"health":98.70949760854272,"type":"stock_transmition"},"oil":{"health":94.54518584064692,"type":"stock_oil"},"brakes":{"health":97.16658866716812,"type":"stock_brakes"}}', 3176.9),
	(0, '83ZOH714', '{"tires":{"health":99.92816383301967,"type":"stock_tires"},"suspension":{"health":99.96560786784946,"type":"stock_suspension"},"engine":{"health":99.32357788085938,"type":"stock_engine"},"transmition":{"health":99.95881423103232,"type":"stock_transmition"},"oil":{"health":99.82994710553965,"type":"stock_oil"},"brakes":{"health":99.90816081210488,"type":"stock_brakes"}}', 98.767),
	(0, '40FPR286', '{"tires":{"health":98.40287628311043,"type":"stock_tires"},"suspension":{"health":99.40293791036078,"type":"stock_suspension"},"engine":{"health":89.08002319335938,"type":"stock_engine"},"transmition":{"health":99.29373698203362,"type":"stock_transmition"},"oil":{"health":97.24444806781038,"type":"stock_oil"},"brakes":{"health":98.36892658522771,"type":"stock_brakes"}}', 1651.22),
	(0, '02ETR783', '{"transmition":{"health":99.78564106047924,"type":"stock_transmition"},"suspension":{"health":99.80144181744241,"type":"stock_suspension"},"tires":{"health":98.64723849079334,"type":"stock_tires"},"oil":{"health":99.54520387703204,"type":"stock_oil"},"brakes":{"health":99.37140954027251,"type":"stock_brakes"},"engine":{"health":98.30049438476563,"type":"stock_engine"}}', 5845.11),
	(0, '20RGY403', '{"brakes":{"type":"stock_brakes","health":99.91777303973169},"transmition":{"type":"stock_transmition","health":99.96545426895317},"suspension":{"type":"stock_suspension","health":99.97047804796563},"oil":{"type":"stock_oil","health":99.87220399620378},"engine":{"type":"stock_engine","health":99.495751953125},"tires":{"type":"stock_tires","health":99.90598282910263}}', 72.7478),
	(0, '27ZVX401', '{"brakes":{"type":"stock_brakes","health":99.90459097446285},"transmition":{"type":"stock_transmition","health":99.97086347329254},"suspension":{"type":"stock_suspension","health":99.97171656653188},"oil":{"type":"stock_oil","health":99.96666368537784},"engine":{"type":"stock_engine","health":99.99647827148438},"tires":{"type":"stock_tires","health":99.75133204955282}}', 12.3265),
	(0, '48AWC076', '{"brakes":{"type":"stock_brakes","health":99.92423740478702},"transmition":{"type":"stock_transmition","health":99.96921535735123},"suspension":{"type":"stock_suspension","health":99.9733690786575},"oil":{"type":"stock_oil","health":99.89322580993631},"engine":{"type":"stock_engine","health":99.99885864257813},"tires":{"type":"stock_tires","health":99.90004732489231}}', 59.6432),
	(0, '24TXU128', '{"oil":{"type":"stock_oil","health":99.56801741698884},"transmition":{"type":"stock_transmition","health":99.84882403087124},"suspension":{"type":"stock_suspension","health":99.86502378534596},"brakes":{"type":"stock_brakes","health":99.59562221750288},"engine":{"type":"stock_engine","health":98.58810424804688},"tires":{"type":"stock_tires","health":99.29903802017496}}', 242.665),
	(0, '00BLX884', '{"brakes":{"type":"stock_brakes","health":99.66174289475623},"transmition":{"type":"stock_transmition","health":99.85625542283076},"suspension":{"type":"stock_suspension","health":99.8776643728112},"oil":{"type":"stock_oil","health":99.45713081184666},"engine":{"type":"stock_engine","health":97.85440063476563},"tires":{"type":"stock_tires","health":99.63407217482592}}', 305.987),
	(0, '83YIB607', '{"brakes":{"type":"stock_brakes","health":99.92501962930749},"transmition":{"type":"stock_transmition","health":99.97251440437515},"suspension":{"type":"stock_suspension","health":99.97527014645245},"oil":{"type":"stock_oil","health":99.92563087648746},"engine":{"type":"stock_engine","health":99.71463012695313},"tires":{"type":"stock_tires","health":99.8630689347185}}', 40.1349),
	(0, '07LVP429', '{"brakes":{"type":"stock_brakes","health":99.67944425931585},"transmition":{"type":"stock_transmition","health":99.8769833448371},"suspension":{"type":"stock_suspension","health":99.89126939060229},"oil":{"type":"stock_oil","health":99.62419866558271},"engine":{"type":"stock_engine","health":98.6594970703125},"tires":{"type":"stock_tires","health":99.48485003891179}}', 211.738),
	(0, '80CFQ931', '{"brakes":{"type":"stock_brakes","health":99.52508215600904},"transmition":{"type":"stock_transmition","health":99.80361699759223},"suspension":{"type":"stock_suspension","health":99.8312043566102},"oil":{"type":"stock_oil","health":99.29488660039861},"engine":{"type":"stock_engine","health":94.83705444335938},"tires":{"type":"stock_tires","health":99.41691729477175}}', 403.224),
	(0, '21HTN037', '{"oil":{"type":"stock_oil","health":99.92092974284856},"suspension":{"type":"stock_suspension","health":99.9829996470684},"brakes":{"type":"stock_brakes","health":99.9536718464673},"engine":{"type":"stock_engine","health":99.6901611328125},"tires":{"type":"stock_tires","health":99.95561121430424},"transmition":{"type":"stock_transmition","health":99.97986319903791}}', 44.7656),
	(0, '84RZJ805', '{"engine":{"type":"stock_engine","health":98.36224975585938},"transmition":{"type":"stock_transmition","health":99.8957220475528},"suspension":{"type":"stock_suspension","health":99.91212115566764},"brakes":{"type":"stock_brakes","health":99.7613002989192},"oil":{"type":"stock_oil","health":99.58708064524738},"tires":{"type":"stock_tires","health":99.77799583667974}}', 243.092),
	(0, '49NPZ653', '{"engine":{"type":"stock_engine","health":99.99331665039063},"transmition":{"type":"stock_transmition","health":99.9972743182131},"suspension":{"type":"stock_suspension","health":99.99731323385253},"brakes":{"type":"stock_brakes","health":99.99075976416938},"oil":{"type":"stock_oil","health":99.99778101503923},"tires":{"type":"stock_tires","health":99.9746909098841}}', 0),
	(0, '87BHB195', '{"engine":{"type":"stock_engine","health":99.99559936523437},"transmition":{"type":"stock_transmition","health":99.99866181254399},"suspension":{"type":"stock_suspension","health":99.99869410665126},"brakes":{"type":"stock_brakes","health":99.99556500852995},"oil":{"type":"stock_oil","health":99.9986204359119},"tires":{"type":"stock_tires","health":99.98823444550895}}', 0),
	(0, '08DLM303', '{"engine":{"type":"stock_engine","health":99.23999633789063},"transmition":{"type":"stock_transmition","health":99.95044826746157},"suspension":{"type":"stock_suspension","health":99.95804739529675},"brakes":{"type":"stock_brakes","health":99.88508222044696},"oil":{"type":"stock_oil","health":99.80804332135476},"tires":{"type":"stock_tires","health":99.88481902277086}}', 125.198),
	(0, '22XUG435', '{"suspension":{"type":"stock_suspension","health":99.85934566130138},"transmition":{"type":"stock_transmition","health":99.8334181161091},"brakes":{"type":"stock_brakes","health":99.61660550436035},"tires":{"type":"stock_tires","health":99.63185479795193},"engine":{"type":"stock_engine","health":96.9043701171875},"oil":{"type":"stock_oil","health":99.3463030638301}}', 3837.87),
	(0, '23TIJ458', '{"engine":{"type":"stock_engine","health":96.5701171875},"transmition":{"type":"stock_transmition","health":99.90939479413439},"suspension":{"type":"stock_suspension","health":99.92310990054507},"brakes":{"type":"stock_brakes","health":99.78848809883255},"oil":{"type":"stock_oil","health":99.6529650560322},"tires":{"type":"stock_tires","health":99.78038901719813}}', 197.846),
	(0, '21HRV827', '{"engine":{"type":"stock_engine","health":74.40184326171875},"transmition":{"type":"stock_transmition","health":98.83940342023483},"suspension":{"type":"stock_suspension","health":98.99898392481046},"brakes":{"type":"stock_brakes","health":97.16668185601847},"oil":{"type":"stock_oil","health":95.9089306094205},"tires":{"type":"stock_tires","health":96.38103845635409}}', 8166.65),
	(0, '82ULH310', '{"tires":{"type":"stock_tires","health":99.9250461068518},"suspension":{"type":"stock_suspension","health":99.97481396958726},"engine":{"type":"stock_engine","health":99.55738525390625},"brakes":{"type":"stock_brakes","health":99.93040087672915},"transmition":{"type":"stock_transmition","health":99.97039683073636},"oil":{"type":"stock_oil","health":99.88802136064776}}', 64.5791),
	(0, '29QHM084', '{"tires":{"type":"stock_tires","health":96.57972730045786},"suspension":{"type":"stock_suspension","health":98.3185836742505},"engine":{"type":"stock_engine","health":59.99824829101563},"brakes":{"type":"stock_brakes","health":95.5196456150113},"transmition":{"type":"stock_transmition","health":97.98415444683597},"oil":{"type":"stock_oil","health":91.63463422029153}}', 4878.77),
	(0, '23GQB038', '{"tires":{"type":"stock_tires","health":99.816790315216},"suspension":{"type":"stock_suspension","health":99.94063956478382},"engine":{"type":"stock_engine","health":98.93442993164062},"brakes":{"type":"stock_brakes","health":99.83527611976338},"transmition":{"type":"stock_transmition","health":99.93039250692179},"oil":{"type":"stock_oil","health":99.73976098049353}}', 155.925),
	(0, '48HVK465', '{"tires":{"type":"stock_tires","health":99.74518295643913},"suspension":{"type":"stock_suspension","health":99.93693946599916},"engine":{"type":"stock_engine","health":99.0494384765625},"brakes":{"type":"stock_brakes","health":99.81869664148403},"transmition":{"type":"stock_transmition","health":99.92755648731139},"oil":{"type":"stock_oil","health":99.75735271252168}}', 4764.8),
	(0, '41NDK436', '{"tires":{"type":"stock_tires","health":99.7985151248761},"suspension":{"type":"stock_suspension","health":99.90859554491307},"engine":{"type":"stock_engine","health":98.22727661132812},"brakes":{"type":"stock_brakes","health":99.75480976644991},"transmition":{"type":"stock_transmition","health":99.89080379270966},"oil":{"type":"stock_oil","health":99.55398334788038}}', 270.183),
	(0, '88BYR769', '{"tires":{"type":"stock_tires","health":99.99665793518337},"suspension":{"type":"stock_suspension","health":99.9996649928621},"engine":{"type":"stock_engine","health":99.99959106445313},"brakes":{"type":"stock_brakes","health":99.99882831465676},"transmition":{"type":"stock_transmition","health":99.99966479294791},"oil":{"type":"stock_oil","health":99.9998279983622}}', 0.00415598),
	(0, '07CJS643', '{"tires":{"health":99.91497903686566,"type":"stock_tires"},"suspension":{"health":99.95769655875083,"type":"stock_suspension"},"transmition":{"health":99.94925677225007,"type":"stock_transmition"},"oil":{"health":99.78895308310753,"type":"stock_oil"},"brakes":{"health":99.88738505893145,"type":"stock_brakes"},"engine":{"health":99.19314575195313,"type":"stock_engine"}}', 116.994),
	(0, '02SHD446', '{"tires":{"health":95.0840912033163,"type":"stock_tires"},"suspension":{"health":97.68239336275153,"type":"stock_suspension"},"transmition":{"health":97.2264593408843,"type":"stock_transmition"},"engine":{"health":52.811181640625,"type":"stock_engine"},"brakes":{"health":93.80329966147458,"type":"stock_brakes"},"oil":{"health":88.5826811893538,"type":"stock_oil"}}', 6482.77),
	(0, '03GWZ596', '{"tires":{"type":"stock_tires","health":99.75249715467113},"suspension":{"type":"stock_suspension","health":99.94656087658504},"engine":{"type":"stock_engine","health":99.2684326171875},"brakes":{"type":"stock_brakes","health":99.84304874177949},"transmition":{"type":"stock_transmition","health":99.93939762093409},"oil":{"type":"stock_oil","health":99.81210718614399}}', 107.877),
	(0, '68QYD211', '{"tires":{"health":99.9877499130685,"type":"stock_tires"},"suspension":{"health":99.99841054977282,"type":"stock_suspension"},"transmition":{"health":99.99831955313508,"type":"stock_transmition"},"oil":{"health":99.9971578505379,"type":"stock_oil"},"brakes":{"health":99.99481911008327,"type":"stock_brakes"},"engine":{"health":99.98814086914062,"type":"stock_engine"}}', 82.9032),
	(0, '85QTB348', '{"tires":{"health":99.97747341313779,"type":"stock_tires"},"suspension":{"health":99.99338542851017,"type":"stock_suspension"},"transmition":{"health":99.99229631170528,"type":"stock_transmition"},"oil":{"health":99.97218758614481,"type":"stock_oil"},"brakes":{"health":99.98142329036611,"type":"stock_brakes"},"engine":{"health":99.89033203125,"type":"stock_engine"}}', 15.4603),
	(0, '48XJT717', '{"engine":{"health":90.35977172851563,"type":"stock_engine"},"tires":{"health":99.19588041191446,"type":"stock_tires"},"suspension":{"health":99.53090765586033,"type":"stock_suspension"},"oil":{"health":97.58185615753119,"type":"stock_oil"},"transmition":{"health":99.43385887050938,"type":"stock_transmition"},"brakes":{"health":98.76578169398577,"type":"stock_brakes"}}', 1376.74),
	(0, '21QDX301', '{"oil":{"type":"stock_oil","health":91.5826294998767},"transmition":{"type":"stock_transmition","health":97.94508460504957},"suspension":{"type":"stock_suspension","health":98.28098973244225},"tires":{"type":"stock_tires","health":96.26289767651365},"brakes":{"type":"stock_brakes","health":95.39426559859757},"engine":{"type":"stock_engine","health":64.96011962890626}}', 5803.66),
	(0, '21MGI817', '{"oil":{"type":"stock_oil","health":99.99068138170064},"tires":{"type":"stock_tires","health":99.99259227625753},"engine":{"type":"stock_engine","health":99.96617431640625},"brakes":{"type":"stock_brakes","health":99.99382197809972},"suspension":{"type":"stock_suspension","health":99.99779661484708},"transmition":{"type":"stock_transmition","health":99.99743141814825}}', 5.03855),
	(0, '89GJZ601', '{"oil":{"type":"stock_oil","health":85.62005937227747},"tires":{"type":"stock_tires","health":95.42424132939488},"engine":{"type":"stock_engine","health":25.1139419555664},"brakes":{"type":"stock_brakes","health":92.7284939918575},"suspension":{"type":"stock_suspension","health":97.22937989091359},"transmition":{"type":"stock_transmition","health":96.65184075432781}}', 0.989332),
	(0, '48QBY939', '{"oil":{"type":"stock_oil","health":90.15649905053401},"tires":{"type":"stock_tires","health":96.69480618011449},"engine":{"type":"stock_engine","health":35.85984497070312},"brakes":{"type":"stock_brakes","health":94.96536832547047},"suspension":{"type":"stock_suspension","health":98.08754586685589},"transmition":{"type":"stock_transmition","health":97.69255591650534}}', 7411.08),
	(0, '28TTJ061', '{"oil":{"type":"stock_oil","health":98.15130694807034},"tires":{"type":"stock_tires","health":99.20379030974368},"engine":{"type":"stock_engine","health":55.82584838867187},"brakes":{"type":"stock_brakes","health":98.99655547870454},"suspension":{"type":"stock_suspension","health":99.62471227523491},"transmition":{"type":"stock_transmition","health":99.55088786681069}}', 35.6074),
	(0, '24YTH041', '{"oil":{"type":"stock_oil","health":98.5830415260945},"tires":{"type":"stock_tires","health":99.44046133315831},"engine":{"type":"stock_engine","health":69.3693359375},"brakes":{"type":"stock_brakes","health":99.24763350927538},"suspension":{"type":"stock_suspension","health":99.7170133378886},"transmition":{"type":"stock_transmition","health":99.66032599820639}}', 84.0625),
	(0, '22YYG132', '{"oil":{"type":"stock_oil","health":99.32349330597995},"tires":{"type":"stock_tires","health":99.74119468624663},"engine":{"type":"stock_engine","health":97.3074462890625},"brakes":{"type":"stock_brakes","health":99.6435447227737},"suspension":{"type":"stock_suspension","health":99.86565773837381},"transmition":{"type":"stock_transmition","health":99.83857615778675}}', 5806.22),
	(0, '04ZGH096', '{"oil":{"type":"stock_oil","health":99.99979709840828},"tires":{"type":"stock_tires","health":99.99613552965222},"engine":{"type":"stock_engine","health":99.99959106445313},"brakes":{"type":"stock_brakes","health":99.9986435576313},"suspension":{"type":"stock_suspension","health":99.99961197105776},"transmition":{"type":"stock_transmition","health":99.99961157607463}}', 0.00367905),
	(0, '66RFE698', '{"oil":{"type":"stock_oil","health":99.67403550138688},"tires":{"type":"stock_tires","health":99.86676716141837},"brakes":{"type":"stock_brakes","health":99.82543234506415},"suspension":{"type":"stock_suspension","health":99.93448579925503},"transmition":{"type":"stock_transmition","health":99.92145435933324},"engine":{"type":"stock_engine","health":98.73421020507813}}', 177.662),
	(0, '89JPO175', '{"tires":{"health":98.37788517368311,"type":"stock_tires"},"engine":{"health":80.57933959960937,"type":"stock_engine"},"brakes":{"health":97.50699273207907,"type":"stock_brakes"},"oil":{"health":95.11381591938275,"type":"stock_oil"},"suspension":{"health":99.05238544629789,"type":"stock_suspension"},"transmition":{"health":98.85627981057502,"type":"stock_transmition"}}', 2868.41),
	(0, '84GBE223', '{"tires":{"health":97.83172533964323,"type":"stock_tires"},"engine":{"health":80.392529296875,"type":"stock_engine"},"brakes":{"health":97.43331320024746,"type":"stock_brakes"},"oil":{"health":95.3797053545306,"type":"stock_oil"},"suspension":{"health":99.04569337655792,"type":"stock_suspension"},"transmition":{"health":98.86155376172488,"type":"stock_transmition"}}', 3169.12),
	(0, '24OZK137', '{"tires":{"health":96.94590590957535,"type":"stock_tires"},"engine":{"health":50.02712707519531,"type":"stock_engine"},"brakes":{"health":96.10459344593737,"type":"stock_brakes"},"oil":{"health":92.7929871790398,"type":"stock_oil"},"suspension":{"health":98.54154481985974,"type":"stock_suspension"},"transmition":{"health":98.25364325404256,"type":"stock_transmition"}}', 5674.82),
	(0, '49PGH139', '{"tires":{"health":99.32731145981833,"type":"stock_tires"},"engine":{"health":96.6725830078125,"type":"stock_engine"},"brakes":{"health":99.44347500665086,"type":"stock_brakes"},"oil":{"health":99.16500465473591,"type":"stock_oil"},"suspension":{"health":99.80174653308117,"type":"stock_suspension"},"transmition":{"health":99.76904126144537,"type":"stock_transmition"}}', 477.028),
	(0, '26YRP259', '{"tires":{"health":99.65183248380527,"type":"stock_tires"},"engine":{"health":97.86699829101562,"type":"stock_engine"},"brakes":{"health":99.66907655549345,"type":"stock_brakes"},"oil":{"health":99.46080801318306,"type":"stock_oil"},"suspension":{"health":99.87989630369806,"type":"stock_suspension"},"transmition":{"health":99.858601186424,"type":"stock_transmition"}}', 309.461),
	(0, '07TJQ617', '{"oil":{"health":98.4627097843586,"type":"stock_oil"},"suspension":{"health":99.68931975261748,"type":"stock_suspension"},"transmition":{"health":99.62789974853068,"type":"stock_transmition"},"engine":{"health":93.8852294921875,"type":"stock_engine"},"tires":{"health":99.35306868984425,"type":"stock_tires"},"brakes":{"health":99.17058315132447,"type":"stock_brakes"}}', 4779.35),
	(0, '63NMP336', '{"oil":{"health":88.40625047451668,"type":"stock_oil"},"transmition":{"health":97.24933969784583,"type":"stock_transmition"},"suspension":{"health":97.71381330577317,"type":"stock_suspension"},"engine":{"health":53.36688842773437,"type":"stock_engine"},"brakes":{"health":93.94913572349762,"type":"stock_brakes"},"tires":{"health":95.74030105522428,"type":"stock_tires"}}', 6757.51),
	(0, '83PWI770', '{"oil":{"health":99.93389994234524,"type":"stock_oil"},"transmition":{"health":99.98306496347473,"type":"stock_transmition"},"suspension":{"health":99.9856846243562,"type":"stock_suspension"},"engine":{"health":99.73796997070312,"type":"stock_engine"},"brakes":{"health":99.96089876094878,"type":"stock_brakes"},"tires":{"health":99.96176366186428,"type":"stock_tires"}}', 38.3351),
	(0, '01TCY147', '{"oil":{"health":99.22980437436641,"type":"stock_oil"},"transmition":{"health":99.81441722601902,"type":"stock_transmition"},"suspension":{"health":99.84520832777558,"type":"stock_suspension"},"engine":{"health":96.38775024414062,"type":"stock_engine"},"brakes":{"health":99.58755177459169,"type":"stock_brakes"},"tires":{"health":99.68526690310344,"type":"stock_tires"}}', 387.931),
	(0, '02WEH156', '{"oil":{"health":88.39779435032881,"type":"stock_oil"},"transmition":{"health":97.23848259893045,"type":"stock_transmition"},"suspension":{"health":97.70309382389158,"type":"stock_suspension"},"engine":{"health":51.986669921875,"type":"stock_engine"},"brakes":{"health":93.91219552845489,"type":"stock_brakes"},"tires":{"health":95.63861779859104,"type":"stock_tires"}}', 6642.9);
/*!40000 ALTER TABLE `vehicle_parts` ENABLE KEYS */;

-- Dumping structure for table project.vehicle_sold
CREATE TABLE IF NOT EXISTS `vehicle_sold` (
  `client` varchar(50) NOT NULL,
  `model` varchar(50) NOT NULL,
  `plate` varchar(50) NOT NULL,
  `soldby` varchar(50) NOT NULL,
  `date` varchar(50) NOT NULL,
  PRIMARY KEY (`plate`)
) ENGINE=InnoDB DEFAULT CHARSET=utf8mb4;

-- Dumping data for table project.vehicle_sold: ~0 rows (approximately)
/*!40000 ALTER TABLE `vehicle_sold` DISABLE KEYS */;
/*!40000 ALTER TABLE `vehicle_sold` ENABLE KEYS */;

-- Dumping structure for table project.weashops
CREATE TABLE IF NOT EXISTS `weashops` (
  `id` int(11) NOT NULL AUTO_INCREMENT,
  `zone` varchar(255) COLLATE utf8mb4_bin NOT NULL,
  `item` varchar(255) COLLATE utf8mb4_bin NOT NULL,
  `price` int(11) NOT NULL,
  PRIMARY KEY (`id`)
) ENGINE=InnoDB AUTO_INCREMENT=41 DEFAULT CHARSET=utf8mb4 COLLATE=utf8mb4_bin;

-- Dumping data for table project.weashops: ~17 rows (approximately)
/*!40000 ALTER TABLE `weashops` DISABLE KEYS */;
INSERT INTO `weashops` (`id`, `zone`, `item`, `price`) VALUES
	(1, 'GunShop', 'WEAPON_PISTOL', 300),
	(3, 'GunShop', 'WEAPON_FLASHLIGHT', 60),
	(5, 'GunShop', 'WEAPON_MACHETE', 90),
	(7, 'GunShop', 'WEAPON_NIGHTSTICK', 150),
	(9, 'GunShop', 'WEAPON_BAT', 100),
	(11, 'GunShop', 'WEAPON_STUNGUN', 50),
	(13, 'GunShop', 'WEAPON_MICROSMG', 1400),
	(15, 'GunShop', 'WEAPON_PUMPSHOTGUN', 3400),
	(17, 'GunShop', 'WEAPON_ASSAULTRIFLE', 10000),
	(19, 'GunShop', 'WEAPON_SPECIALCARBINE', 15000),
	(21, 'GunShop', 'WEAPON_SNIPERRIFLE', 22000),
	(23, 'GunShop', 'WEAPON_FIREWORK', 18000),
	(25, 'GunShop', 'WEAPON_GRENADE', 500),
	(27, 'GunShop', 'WEAPON_BZGAS', 200),
	(29, 'GunShop', 'WEAPON_FIREEXTINGUISHER', 100),
	(31, 'GunShop', 'WEAPON_BALL', 50),
	(33, 'GunShop', 'WEAPON_SMOKEGRENADE', 100);
/*!40000 ALTER TABLE `weashops` ENABLE KEYS */;

-- Dumping structure for table project.weashops2
CREATE TABLE IF NOT EXISTS `weashops2` (
  `id` int(11) NOT NULL AUTO_INCREMENT,
  `zone` varchar(255) NOT NULL,
  `item` varchar(255) NOT NULL,
  `price` int(11) NOT NULL,
  PRIMARY KEY (`id`)
) ENGINE=InnoDB AUTO_INCREMENT=18 DEFAULT CHARSET=utf8mb4;

-- Dumping data for table project.weashops2: ~17 rows (approximately)
/*!40000 ALTER TABLE `weashops2` DISABLE KEYS */;
INSERT INTO `weashops2` (`id`, `zone`, `item`, `price`) VALUES
	(1, 'GunShop', 'WEAPON_PISTOL', 100),
	(2, 'GunShop', 'WEAPON_FLASHLIGHT', 10),
	(3, 'GunShop', 'WEAPON_MACHETE', 30),
	(4, 'GunShop', 'WEAPON_NIGHTSTICK', 75),
	(5, 'GunShop', 'WEAPON_BAT', 55),
	(6, 'GunShop', 'WEAPON_STUNGUN', 30),
	(7, 'GunShop', 'WEAPON_MICROSMG', 700),
	(8, 'GunShop', 'WEAPON_PUMPSHOTGUN', 1200),
	(9, 'GunShop', 'WEAPON_ASSAULTRIFLE', 4600),
	(10, 'GunShop', 'WEAPON_SPECIALCARBINE', 8500),
	(11, 'GunShop', 'WEAPON_SNIPERRIFLE', 9000),
	(12, 'GunShop', 'WEAPON_FIREWORK', 6000),
	(13, 'GunShop', 'WEAPON_GRENADE', 200),
	(14, 'GunShop', 'WEAPON_BZGAS', 50),
	(15, 'GunShop', 'WEAPON_FIREEXTINGUISHER', 30),
	(16, 'GunShop', 'WEAPON_BALL', 10),
	(17, 'GunShop', 'WEAPON_SMOKEGRENADE', 40);
/*!40000 ALTER TABLE `weashops2` ENABLE KEYS */;

-- Dumping structure for table project.whitelist
CREATE TABLE IF NOT EXISTS `whitelist` (
  `identifier` varchar(75) NOT NULL,
  PRIMARY KEY (`identifier`)
) ENGINE=InnoDB DEFAULT CHARSET=utf8mb4;

-- Dumping data for table project.whitelist: ~3 rows (approximately)
/*!40000 ALTER TABLE `whitelist` DISABLE KEYS */;
INSERT INTO `whitelist` (`identifier`) VALUES
	('steam:110000131e1dcdb'),
	('steam:110000134b2c954'),
	('steam:11000014149b4eb'),
	('steam:11000014371d5b4');
/*!40000 ALTER TABLE `whitelist` ENABLE KEYS */;

-- Dumping structure for table project.xmarket_items_selling
CREATE TABLE IF NOT EXISTS `xmarket_items_selling` (
  `id` int(11) NOT NULL AUTO_INCREMENT,
  `id_key` varchar(100) NOT NULL,
  `owner_iden` varchar(50) NOT NULL,
  `market_name` varchar(50) NOT NULL,
  `item_name` varchar(50) NOT NULL,
  `options` longtext DEFAULT NULL,
  `count` int(11) NOT NULL DEFAULT 0,
  `price` int(11) NOT NULL,
  `price_type` enum('money','black_money') NOT NULL DEFAULT 'money',
  `time_create` datetime DEFAULT NULL,
  `time_update` datetime DEFAULT NULL ON UPDATE current_timestamp(),
  `time_expire` datetime DEFAULT NULL,
  PRIMARY KEY (`id`),
  UNIQUE KEY `id_key` (`id_key`)
) ENGINE=InnoDB AUTO_INCREMENT=2 DEFAULT CHARSET=utf8mb4;

-- Dumping data for table project.xmarket_items_selling: ~0 rows (approximately)
/*!40000 ALTER TABLE `xmarket_items_selling` DISABLE KEYS */;
INSERT INTO `xmarket_items_selling` (`id`, `id_key`, `owner_iden`, `market_name`, `item_name`, `options`, `count`, `price`, `price_type`, `time_create`, `time_update`, `time_expire`) VALUES
	(1, '3603777-950317382', 'steam:110000134b2c954', 'market_01', 'WEAPON_MG', '{"ammo":87,"components":["clip_default"]}', 1, 1000, 'money', '2021-07-28 20:05:46', '2021-07-28 20:05:46', NULL);
/*!40000 ALTER TABLE `xmarket_items_selling` ENABLE KEYS */;

-- Dumping structure for table project.xmarket_items_sell_history
CREATE TABLE IF NOT EXISTS `xmarket_items_sell_history` (
  `id` int(11) NOT NULL AUTO_INCREMENT,
  `id_key` varchar(100) NOT NULL,
  `owner_iden` varchar(50) NOT NULL,
  `market_name` varchar(30) NOT NULL,
  `item_name` varchar(50) NOT NULL,
  `options` longtext DEFAULT NULL,
  `count` int(11) NOT NULL,
  `price` int(11) DEFAULT NULL,
  `price_type` enum('money','black_money') NOT NULL,
  `buyer_iden` varchar(50) NOT NULL,
  `time_create` datetime DEFAULT NULL,
  PRIMARY KEY (`id`),
  KEY `owner_iden` (`owner_iden`,`market_name`)
) ENGINE=InnoDB DEFAULT CHARSET=utf8mb4;

-- Dumping data for table project.xmarket_items_sell_history: ~0 rows (approximately)
/*!40000 ALTER TABLE `xmarket_items_sell_history` DISABLE KEYS */;
/*!40000 ALTER TABLE `xmarket_items_sell_history` ENABLE KEYS */;

-- Dumping structure for table project.xmarket_players
CREATE TABLE IF NOT EXISTS `xmarket_players` (
  `id` int(11) NOT NULL AUTO_INCREMENT,
  `identifier` varchar(50) NOT NULL,
  `market_name` varchar(50) NOT NULL,
  `money` int(11) NOT NULL DEFAULT 0,
  `black_money` int(11) NOT NULL DEFAULT 0,
  `money_total` int(11) NOT NULL DEFAULT 0,
  `black_money_total` int(11) NOT NULL DEFAULT 0,
  `items_sell_total` int(11) NOT NULL DEFAULT 0,
  PRIMARY KEY (`id`),
  KEY `identifier` (`identifier`,`market_name`)
) ENGINE=InnoDB AUTO_INCREMENT=2 DEFAULT CHARSET=utf8mb4;

-- Dumping data for table project.xmarket_players: ~0 rows (approximately)
/*!40000 ALTER TABLE `xmarket_players` DISABLE KEYS */;
INSERT INTO `xmarket_players` (`id`, `identifier`, `market_name`, `money`, `black_money`, `money_total`, `black_money_total`, `items_sell_total`) VALUES
	(1, 'steam:110000134b2c954', 'market_01', 0, 0, 0, 0, 0);
/*!40000 ALTER TABLE `xmarket_players` ENABLE KEYS */;

-- Dumping structure for table project.yellowpages_posts
CREATE TABLE IF NOT EXISTS `yellowpages_posts` (
  `id` int(11) NOT NULL AUTO_INCREMENT,
  `authorId` int(11) NOT NULL,
  `realUser` varchar(50) COLLATE utf8mb4_unicode_ci DEFAULT NULL,
  `message` varchar(256) COLLATE utf8mb4_unicode_ci NOT NULL,
  `image` varchar(255) COLLATE utf8mb4_unicode_ci NOT NULL DEFAULT '',
  `time` timestamp NOT NULL DEFAULT current_timestamp(),
  `phone` varchar(50) COLLATE utf8mb4_unicode_ci NOT NULL,
  `likes` int(11) NOT NULL DEFAULT 0,
  PRIMARY KEY (`id`),
  KEY `FK_yellowpages_posts_twitter_accounts` (`authorId`),
  CONSTRAINT `FK_yellowpages_posts_twitter_accounts` FOREIGN KEY (`authorId`) REFERENCES `twitter_accounts` (`id`)
) ENGINE=InnoDB AUTO_INCREMENT=225 DEFAULT CHARSET=utf8mb4 COLLATE=utf8mb4_unicode_ci;

-- Dumping data for table project.yellowpages_posts: ~0 rows (approximately)
/*!40000 ALTER TABLE `yellowpages_posts` DISABLE KEYS */;
/*!40000 ALTER TABLE `yellowpages_posts` ENABLE KEYS */;

/*!40101 SET SQL_MODE=IFNULL(@OLD_SQL_MODE, '') */;
/*!40014 SET FOREIGN_KEY_CHECKS=IF(@OLD_FOREIGN_KEY_CHECKS IS NULL, 1, @OLD_FOREIGN_KEY_CHECKS) */;
/*!40101 SET CHARACTER_SET_CLIENT=@OLD_CHARACTER_SET_CLIENT */;
